key,invoice_id,account_id,account_name,contact_email,region,industry,status,invoice_date,churned,csat_score,amount,duplicate,mrr
494e562d313032373436,INV-102746,ACC-7599,Wayne Co,billing@wayne.com,LATAM,Education,paid,2026-05-20,0,4.0,4900.0,False,408.3333333333333
494e562d313031333535,INV-101355,ACC-8014,Oscorp Holdings,,,Retail,refunded,2024-02-13,0,4.0,-4900.0,False,0.0
494e562d313034393530,INV-104950,ACC-8471,Prestige Co,billing@prestige.com,,Energy,paid,2022-02-03,0,,12250.0,False,1020.8333333333334
494e562d313033323634,INV-103264,ACC-3565,Cyberdyne Group,billing@cyberdyne.com,,Manufacturing,paid,2025-11-22,1,5.0,-236474.0,False,1037.1666666666667
494e562d313030383633,INV-100863,ACC-4859,Nakatomi Corp,billing@nakatomi.com,,Education,paid,2024-04-30,1,5.0,245.0,False,245.0
494e562d313032353737,INV-102577,ACC-7705,Massive Dynamic Corp,billing@massive.com,EMEA,Energy,paid,2023-09-04,0,5.0,-58310.0,False,347.0833333333333
494e562d313033343936,INV-103496,ACC-2159,Vandelay Ltd,billing@vandelay.com,EMEA,Logistics,paid,2023-01-03,0,4.0,1225.0,False,1225.0
494e562d313030313930,INV-100190,ACC-4351,Wonka Group,billing@wonka.com,,Gaming,paid,2025-02-25,0,5.0,52920.0,False,4410.0
494e562d313033313133,INV-103113,ACC-2800,Wayne Labs,billing@wayne.com,EMEA,Travel,paid,2026-04-13,0,5.0,299000.0,False,24916.666666666668
494e562d313034353234,INV-104524,ACC-9876,Prestige LLC,billing@prestige.com,LATAM,Retail,paid,2026-12-16,0,4.0,12573.0,False,1047.75
494e562d313032373336,INV-102736,ACC-4843,Pied Piper Ltd,billing@pied.com,EMEA,Education,paid,2024-04-16,0,3.0,-40095.0,False,371.25
494e562d313031313235,INV-101125,ACC-2253,Umbrella Corp,billing@umbrella.com,APAC,Gaming,paid,2023-07-21,0,4.0,-7448.0,False,32.666666666666664
494e562d313030313533,INV-100153,ACC-5331,Wonka LLC,billing@wonka.com,APAC,Travel,paid,2025-07-18,1,5.0,4900.0,False,408.3333333333333
494e562d313031393833,INV-101983,ACC-1525,Dunder Holdings,billing@dunder.com,EMEA,Fintech,paid,2024-12-06,0,2.0,-320080.005,False,2333.625
494e562d313032333337,INV-102337,ACC-9595,Massive Dynamic Inc,billing@massive.com,LATAM,Retail,paid,2023-09-18,1,3.0,24750.0,False,2062.5
494e562d313033363931,INV-103691,ACC-7501,Acme Partners,billing@acme.com,,Logistics,paid,2023-06-04,0,,13230.0,False,1102.5
494e562d313030313531,INV-100151,ACC-8583,Cyberdyne Co,billing@cyberdyne.com,,Retail,paid,2024-04-13,0,4.0,4165.0,False,4165.0
494e562d313034383235,INV-104825,ACC-6727,Stark Industries,billing@stark.com,LATAM,Travel,paid,2026-03-05,0,4.0,2450.0,False,204.16666666666666
494e562d313033353531,INV-103551,ACC-6676,Umbrella Group,billing@umbrella.com,,Retail,paid,2023-02-03,0,4.0,-13252636.8,False,53820.0
494e562d313033383330,INV-103830,ACC-7385,Gekko Holdings,billing@gekko.com,,Travel,paid,2025-12-05,0,4.0,571.5360000000001,False,529.2
494e562d313031363631,INV-101661,ACC-6530,Gekko Industries,billing@gekko.com,EMEA,Retail,paid,2022-09-27,1,5.0,5715.360000000001,False,441.0
494e562d313031313832,INV-101182,ACC-6578,Gekko Holdings,billing@gekko.com,APAC,Energy,paid,2022-10-04,0,5.0,12250.0,False,12250.0
494e562d313033333232,INV-103322,ACC-4440,Globex Partners,billing@globex.com,,Manufacturing,paid,2024-04-23,0,3.0,4900.0,False,408.3333333333333
494e562d313033373136,INV-103716,ACC-7052,Gekko Partners,billing@gekko.com,LATAM,Manufacturing,paid,2021-07-05,0,,15557.5,False,15557.5
494e562d313032363836,INV-102686,ACC-4597,Vandelay Group,billing@vandelay.com,,Manufacturing,paid,2024-05-28,0,5.0,534.6,False,534.6
494e562d313031303938,INV-101098,ACC-4976,Gekko Labs,billing@gekko.com,APAC,Media,paid,2026-10-24,0,4.0,49.0,False,49.0
494e562d313033313936,INV-103196,ACC-3093,Nakatomi LLC,billing@nakatomi.com,,Media,paid,2025-08-24,1,5.0,9900.0,False,9900.0
494e562d313034383533,INV-104853,ACC-2772,Soylent Co,billing@soylent.com,LATAM,Travel,paid,2023-12-20,1,3.0,7112.889,False,5600.7
494e562d313032343433,INV-102443,ACC-6106,Stark Partners,billing@stark.com,APAC,Logistics,paid,2024-02-21,0,4.0,622.3,False,622.3
494e562d313031343036,INV-101406,ACC-4452,Dunder Partners,billing@dunder.com,LATAM,Energy,paid,2022-10-13,1,4.0,2227.5,False,2227.5
494e562d313034323030,INV-104200,ACC-6129,Vandelay Industries,billing@vandelay.com,EMEA,Retail,paid,2022-09-28,1,3.0,1495.0,False,1495.0
494e562d313032393534,INV-102954,ACC-4234,Massive Dynamic Industries,billing@massive.com,,Retail,paid,2024-12-10,1,5.0,-145775.0,False,867.7083333333334
494e562d313031353339,INV-101539,ACC-3610,Initech Partners,billing@initech.com,EMEA,Logistics,paid,2026-03-22,0,2.0,24750.0,False,24750.0
494e562d313032303739,INV-102079,ACC-5084,Vandelay LLC,billing@vandelay.com,LATAM,Logistics,paid,2025-08-23,0,5.0,159.0,False,159.0
494e562d313031383130,INV-101810,ACC-4950,Oscorp Ltd,,EMEA,Travel,paid,2024-02-05,0,2.0,990.0,False,990.0
494e562d313030393630,INV-100960,ACC-2707,Oscorp Industries,billing@oscorp.com,LATAM,Logistics,refunded,2025-06-16,0,4.0,-571.5360000000001,False,0.0
494e562d313031343933,INV-101493,ACC-7958,Pied Piper Holdings,billing@pied.com,EMEA,Energy,paid,2023-05-17,0,4.0,529.0,False,529.0
494e562d313031333637,INV-101367,ACC-5940,Prestige Partners,billing@prestige.com,EMEA,Manufacturing,paid,2023-12-16,1,4.0,29900.0,True,2491.6666666666665
494e562d313032333937,INV-102397,ACC-2751,Aperture Partners,billing@aperture.com,LATAM,Gaming,refunded,2026-07-08,1,4.0,-10692.0,False,0.0
494e562d313030313538,INV-100158,ACC-4365,Acme Labs,billing@acme.com,EMEA,Education,paid,2025-03-11,0,5.0,49500.0,False,4125.0
494e562d313034363231,INV-104621,ACC-7054,Initech Co,billing@initech.com,APAC,Media,paid,2024-07-11,0,1.0,2673.0,False,2673.0
494e562d313034303639,INV-104069,ACC-7716,Dunder Ltd,billing@dunder.com,,Retail,refunded,2024-03-30,1,4.0,-79032.1,False,0.0
494e562d313034303234,INV-104024,ACC-6434,Wayne Corp,billing@wayne.com,EMEA,Media,paid,2022-08-22,0,5.0,-178200.0,False,618.75
494e562d313033363135,INV-103615,ACC-1962,Prestige Co,billing@prestige.com,APAC,Energy,paid,2025-11-14,0,3.0,-17493.0,False,104.125
494e562d313033303939,INV-103099,ACC-8925,Tyrell Inc,billing@tyrell.com,,Media,paid,2023-02-10,0,5.0,4900.0,False,408.3333333333333
494e562d313032303331,INV-102031,ACC-9959,Acme LLC,billing@acme.com,APAC,Healthcare,paid,2022-10-06,0,4.0,124.95,False,124.95
494e562d313034383939,INV-104899,ACC-6611,Prestige Labs,billing@prestige.com,,Logistics,paid,2025-12-05,0,3.0,3487.536,False,3229.2
494e562d313030313231,INV-100121,ACC-8803,Massive Dynamic Group,billing@massive.com,EMEA,Travel,paid,2022-06-08,1,2.0,47.0,False,47.0
494e562d313034383832,INV-104882,ACC-2160,Stark Co,,LATAM,Education,paid,2025-01-13,1,,-2650527.36,False,10764.0
494e562d313032353937,INV-102597,ACC-6051,Initech Ltd,billing@initech.com,,Manufacturing,refunded,2024-12-07,0,4.0,-9900.0,False,0.0
494e562d313034323038,INV-104208,ACC-3433,Nakatomi Labs,billing@nakatomi.com,LATAM,Retail,paid,2024-12-28,0,4.0,8019.0,False,8019.0
494e562d313033323536,INV-103256,ACC-1455,Wonka Inc,billing@wonka.com,LATAM,Manufacturing,paid,2025-12-17,0,1.0,49000.0,False,4083.3333333333335
494e562d313034333034,INV-104304,ACC-2865,Oscorp Co,billing@oscorp.com,,Retail,paid,2024-12-19,1,5.0,299000.0,False,24916.666666666668
494e562d313032383330,INV-102830,ACC-9602,Acme Holdings,billing@acme.com,EMEA,,paid,2023-08-04,0,5.0,-8019.0,False,74.25
494e562d313034363939,INV-104699,ACC-1159,Cyberdyne Corp,billing@cyberdyne.com,,Manufacturing,paid,2023-06-03,0,3.0,4900.0,False,408.3333333333333
494e562d313033343237,INV-103427,ACC-9295,Aperture Labs,billing@aperture.com,APAC,,paid,2025-02-18,0,4.0,807.3,False,807.3
494e562d313030353435,INV-100545,ACC-9629,Cyberdyne Industries,,APAC,Media,paid,2024-09-11,0,4.0,122500.0,False,10208.333333333334
494e562d313032383038,INV-102808,ACC-9938,Aperture Group,billing@aperture.com,EMEA,Fintech,paid,2025-04-28,0,4.0,9900.0,False,825.0
494e562d313030383132,INV-100812,ACC-1549,Oscorp Partners,billing@oscorp.com,EMEA,Logistics,paid,2023-03-09,0,5.0,299000.0,False,24916.666666666668
494e562d313031323030,INV-101200,ACC-2228,Globex LLC,billing@globex.com,APAC,Travel,paid,2023-04-10,0,5.0,1470.0,False,122.5
494e562d313033383530,INV-103850,ACC-8960,Soylent Partners,billing@soylent.com,APAC,Retail,paid,2023-04-13,0,4.0,49.0,False,49.0
494e562d313031373432,INV-101742,ACC-9237,Soylent Partners,billing@soylent.com,APAC,Gaming,paid,2022-07-10,0,,4900.0,False,408.3333333333333
494e562d313030303731,INV-100071,ACC-3587,Acme Ltd,billing@acme.com,EMEA,Retail,paid,2023-10-20,0,1.0,4900.0,True,4900.0
494e562d313034313636,INV-104166,ACC-6992,Tyrell Holdings,billing@tyrell.com,,Fintech,paid,2025-02-04,0,4.0,-3558100.0,False,21179.166666666668
494e562d313034393736,INV-104976,ACC-4370,Gekko Partners,billing@gekko.com,EMEA,,paid,2022-07-11,0,3.0,5292.0,False,441.0
494e562d313034353936,INV-104596,ACC-4755,Umbrella Industries,billing@umbrella.com,APAC,Fintech,paid,2022-08-13,0,5.0,245.0,False,245.0
494e562d313031393532,INV-101952,ACC-9028,Umbrella Group,billing@umbrella.com,APAC,Fintech,paid,2023-02-22,0,4.0,-186200.0,False,816.6666666666666
494e562d313030303637,INV-100067,ACC-6511,Wayne Partners,billing@wayne.com,EMEA,Retail,paid,2024-12-21,0,1.0,247500.0,False,20625.0
494e562d313032373332,INV-102732,ACC-4798,Massive Dynamic Corp,billing@massive.com,EMEA,Travel,paid,2023-08-05,0,1.0,1495.0,False,1495.0
494e562d313034363334,INV-104634,ACC-6683,Aperture Co,billing@aperture.com,LATAM,Media,paid,2023-06-18,1,4.0,5606.25,False,5606.25
494e562d313030323736,INV-100276,ACC-4483,Dunder LLC,billing@dunder.com,APAC,Media,paid,2022-09-27,0,2.0,2450.0,False,204.16666666666666
494e562d313033363033,INV-103603,ACC-9360,Hooli Co,billing@hooli.com,APAC,Logistics,paid,2023-11-16,0,1.0,416.5,False,416.5
494e562d313034393331,INV-104931,ACC-9320,Wayne Industries,billing@wayne.com,EMEA,Retail,paid,2026-01-13,0,,5292.0,False,5292.0
494e562d313030363931,INV-100691,ACC-6065,Soylent LLC,billing@soylent.com,,Energy,paid,2023-11-06,0,4.0,490.0,False,490.0
494e562d313031303638,INV-101068,ACC-8965,Soylent Holdings,billing@soylent.com,,,paid,2024-03-24,1,2.0,6223.0,False,518.5833333333334
494e562d313034393436,INV-104946,ACC-2448,Massive Dynamic Group,billing@massive.com,,Education,paid,2025-01-10,0,4.0,4900.0,False,408.3333333333333
494e562d313031373337,INV-101737,ACC-8176,Massive Dynamic Holdings,billing@massive.com,EMEA,,refunded,2021-04-02,0,5.0,-4900.0,False,0.0
494e562d313033333433,INV-103343,ACC-5513,Stark Group,billing@stark.com,,Retail,paid,2022-04-08,0,2.0,49500.0,False,4125.0
494e562d313030333039,INV-100309,ACC-3057,Soylent Group,billing@soylent.com,LATAM,Manufacturing,paid,2022-10-17,0,5.0,12250.0,False,12250.0
494e562d313033383533,INV-103853,ACC-9475,Nakatomi Holdings,billing@nakatomi.com,,Logistics,paid,2025-01-13,1,5.0,149500.0,False,12458.333333333334
494e562d313031353538,INV-101558,ACC-8217,Wayne Inc,billing@wayne.com,APAC,Education,paid,2023-07-22,1,5.0,53460.0,False,4455.0
494e562d313033353839,INV-103589,ACC-8060,Oscorp Inc,billing@oscorp.com,EMEA,Energy,paid,2024-10-24,0,3.0,12250.0,False,12250.0
494e562d313032303131,INV-102011,ACC-8353,Aperture Labs,billing@aperture.com,,Fintech,paid,2026-06-17,0,1.0,-11907.0,True,110.25
494e562d313030373234,INV-100724,ACC-2022,Hooli Inc,billing@hooli.com,EMEA,Gaming,paid,2024-09-02,0,3.0,2450.0,False,204.16666666666666
494e562d313031333436,INV-101346,ACC-2233,Stark Industries,billing@stark.com,,Retail,refunded,2025-11-21,0,3.0,-12573.0,False,0.0
494e562d313030363039,INV-100609,ACC-2787,Stark Corp,billing@stark.com,LATAM,Retail,paid,2025-04-06,0,5.0,490.0,False,40.833333333333336
494e562d313033333134,INV-103314,ACC-1839,Acme Labs,billing@acme.com,EMEA,Fintech,paid,2023-06-25,0,2.0,122500.0,False,10208.333333333334
494e562d313031363535,INV-101655,ACC-1341,Wayne Group,,LATAM,Manufacturing,paid,2024-06-08,0,4.0,399192.75,False,26193.75
494e562d313032313632,INV-102162,ACC-6808,Pied Piper Industries,billing@pied.com,,Energy,paid,2022-02-07,0,2.0,196.0,False,196.0
494e562d313031393535,INV-101955,ACC-3340,Aperture Inc,billing@aperture.com,EMEA,Gaming,paid,2025-01-23,0,,12250.0,False,12250.0
494e562d313030333438,INV-100348,ACC-4593,Dunder Partners,billing@dunder.com,EMEA,Media,paid,2024-05-01,1,4.0,3991.9275000000002,False,3143.25
494e562d313030323030,INV-100200,ACC-4361,Dunder Corp,billing@dunder.com,APAC,Retail,paid,2024-03-06,0,2.0,4207.5,False,4207.5
494e562d313033363531,INV-103651,ACC-9977,Stark Labs,billing@stark.com,LATAM,Travel,refunded,2022-07-03,0,,-49.0,False,0.0
494e562d313033333032,INV-103302,ACC-8066,Initech Partners,billing@initech.com,,Education,paid,2023-09-16,1,3.0,4900.0,False,408.3333333333333
494e562d313034393930,INV-104990,ACC-9714,Acme Co,billing@acme.com,LATAM,Energy,refunded,2022-02-15,1,5.0,-495.0,False,0.0
494e562d313032323430,INV-102240,ACC-3990,Aperture Group,billing@aperture.com,,Energy,refunded,2024-09-26,0,3.0,-14288.400000000001,False,0.0
494e562d313032373239,INV-102729,ACC-8244,Hooli Co,billing@hooli.com,APAC,,refunded,2026-01-18,0,1.0,-2990.0,False,0.0
494e562d313030353433,INV-100543,ACC-3020,Dunder Partners,billing@dunder.com,EMEA,Healthcare,paid,2025-07-08,0,4.0,18986.5,False,18986.5
494e562d313034383233,INV-104823,ACC-1505,Aperture Industries,billing@aperture.com,APAC,Media,paid,2026-12-13,1,3.0,-490838.39999999997,False,2152.7999999999997
494e562d313030323636,INV-100266,ACC-8295,Hooli Corp,billing@hooli.com,APAC,Retail,paid,2021-05-02,0,4.0,2990.0,False,249.16666666666666
494e562d313030323838,INV-100288,ACC-5939,Gekko Inc,billing@gekko.com,LATAM,Education,paid,2026-07-28,0,5.0,297.0,False,297.0
494e562d313030373733,INV-100773,ACC-5969,Umbrella Ltd,billing@umbrella.com,EMEA,Healthcare,refunded,2024-10-04,0,4.0,-990.0,False,0.0
494e562d313033343131,INV-103411,ACC-9589,Acme LLC,billing@acme.com,EMEA,Retail,paid,2022-07-23,1,5.0,29900.0,False,2491.6666666666665
494e562d313032383134,INV-102814,ACC-1504,Hooli Holdings,billing@hooli.com,APAC,Manufacturing,paid,2024-08-02,0,,49000.0,False,4083.3333333333335
494e562d313031363935,INV-101695,ACC-6960,Soylent Co,billing@soylent.com,APAC,Travel,paid,2025-05-11,0,4.0,29900.0,False,2491.6666666666665
494e562d313033353437,INV-103547,ACC-1885,Wayne Group,billing@wayne.com,APAC,Energy,paid,2022-09-20,0,4.0,1225.0,False,1225.0
494e562d313033313636,INV-103166,ACC-2993,Gekko Group,billing@gekko.com,,Manufacturing,paid,2025-02-02,1,4.0,49.0,False,49.0
494e562d313030333338,INV-100338,ACC-3134,Acme Ltd,billing@acme.com,EMEA,Manufacturing,paid,2021-12-17,0,5.0,12250.0,False,1020.8333333333334
494e562d313031373537,INV-101757,ACC-5104,Wonka Corp,billing@wonka.com,,,paid,2025-06-20,0,5.0,62865.0,False,5238.75
494e562d313034333538,INV-104358,ACC-2687,Stark Group,billing@stark.com,EMEA,Travel,paid,2022-04-28,0,5.0,1131.57,False,1131.57
494e562d313033363634,INV-103664,ACC-1312,Dunder Co,billing@dunder.com,,Media,paid,2026-08-15,0,4.0,3111.5,False,3111.5
494e562d313033383239,INV-103829,ACC-9894,Wayne Labs,billing@wayne.com,,Logistics,paid,2024-01-05,0,3.0,99.0,False,99.0
494e562d313033333833,INV-103383,ACC-1734,Oscorp Industries,billing@oscorp.com,APAC,Manufacturing,paid,2025-04-05,1,5.0,299000.0,False,24916.666666666668
494e562d313030333439,INV-100349,ACC-1431,Soylent Labs,billing@soylent.com,LATAM,Fintech,paid,2021-07-31,0,2.0,2103.75,False,2103.75
494e562d313032353633,INV-102563,ACC-7053,Globex Labs,billing@globex.com,APAC,Fintech,paid,2025-02-09,0,1.0,89.1,False,89.1
494e562d313033353334,INV-103534,ACC-8173,Aperture Corp,billing@aperture.com,APAC,Media,paid,2022-12-18,0,3.0,-200475.0,False,1856.25
494e562d313031383635,INV-101865,ACC-3590,Hooli Industries,billing@hooli.com,EMEA,Media,paid,2023-04-23,0,3.0,4900.0,False,4900.0
494e562d313033323434,INV-103244,ACC-9346,Dunder Labs,billing@dunder.com,,Education,paid,2025-01-03,0,4.0,99000.0,False,8250.0
494e562d313033303231,INV-103021,ACC-8661,Nakatomi Labs,billing@nakatomi.com,APAC,Gaming,paid,2025-09-16,0,5.0,99.0,False,99.0
494e562d313034303430,INV-104040,ACC-2985,Initech Labs,billing@initech.com,EMEA,Education,paid,2022-11-05,0,3.0,-88200.0,True,306.25
494e562d313032353735,INV-102575,ACC-2406,Acme Group,billing@acme.com,LATAM,Manufacturing,paid,2025-05-18,0,3.0,-24057.0,False,222.75
494e562d313030303335,INV-100035,ACC-7951,Massive Dynamic Holdings,,LATAM,,paid,2025-01-19,0,4.0,1154.736,False,1069.2
494e562d313031393930,INV-101990,ACC-1902,Hooli Corp,billing@hooli.com,,Healthcare,paid,2024-01-19,0,4.0,245.0,False,245.0
494e562d313030313735,INV-100175,ACC-3583,Initech Group,billing@initech.com,LATAM,,paid,2023-01-27,0,5.0,1102.5,False,1102.5
494e562d313030303438,INV-100048,ACC-9095,Initech Corp,billing@initech.com,,Retail,paid,2024-03-13,1,5.0,49000.0,False,4083.3333333333335
494e562d313032353239,INV-102529,ACC-1541,Aperture Industries,billing@aperture.com,,Education,paid,2026-07-03,0,,15557.5,False,1296.4583333333333
494e562d313032333636,INV-102366,ACC-3007,Umbrella Labs,billing@umbrella.com,LATAM,Healthcare,refunded,2023-10-28,0,4.0,-80730.0,False,0.0
494e562d313034383538,INV-104858,ACC-3852,Tyrell Group,billing@tyrell.com,APAC,Gaming,paid,2023-06-22,1,3.0,12250.0,False,1020.8333333333334
494e562d313030333131,INV-100311,ACC-9051,Dunder Industries,billing@dunder.com,APAC,Logistics,paid,2023-10-20,1,5.0,24500.0,False,2041.6666666666667
494e562d313031373635,INV-101765,ACC-4660,Tyrell Partners,billing@tyrell.com,APAC,Education,paid,2022-08-17,0,5.0,264.6,False,264.6
494e562d313030343930,INV-100490,ACC-1629,Cyberdyne Industries,billing@cyberdyne.com,LATAM,Travel,paid,2024-01-28,0,1.0,441.0,False,441.0
494e562d313032363835,INV-102685,ACC-5773,Soylent Co,billing@soylent.com,LATAM,Travel,paid,2022-04-14,1,5.0,118.0,False,118.0
494e562d313031353833,INV-101583,ACC-7607,Gekko Industries,billing@gekko.com,APAC,Media,paid,2022-05-07,0,1.0,149500.0,False,12458.333333333334
494e562d313031343130,INV-101410,ACC-8033,Pied Piper Industries,billing@pied.com,LATAM,Travel,refunded,2025-09-02,0,5.0,-855.36,False,0.0
494e562d313034303138,INV-104018,ACC-7222,Wayne Corp,billing@wayne.com,EMEA,Education,paid,2022-05-27,1,3.0,239.2,False,239.2
494e562d313031363036,INV-101606,ACC-8872,Dunder Industries,billing@dunder.com,APAC,Education,paid,2023-08-06,0,5.0,1714.608,False,132.29999999999998
494e562d313034373637,INV-104767,ACC-7941,Aperture Co,billing@aperture.com,,Manufacturing,paid,2024-09-06,0,,208.25,False,208.25
494e562d313030343732,INV-100472,ACC-7911,Wonka Industries,billing@wonka.com,EMEA,Retail,paid,2025-07-07,0,4.0,3229.2,False,269.09999999999997
494e562d313033333536,INV-103356,ACC-2203,Globex Labs,billing@globex.com,,,paid,2025-09-13,1,3.0,-8820.0,False,30.625
494e562d313031333130,INV-101310,ACC-2458,Dunder Co,billing@dunder.com,LATAM,,paid,2024-05-28,0,5.0,39919.275,False,2619.375
494e562d313031343631,INV-101461,ACC-7806,Globex Labs,billing@globex.com,EMEA,Healthcare,paid,2023-05-21,0,5.0,220.0,False,220.0
494e562d313033343638,INV-103468,ACC-3421,Massive Dynamic LLC,billing@massive.com,LATAM,Education,paid,2024-08-26,0,1.0,12250.0,False,12250.0
494e562d313031373632,INV-101762,ACC-1990,Globex Group,billing@globex.com,LATAM,Gaming,paid,2025-01-11,0,2.0,897.0,False,897.0
494e562d313032383932,INV-102892,ACC-1989,Cyberdyne Industries,billing@cyberdyne.com,EMEA,Manufacturing,paid,2024-04-07,1,5.0,4978.4,False,4978.4
494e562d313031373730,INV-101770,ACC-1322,Vandelay Inc,billing@vandelay.com,EMEA,,paid,2023-05-26,0,5.0,1470.0,False,122.5
494e562d313030313430,INV-100140,ACC-9260,Gekko Partners,billing@gekko.com,APAC,Gaming,paid,2023-07-12,0,3.0,47.63,False,47.63
494e562d313032363936,INV-102696,ACC-5634,Gekko Co,billing@gekko.com,,Manufacturing,paid,2026-03-14,0,5.0,3229.2,False,3229.2
494e562d313031333335,INV-101335,ACC-4419,Pied Piper Industries,billing@pied.com,,Gaming,paid,2021-08-03,0,1.0,1069.2,False,1069.2
494e562d313033313735,INV-103175,ACC-9603,Nakatomi Holdings,billing@nakatomi.com,,Education,paid,2023-07-28,0,,11547.36,False,891.0
494e562d313033303836,INV-103086,ACC-2049,Dunder Corp,billing@dunder.com,LATAM,Manufacturing,paid,2026-12-22,0,4.0,3229.2,False,3229.2
494e562d313032363135,INV-102615,ACC-8940,Prestige Ltd,billing@prestige.com,LATAM,Education,paid,2025-04-28,0,4.0,269.1,False,269.1
494e562d313033363034,INV-103604,ACC-9249,Hooli Inc,billing@hooli.com,APAC,Manufacturing,paid,2023-09-30,1,3.0,2990.0,False,2990.0
494e562d313030343830,INV-100480,ACC-7247,Aperture Labs,billing@aperture.com,,Logistics,paid,2024-01-21,0,,2103.75,False,2103.75
494e562d313034363736,INV-104676,ACC-7910,Pied Piper Labs,billing@pied.com,,Manufacturing,paid,2021-07-17,0,,-372400.0,False,1633.3333333333333
494e562d313031383833,INV-101883,ACC-2583,Stark LLC,billing@stark.com,EMEA,Travel,paid,2024-05-08,0,5.0,490.0,False,40.833333333333336
494e562d313030363330,INV-100630,ACC-2113,Wonka Ltd,billing@wonka.com,APAC,Travel,paid,2022-01-31,0,5.0,2990.0,False,2990.0
494e562d313034393434,INV-104944,ACC-3740,Gekko Industries,billing@gekko.com,APAC,Healthcare,refunded,2023-06-20,0,2.0,-2475.0,False,0.0
494e562d313030323630,INV-100260,ACC-1067,Massive Dynamic Group,billing@massive.com,,Logistics,paid,2021-11-12,0,2.0,-75240.0,False,330.0
494e562d313031353537,INV-101557,ACC-2275,Gekko Group,billing@gekko.com,EMEA,Energy,paid,2025-04-02,0,3.0,1470.0,False,122.5
494e562d313031393331,INV-101931,ACC-2773,Vandelay Ltd,,APAC,Healthcare,paid,2023-02-22,0,1.0,-161460.0,False,560.625
494e562d313032313636,INV-102166,ACC-5764,Aperture Group,billing@aperture.com,EMEA,Travel,paid,2023-05-31,0,4.0,742.5,False,742.5
494e562d313033313436,INV-103146,ACC-2076,Wonka Partners,billing@wonka.com,APAC,Gaming,paid,2024-01-27,0,5.0,245.0,False,245.0
494e562d313034313338,INV-104138,ACC-7770,Dunder Industries,billing@dunder.com,EMEA,Travel,paid,2023-01-20,0,3.0,299000.0,False,24916.666666666668
494e562d313030323336,INV-100236,ACC-3738,Hooli LLC,billing@hooli.com,EMEA,Healthcare,paid,2024-09-11,0,5.0,9900.0,False,825.0
494e562d313032373330,INV-102730,ACC-6134,Pied Piper Co,,,Logistics,paid,2022-10-03,0,3.0,297.0,False,297.0
494e562d313031333234,INV-101324,ACC-2424,Tyrell Inc,billing@tyrell.com,LATAM,Gaming,paid,2026-05-27,0,,9900.0,False,825.0
494e562d313033353438,INV-103548,ACC-5175,Globex Group,billing@globex.com,LATAM,,paid,2025-02-07,0,4.0,-19845.0,False,183.75
494e562d313030373030,INV-100700,ACC-7887,Pied Piper Ltd,billing@pied.com,,,paid,2022-02-21,0,5.0,4900.0,False,408.3333333333333
494e562d313034373833,INV-104783,ACC-7762,Hooli Industries,billing@hooli.com,LATAM,Manufacturing,paid,2025-05-18,0,3.0,1975.8025,False,1555.75
494e562d313034383732,INV-104872,ACC-6343,Oscorp Holdings,billing@oscorp.com,APAC,Fintech,paid,2023-12-26,0,5.0,74750.0,False,6229.166666666667
494e562d313034313438,INV-104148,ACC-5569,Dunder Ltd,billing@dunder.com,APAC,Fintech,paid,2024-12-18,0,4.0,-145775.0,False,867.7083333333334
494e562d313034373031,INV-104701,ACC-9707,Prestige Group,billing@prestige.com,EMEA,Energy,paid,2023-05-24,0,4.0,4900.0,False,408.3333333333333
494e562d313031333830,INV-101380,ACC-2243,Oscorp Group,billing@oscorp.com,,Retail,refunded,2024-05-13,0,4.0,-5040.63,False,0.0
494e562d313034313634,INV-104164,ACC-1077,Massive Dynamic Inc,billing@massive.com,LATAM,Manufacturing,refunded,2025-03-05,1,3.0,-99000.0,False,0.0
494e562d313034373538,INV-104758,ACC-9155,Cyberdyne Inc,billing@cyberdyne.com,,Retail,paid,2023-12-13,0,5.0,62230.0,False,5185.833333333333
494e562d313034363131,INV-104611,ACC-5398,Soylent LLC,billing@soylent.com,LATAM,Gaming,paid,2026-06-04,0,2.0,297.0,False,297.0
494e562d313031383136,INV-101816,ACC-8602,Wayne Ltd,billing@wayne.com,EMEA,Logistics,paid,2025-10-26,0,5.0,1470.0,False,122.5
494e562d313034313737,INV-104177,ACC-9003,Nakatomi Labs,billing@nakatomi.com,APAC,Healthcare,paid,2023-12-01,1,4.0,2990.0,False,2990.0
494e562d313034393537,INV-104957,ACC-9508,Wonka Inc,billing@wonka.com,EMEA,Fintech,paid,2025-03-08,1,4.0,841.5,False,841.5
494e562d313034373630,INV-104760,ACC-1827,Nakatomi Inc,billing@nakatomi.com,,Gaming,paid,2026-01-03,0,1.0,80730.0,False,6727.5
494e562d313030383037,INV-100807,ACC-5638,Oscorp Holdings,billing@oscorp.com,LATAM,Gaming,paid,2022-12-10,0,3.0,855.0,False,855.0
494e562d313034303135,INV-104015,ACC-5138,Dunder LLC,billing@dunder.com,APAC,Travel,paid,2025-09-05,0,5.0,4165.0,False,4165.0
494e562d313032393134,INV-102914,ACC-4803,Cyberdyne Co,billing@cyberdyne.com,LATAM,Gaming,paid,2024-08-02,0,2.0,74750.0,False,6229.166666666667
494e562d313033363436,INV-103646,ACC-9559,Globex Industries,billing@globex.com,,,paid,2025-03-05,0,3.0,-25981.56,False,240.57000000000002
494e562d313030363131,INV-100611,ACC-1416,Nakatomi Industries,billing@nakatomi.com,,Logistics,paid,2022-07-04,0,3.0,52.92,False,52.92
494e562d313033333335,INV-103335,ACC-7956,Aperture Labs,billing@aperture.com,,Gaming,paid,2025-04-17,0,3.0,990.0,False,82.5
494e562d313031323939,INV-101299,ACC-4485,Hooli Holdings,billing@hooli.com,,,paid,2023-02-21,0,5.0,-2272400.0,False,9966.666666666666
494e562d313030363232,INV-100622,ACC-5939,Hooli Co,billing@hooli.com,APAC,Fintech,paid,2025-12-23,1,4.0,4950.0,False,412.5
494e562d313032393039,INV-102909,ACC-7187,Aperture Partners,billing@aperture.com,LATAM,Gaming,paid,2025-01-12,0,,2646.0,False,220.5
494e562d313030353136,INV-100516,ACC-2036,Massive Dynamic Co,billing@massive.com,,Media,paid,2024-10-07,1,1.0,990.0,False,990.0
494e562d313032373931,INV-102791,ACC-8006,Acme Industries,billing@acme.com,EMEA,Logistics,paid,2023-08-27,0,4.0,2673.0,False,2673.0
494e562d313030313438,INV-100148,ACC-2738,Tyrell Ltd,billing@tyrell.com,APAC,Fintech,paid,2022-07-03,1,3.0,485.8056,False,449.82
494e562d313033373637,INV-103767,ACC-9768,Vandelay Inc,billing@vandelay.com,LATAM,Media,paid,2022-04-23,0,3.0,9900.0,False,825.0
494e562d313031353938,INV-101598,ACC-7280,Globex Partners,billing@globex.com,LATAM,Retail,paid,2022-11-28,0,5.0,495.0,False,495.0
494e562d313031393238,INV-101928,ACC-2864,Nakatomi Corp,billing@nakatomi.com,,Healthcare,paid,2025-07-26,0,5.0,4900.0,False,408.3333333333333
494e562d313032323433,INV-102243,ACC-3060,Globex LLC,billing@globex.com,APAC,Healthcare,paid,2021-11-23,0,,3207.6,False,267.3
494e562d313034303534,INV-104054,ACC-7207,Wayne Co,billing@wayne.com,,Retail,paid,2025-03-26,0,3.0,9900.0,False,825.0
494e562d313033333838,INV-103388,ACC-8534,Umbrella Labs,billing@umbrella.com,EMEA,Logistics,paid,2021-10-25,0,1.0,-396900.0,False,3675.0
494e562d313034303033,INV-104003,ACC-4629,Oscorp Inc,billing@oscorp.com,,Manufacturing,paid,2025-06-15,0,4.0,2970.0,False,247.5
494e562d313031373734,INV-101774,ACC-8639,Tyrell LLC,billing@tyrell.com,EMEA,,paid,2023-08-22,1,4.0,28576.800000000003,False,2205.0
494e562d313030393236,INV-100926,ACC-9342,Wonka Partners,billing@wonka.com,LATAM,Gaming,refunded,2021-06-06,0,5.0,-24500.0,False,0.0
494e562d313030393532,INV-100952,ACC-9844,Oscorp Partners,billing@oscorp.com,,Media,paid,2022-12-29,0,5.0,-441000.0,False,1531.25
494e562d313032353138,INV-102518,ACC-2291,Vandelay Ltd,billing@vandelay.com,LATAM,Healthcare,paid,2022-12-03,1,4.0,49.0,False,49.0
494e562d313030373631,INV-100761,ACC-7776,Oscorp Ltd,billing@oscorp.com,EMEA,Energy,paid,2025-04-12,0,5.0,-372400.0,False,1633.3333333333333
494e562d313033353637,INV-103567,ACC-4713,Stark Holdings,billing@stark.com,APAC,Retail,refunded,2024-10-05,0,4.0,-2990.0,False,0.0
494e562d313032393333,INV-102933,ACC-7987,Acme Co,billing@acme.com,LATAM,Travel,paid,2023-01-30,0,4.0,2272.05,False,2272.05
494e562d313032333335,INV-102335,ACC-3374,Tyrell Holdings,billing@tyrell.com,LATAM,Logistics,paid,2024-06-22,0,5.0,990.0,False,990.0
494e562d313032343733,INV-102473,ACC-3734,Wayne Group,billing@wayne.com,LATAM,Media,paid,2025-07-09,0,5.0,8073.0,False,8073.0
494e562d313031323737,INV-101277,ACC-3847,Initech LLC,billing@initech.com,,Gaming,paid,2023-10-20,0,4.0,49000.0,False,4083.3333333333335
494e562d313034393235,INV-104925,ACC-4814,Vandelay Inc,billing@vandelay.com,EMEA,Healthcare,paid,2023-04-15,0,4.0,299000.0,False,24916.666666666668
494e562d313033353432,INV-103542,ACC-9418,Hooli Partners,,,,paid,2024-12-07,0,4.0,2990.0,False,249.16666666666666
494e562d313033393931,INV-103991,ACC-9893,Prestige Ltd,billing@prestige.com,APAC,Retail,paid,2025-03-18,0,,-11362000.0,False,49833.333333333336
494e562d313032323536,INV-102256,ACC-7041,Cyberdyne Group,billing@cyberdyne.com,LATAM,Retail,paid,2021-05-17,0,,4950.0,False,4950.0
494e562d313033303833,INV-103083,ACC-6563,Stark Holdings,billing@stark.com,EMEA,Healthcare,paid,2022-07-22,0,4.0,24500.0,False,2041.6666666666667
494e562d313031393932,INV-101992,ACC-8586,Vandelay Corp,billing@vandelay.com,LATAM,Education,paid,2024-08-15,0,4.0,3991.9275000000002,False,3143.25
494e562d313031303633,INV-101063,ACC-4312,Vandelay Inc,billing@vandelay.com,APAC,Healthcare,paid,2023-08-10,0,3.0,990.0,False,990.0
494e562d313031323434,INV-101244,ACC-2101,Acme Ltd,billing@acme.com,LATAM,Retail,paid,2025-07-15,0,5.0,99.0,True,99.0
494e562d313033353431,INV-103541,ACC-8433,Wonka Partners,billing@wonka.com,,Energy,paid,2023-08-22,0,2.0,299.0,False,299.0
494e562d313031323435,INV-101245,ACC-7992,Massive Dynamic Industries,billing@massive.com,EMEA,,paid,2025-05-07,0,5.0,49500.0,False,4125.0
494e562d313030323135,INV-100215,ACC-5105,Initech LLC,billing@initech.com,LATAM,Energy,paid,2025-05-21,0,1.0,15967.710000000001,False,12573.0
494e562d313034393036,INV-104906,ACC-2580,Aperture Partners,billing@aperture.com,LATAM,,paid,2025-04-21,0,,5715.360000000001,False,441.0
494e562d313031383434,INV-101844,ACC-7612,Pied Piper Industries,billing@pied.com,EMEA,Retail,refunded,2027-01-16,0,5.0,-106920.0,False,0.0
494e562d313031343738,INV-101478,ACC-1976,Aperture Industries,billing@aperture.com,EMEA,Education,paid,2024-05-10,1,,2646.0,False,220.5
494e562d313033313231,INV-103121,ACC-3761,Dunder Industries,billing@dunder.com,,,paid,2022-09-19,0,5.0,2475.0,False,2475.0
494e562d313031303536,INV-101056,ACC-4890,Tyrell Labs,billing@tyrell.com,LATAM,Travel,paid,2024-06-18,0,,790.3209999999999,False,51.85833333333333
494e562d313030303533,INV-100053,ACC-2680,Pied Piper Industries,billing@pied.com,,,paid,2023-09-16,0,,3207.6,False,267.3
494e562d313033303437,INV-103047,ACC-9746,Globex Co,billing@globex.com,APAC,,paid,2024-01-31,1,,9900.0,False,825.0
494e562d313033333737,INV-103377,ACC-9938,Massive Dynamic Holdings,,EMEA,,paid,2023-09-04,1,5.0,990.0,True,82.5
494e562d313031393635,INV-101965,ACC-2825,Initech Partners,billing@initech.com,LATAM,Energy,paid,2026-11-03,0,2.0,247500.0,False,20625.0
494e562d313034393034,INV-104904,ACC-6102,Tyrell Industries,,LATAM,Manufacturing,paid,2024-08-05,0,4.0,224.25,False,224.25
494e562d313031343137,INV-101417,ACC-4451,Acme Holdings,billing@acme.com,LATAM,Manufacturing,paid,2023-07-22,1,4.0,-35343.0,False,210.375
494e562d313034343735,INV-104475,ACC-9011,Gekko Inc,billing@gekko.com,EMEA,Healthcare,paid,2024-03-03,0,4.0,377.19,False,377.19
494e562d313031363638,INV-101668,ACC-2545,Aperture Corp,billing@aperture.com,LATAM,Retail,paid,2025-02-25,1,5.0,2990.0,False,2990.0
494e562d313034333033,INV-104303,ACC-8295,Vandelay Partners,billing@vandelay.com,,Media,paid,2022-01-02,1,4.0,5292.0,False,441.0
494e562d313034343231,INV-104421,ACC-5209,Umbrella Ltd,billing@umbrella.com,EMEA,Travel,paid,2025-11-05,0,1.0,-68012.78400000001,False,374.84999999999997
494e562d313030323737,INV-100277,ACC-3004,Pied Piper Inc,billing@pied.com,LATAM,Energy,paid,2026-01-02,0,5.0,-8019.0,False,74.25
494e562d313030303331,INV-100031,ACC-4993,Pied Piper Co,billing@pied.com,LATAM,Fintech,paid,2024-08-05,0,4.0,2646.0,False,2646.0
494e562d313033343430,INV-103440,ACC-6402,Initech Partners,billing@initech.com,EMEA,Fintech,paid,2027-03-25,0,2.0,-39690.0,False,367.5
494e562d313030343831,INV-100481,ACC-9669,Hooli Inc,billing@hooli.com,APAC,Healthcare,paid,2022-07-01,0,5.0,-314874.0,False,1874.25
494e562d313030383737,INV-100877,ACC-8962,Hooli Corp,billing@hooli.com,EMEA,Media,paid,2024-02-01,0,4.0,990.0,False,990.0
494e562d313031343430,INV-101440,ACC-8481,Tyrell LLC,billing@tyrell.com,LATAM,Energy,paid,2023-03-28,0,4.0,2450.0,False,204.16666666666666
494e562d313034333330,INV-104330,ACC-8328,Oscorp Partners,billing@oscorp.com,LATAM,Fintech,paid,2021-11-13,1,5.0,-47024.1884,True,220.39833333333334
494e562d313030393439,INV-100949,ACC-4001,Nakatomi Labs,billing@nakatomi.com,,Travel,paid,2023-12-09,0,2.0,807.3,False,807.3
494e562d313034393230,INV-104920,ACC-9087,Acme Group,billing@acme.com,LATAM,Media,paid,2022-12-20,0,2.0,196.0,False,196.0
494e562d313033383636,INV-103866,ACC-4570,Vandelay Labs,billing@vandelay.com,LATAM,,paid,2024-01-25,1,1.0,1470.0,False,122.5
494e562d313032303730,INV-102070,ACC-3276,Pied Piper Ltd,billing@pied.com,APAC,Gaming,paid,2022-01-13,0,2.0,-445500.0,False,1546.875
494e562d313031303232,INV-101022,ACC-2353,Hooli Labs,billing@hooli.com,EMEA,Fintech,refunded,2024-01-20,0,,-26156.52,False,0.0
494e562d313031313339,INV-101139,ACC-9929,Oscorp Inc,,EMEA,Healthcare,paid,2024-07-06,0,,2970.0,False,247.5
494e562d313030353437,INV-100547,ACC-8046,Vandelay Labs,billing@vandelay.com,,Fintech,paid,2021-10-18,1,1.0,2541.5,False,2541.5
494e562d313033313532,INV-103152,ACC-5355,Oscorp LLC,billing@oscorp.com,LATAM,Healthcare,paid,2024-12-26,1,5.0,2857.6800000000003,False,220.5
494e562d313030323333,INV-100233,ACC-8249,Gekko Labs,billing@gekko.com,LATAM,,paid,2026-02-04,0,4.0,28576.800000000003,False,2205.0
494e562d313030353939,INV-100599,ACC-6572,Massive Dynamic Ltd,billing@massive.com,,Logistics,paid,2024-01-09,0,5.0,11547.36,False,10692.0
494e562d313032323539,INV-102259,ACC-2215,Wayne Ltd,billing@wayne.com,EMEA,Logistics,paid,2024-10-25,0,,84.15,False,84.15
494e562d313031343432,INV-101442,ACC-3483,Stark Co,billing@stark.com,EMEA,Fintech,paid,2024-10-10,0,3.0,3207.6,False,267.3
494e562d313031383031,INV-101801,ACC-9003,Gekko Partners,billing@gekko.com,,Logistics,paid,2022-08-26,0,3.0,52.92,False,52.92
494e562d313034383230,INV-104820,ACC-6176,Initech LLC,billing@initech.com,APAC,Gaming,paid,2023-08-12,0,3.0,3229.2,False,3229.2
494e562d313034313539,INV-104159,ACC-7736,Oscorp Partners,billing@oscorp.com,APAC,,paid,2022-02-19,1,4.0,39.69,True,39.69
494e562d313032373934,INV-102794,ACC-9199,Wonka Corp,billing@wonka.com,EMEA,Energy,paid,2024-01-11,0,5.0,49000.0,False,4083.3333333333335
494e562d313031373039,INV-101709,ACC-8594,Gekko Ltd,billing@gekko.com,,Retail,paid,2026-10-05,1,5.0,24500.0,False,2041.6666666666667
494e562d313032303232,INV-102022,ACC-5322,Pied Piper Industries,billing@pied.com,EMEA,Retail,paid,2025-02-28,0,2.0,12250.0,False,12250.0
494e562d313030343335,INV-100435,ACC-7050,Tyrell Inc,billing@tyrell.com,LATAM,Manufacturing,paid,2024-06-14,1,2.0,490.0,False,490.0
494e562d313033343238,INV-103428,ACC-4491,Nakatomi Co,billing@nakatomi.com,APAC,Healthcare,paid,2022-09-06,0,5.0,1470.0,False,122.5
494e562d313033333931,INV-103391,ACC-1021,Dunder Ltd,billing@dunder.com,APAC,Energy,paid,2025-03-15,0,3.0,147.0,False,147.0
494e562d313032303839,INV-102089,ACC-5347,Globex Inc,billing@globex.com,,Energy,paid,2024-07-22,0,5.0,147.0,False,147.0
494e562d313034303432,INV-104042,ACC-1086,Gekko Labs,billing@gekko.com,APAC,Logistics,paid,2025-07-06,0,4.0,14950.0,False,14950.0
494e562d313030313439,INV-100149,ACC-7456,Massive Dynamic Partners,billing@massive.com,,Gaming,refunded,2023-12-20,0,3.0,-990.0,False,0.0
494e562d313030313337,INV-100137,ACC-1894,Aperture Corp,billing@aperture.com,LATAM,,paid,2025-07-29,0,,132300.0,False,11025.0
494e562d313033383839,INV-103889,ACC-6599,Acme Labs,billing@acme.com,LATAM,Retail,paid,2026-02-05,0,4.0,14288.400000000001,False,13230.0
494e562d313033323332,INV-103232,ACC-4579,Tyrell Corp,billing@tyrell.com,EMEA,Media,paid,2022-11-01,0,5.0,1470.0,False,122.5
494e562d313031383634,INV-101864,ACC-7230,Oscorp Ltd,billing@oscorp.com,EMEA,Travel,paid,2021-02-20,0,3.0,1960.0,False,1960.0
494e562d313031323834,INV-101284,ACC-4768,Tyrell Partners,,LATAM,Gaming,paid,2023-10-03,0,4.0,348.75360000000006,False,322.92
494e562d313031383332,INV-101832,ACC-1851,Pied Piper Inc,billing@pied.com,APAC,Logistics,paid,2022-06-29,0,5.0,1898.65,False,1898.65
494e562d313031333230,INV-101320,ACC-6418,Pied Piper Co,billing@pied.com,EMEA,Fintech,paid,2024-09-29,0,4.0,-2205000.0,True,7656.25
494e562d313032353536,INV-102556,ACC-5776,Oscorp Corp,billing@oscorp.com,,Healthcare,paid,2026-09-08,0,1.0,-2421900.0,False,22425.0
494e562d313034313137,INV-104117,ACC-9362,Globex LLC,billing@globex.com,EMEA,Energy,paid,2022-07-27,0,5.0,4900.0,False,408.3333333333333
494e562d313031363334,INV-101634,ACC-7685,Aperture LLC,billing@aperture.com,,Gaming,paid,2022-09-29,0,4.0,11391.9,False,949.3249999999999
494e562d313033323239,INV-103229,ACC-8545,Dunder Labs,billing@dunder.com,EMEA,Energy,paid,2025-11-01,0,1.0,990.0,False,990.0
494e562d313030343135,INV-100415,ACC-8518,Wayne Holdings,billing@wayne.com,LATAM,Education,paid,2024-07-04,0,5.0,49000.0,False,4083.3333333333335
494e562d313034353033,INV-104503,ACC-3528,Pied Piper Inc,billing@pied.com,,Manufacturing,paid,2023-02-09,1,5.0,155575.0,False,12964.583333333334
494e562d313032313736,INV-102176,ACC-1196,Pied Piper Partners,billing@pied.com,,Fintech,paid,2024-07-08,0,3.0,-7689528.0,False,71199.33333333333
494e562d313033373736,INV-103776,ACC-7769,Globex Co,billing@globex.com,LATAM,Energy,paid,2025-03-20,0,5.0,2990.0,False,2990.0
494e562d313031323835,INV-101285,ACC-9066,Stark Co,,EMEA,Education,paid,2024-11-05,1,4.0,4900.0,False,408.3333333333333
494e562d313034323035,INV-104205,ACC-1897,Tyrell Holdings,billing@tyrell.com,,Manufacturing,paid,2025-09-01,0,2.0,-192137.4,True,1143.675
494e562d313031363539,INV-101659,ACC-9733,Pied Piper Partners,billing@pied.com,APAC,Energy,paid,2027-01-06,0,4.0,297.0,False,297.0
494e562d313031353934,INV-101594,ACC-2040,Tyrell Inc,billing@tyrell.com,LATAM,Manufacturing,paid,2025-03-24,0,,-25203.149999999998,False,233.36249999999998
494e562d313030383537,INV-100857,ACC-1278,Prestige Labs,billing@prestige.com,LATAM,Retail,paid,2023-09-24,0,4.0,28868.4,True,2227.5
494e562d313033363334,INV-103634,ACC-9435,Tyrell Holdings,billing@tyrell.com,EMEA,Gaming,paid,2024-09-09,1,4.0,529.2,False,529.2
494e562d313033333938,INV-103398,ACC-5046,Aperture Industries,billing@aperture.com,APAC,Manufacturing,paid,2025-04-19,0,4.0,1277.4168,False,1005.84
494e562d313031323736,INV-101276,ACC-9456,Globex Co,billing@globex.com,,Retail,paid,2026-11-23,0,3.0,49500.0,False,4125.0
494e562d313033363837,INV-103687,ACC-7588,Aperture Labs,billing@aperture.com,LATAM,Media,paid,2023-08-10,1,,132.3,False,132.3
494e562d313032373535,INV-102755,ACC-6043,Cyberdyne Industries,billing@cyberdyne.com,,Travel,paid,2024-03-12,0,,1225.0,False,1225.0
494e562d313032363436,INV-102646,ACC-6870,Prestige Partners,billing@prestige.com,,Manufacturing,refunded,2024-09-24,0,4.0,-2475.0,False,0.0
494e562d313031383834,INV-101884,ACC-5931,Pied Piper Inc,billing@pied.com,LATAM,Healthcare,paid,2024-10-22,1,3.0,247500.0,False,20625.0
494e562d313031303138,INV-101018,ACC-8181,Globex LLC,billing@globex.com,,Logistics,paid,2024-11-04,0,2.0,99000.0,False,8250.0
494e562d313031343438,INV-101448,ACC-3564,Tyrell Industries,billing@tyrell.com,EMEA,Travel,paid,2023-12-31,1,3.0,12250.0,True,1020.8333333333334
494e562d313031373639,INV-101769,ACC-9519,Umbrella Ltd,billing@umbrella.com,,Energy,paid,2025-07-15,0,5.0,49000.0,False,4083.3333333333335
494e562d313030353033,INV-100503,ACC-4117,Cyberdyne Ltd,billing@cyberdyne.com,EMEA,Logistics,paid,2024-11-15,1,4.0,490.0,False,40.833333333333336
494e562d313032303837,INV-102087,ACC-3708,Oscorp Ltd,billing@oscorp.com,EMEA,Gaming,paid,2025-06-08,0,5.0,149.35,False,149.35
494e562d313031323635,INV-101265,ACC-8855,Acme Co,billing@acme.com,,Manufacturing,paid,2024-03-22,0,4.0,122500.0,False,10208.333333333334
494e562d313030333639,INV-100369,ACC-6268,Vandelay Co,billing@vandelay.com,LATAM,Logistics,paid,2027-01-22,0,2.0,8970.0,False,747.5
494e562d313031303930,INV-101090,ACC-2832,Acme Partners,,EMEA,Retail,refunded,2025-06-14,0,4.0,-14950.0,False,0.0
494e562d313033393032,INV-103902,ACC-3898,Vandelay Co,billing@vandelay.com,APAC,Education,paid,2024-08-14,0,5.0,8970.0,False,747.5
494e562d313033363838,INV-103688,ACC-1538,Initech Group,billing@initech.com,LATAM,Education,paid,2026-08-16,1,4.0,1495.0,False,1495.0
494e562d313032303531,INV-102051,ACC-5420,Massive Dynamic LLC,billing@massive.com,EMEA,Logistics,paid,2022-05-02,0,4.0,-43436.736000000004,False,176.4
494e562d313034313133,INV-104113,ACC-6225,Umbrella Inc,billing@umbrella.com,,Manufacturing,paid,2024-10-14,0,3.0,4900.0,False,408.3333333333333
494e562d313030323531,INV-100251,ACC-4571,Wonka Labs,billing@wonka.com,EMEA,Media,refunded,2025-01-23,0,,-4900.0,False,0.0
494e562d313031333536,INV-101356,ACC-6245,Cyberdyne Co,billing@cyberdyne.com,APAC,Fintech,paid,2025-01-30,0,,-1700319.6,True,9371.25
494e562d313030383535,INV-100855,ACC-9896,Umbrella Inc,billing@umbrella.com,LATAM,Gaming,paid,2024-11-03,0,5.0,2450.0,False,2450.0
494e562d313034343035,INV-104405,ACC-3888,Wonka Partners,billing@wonka.com,,Energy,paid,2026-01-28,0,3.0,247500.0,False,20625.0
494e562d313032333232,INV-102322,ACC-7959,Vandelay LLC,billing@vandelay.com,EMEA,Retail,paid,2024-05-01,0,,49500.0,False,4125.0
494e562d313034363831,INV-104681,ACC-7668,Acme Labs,billing@acme.com,,Healthcare,paid,2023-07-03,0,5.0,4950.0,False,412.5
494e562d313032393731,INV-102971,ACC-2299,Massive Dynamic LLC,billing@massive.com,,Travel,paid,2024-09-26,0,2.0,990.0,False,82.5
494e562d313033323132,INV-103212,ACC-1243,Tyrell Co,billing@tyrell.com,,Gaming,paid,2022-09-24,0,3.0,320.76,False,320.76
494e562d313031323830,INV-101280,ACC-2527,Vandelay Inc,billing@vandelay.com,,,paid,2023-05-11,0,2.0,990.0,False,990.0
494e562d313031373531,INV-101751,ACC-4300,Vandelay Industries,billing@vandelay.com,,Media,paid,2024-08-17,0,5.0,7265.7,False,7265.7
494e562d313033323533,INV-103253,ACC-4025,Soylent Industries,billing@soylent.com,APAC,Education,paid,2023-04-05,0,,1225.0,False,1225.0
494e562d313033363934,INV-103694,ACC-5091,Massive Dynamic Ltd,billing@massive.com,EMEA,Energy,paid,2025-11-10,1,4.0,4950.0,True,4950.0
494e562d313033393934,INV-103994,ACC-3118,Acme Co,billing@acme.com,,Manufacturing,paid,2023-08-02,0,5.0,6353.75,False,6353.75
494e562d313030333835,INV-100385,ACC-4288,Acme Co,billing@acme.com,EMEA,Manufacturing,paid,2024-08-01,1,2.0,208.25,False,208.25
494e562d313032373830,INV-102780,ACC-4095,Cyberdyne Group,billing@cyberdyne.com,,Manufacturing,paid,2022-06-27,0,5.0,490.0,False,490.0
494e562d313034353232,INV-104522,ACC-1231,Cyberdyne Partners,billing@cyberdyne.com,APAC,Manufacturing,refunded,2025-04-21,0,3.0,-74750.0,False,0.0
494e562d313034393439,INV-104949,ACC-7742,Oscorp Industries,billing@oscorp.com,LATAM,Media,paid,2024-07-10,0,1.0,490.0,False,490.0
494e562d313033323531,INV-103251,ACC-7431,Prestige Co,billing@prestige.com,LATAM,Retail,paid,2026-08-03,0,3.0,962.28,False,962.28
494e562d313034383437,INV-104847,ACC-5737,Tyrell Group,billing@tyrell.com,LATAM,Media,paid,2024-04-23,0,,1154.736,False,1069.2
494e562d313033343134,INV-103414,ACC-3917,Dunder Group,billing@dunder.com,,Logistics,paid,2025-03-30,0,5.0,74750.0,False,6229.166666666667
494e562d313033393734,INV-103974,ACC-5518,Aperture LLC,billing@aperture.com,LATAM,Healthcare,paid,2024-03-21,0,,12573.0,False,12573.0
494e562d313031353031,INV-101501,ACC-3434,Initech Corp,billing@initech.com,APAC,Gaming,paid,2023-05-15,0,1.0,147.0,False,147.0
494e562d313031393637,INV-101967,ACC-9904,Prestige LLC,billing@prestige.com,LATAM,Retail,paid,2022-03-15,0,2.0,-2945250.0,False,17531.25
494e562d313034343531,INV-104451,ACC-9977,Dunder Group,billing@dunder.com,EMEA,Energy,paid,2024-03-15,1,3.0,49.0,False,49.0
494e562d313031333231,INV-101321,ACC-5860,Initech Industries,billing@initech.com,LATAM,Education,paid,2023-09-04,0,,-178200.0,False,618.75
494e562d313033373835,INV-103785,ACC-4371,Vandelay LLC,billing@vandelay.com,EMEA,,paid,2022-04-10,0,5.0,297.0,False,297.0
494e562d313034313736,INV-104176,ACC-8353,Cyberdyne Partners,billing@cyberdyne.com,EMEA,Retail,paid,2024-12-24,0,2.0,577.368,False,534.6
494e562d313031323334,INV-101234,ACC-1342,Tyrell Partners,billing@tyrell.com,,Energy,paid,2023-03-25,0,,3675.0,False,3675.0
494e562d313034393538,INV-104958,ACC-5406,Gekko Partners,billing@gekko.com,LATAM,Media,paid,2024-07-04,0,5.0,2370.963,False,155.57500000000002
494e562d313030343833,INV-100483,ACC-7623,Pied Piper Group,billing@pied.com,EMEA,Energy,paid,2025-06-12,0,,4900.0,False,4900.0
494e562d313032383533,INV-102853,ACC-7454,Globex LLC,billing@globex.com,EMEA,Retail,paid,2026-05-07,0,4.0,2450.0,False,204.16666666666666
494e562d313032353637,INV-102567,ACC-8546,Dunder LLC,billing@dunder.com,,Manufacturing,paid,2025-02-16,1,5.0,-117810.0,False,701.25
494e562d313031363135,INV-101615,ACC-6527,Prestige Labs,,LATAM,Energy,paid,2023-08-16,0,3.0,68620.5,False,68620.5
494e562d313034303137,INV-104017,ACC-9409,Nakatomi Ltd,billing@nakatomi.com,,Healthcare,paid,2022-06-29,0,4.0,2450.0,False,204.16666666666666
494e562d313030303030,INV-100000,ACC-5506,Umbrella Inc,billing@umbrella.com,APAC,Retail,paid,2022-09-21,0,,147.0,False,147.0
494e562d313030333133,INV-100313,ACC-9735,Wayne Ltd,billing@wayne.com,EMEA,,paid,2024-08-09,0,4.0,-117810.0,False,701.25
494e562d313033353538,INV-103558,ACC-9514,Stark Partners,billing@stark.com,LATAM,Energy,paid,2025-07-19,0,,-396900.0,False,3675.0
494e562d313030383030,INV-100800,ACC-1162,Cyberdyne Industries,billing@cyberdyne.com,EMEA,Media,paid,2022-09-23,0,5.0,490.0,False,490.0
494e562d313033323937,INV-103297,ACC-8625,Oscorp LLC,billing@oscorp.com,LATAM,Manufacturing,paid,2026-07-31,0,3.0,-142257.78,False,388.9375
494e562d313030313937,INV-100197,ACC-4478,Cyberdyne Industries,billing@cyberdyne.com,,Fintech,paid,2023-07-25,0,4.0,-39690.0,False,367.5
494e562d313032303336,INV-102036,ACC-3710,Oscorp LLC,billing@oscorp.com,,Retail,paid,2023-05-13,1,4.0,4330.26,False,4009.5
494e562d313032343739,INV-102479,ACC-2982,Oscorp Group,billing@oscorp.com,LATAM,Healthcare,paid,2026-12-02,0,,1225.0,False,1225.0
494e562d313033303233,INV-103023,ACC-4902,Umbrella LLC,billing@umbrella.com,,Gaming,paid,2025-06-17,1,,26460.0,False,2205.0
494e562d313033393435,INV-103945,ACC-8778,Massive Dynamic Partners,billing@massive.com,EMEA,Media,paid,2024-08-11,0,1.0,24500.0,False,2041.6666666666667
494e562d313030383538,INV-100858,ACC-4483,Stark LLC,billing@stark.com,APAC,Healthcare,paid,2026-09-09,0,4.0,-6297.48,False,37.485
494e562d313030313831,INV-100181,ACC-6827,Globex Co,billing@globex.com,,Travel,paid,2024-04-11,1,4.0,1225.0,False,1225.0
494e562d313031353034,INV-101504,ACC-2002,Vandelay Co,billing@vandelay.com,APAC,Logistics,paid,2026-03-18,0,1.0,9900.0,False,825.0
494e562d313032353238,INV-102528,ACC-5474,Pied Piper Group,billing@pied.com,LATAM,Fintech,paid,2025-04-26,0,3.0,-94589.59999999999,False,414.8666666666666
494e562d313034313331,INV-104131,ACC-2167,Tyrell Co,billing@tyrell.com,,Energy,paid,2024-07-06,1,4.0,49000.0,False,4083.3333333333335
494e562d313031353835,INV-101585,ACC-4549,Stark Corp,billing@stark.com,EMEA,Education,paid,2026-12-28,0,4.0,7983.8550000000005,False,6286.5
494e562d313034343931,INV-104491,ACC-5225,Oscorp Partners,billing@oscorp.com,,Gaming,paid,2023-07-29,0,3.0,6286.5,False,6286.5
494e562d313031333137,INV-101317,ACC-8314,Hooli Holdings,billing@hooli.com,LATAM,Healthcare,refunded,2024-06-12,0,5.0,-147.0,False,0.0
494e562d313031333733,INV-101373,ACC-3870,Wayne Co,billing@wayne.com,APAC,Retail,paid,2021-08-06,0,5.0,1257.3,False,1257.3
494e562d313031383532,INV-101852,ACC-9491,Hooli LLC,billing@hooli.com,EMEA,Education,paid,2022-11-07,0,3.0,24750.0,False,2062.5
494e562d313030313734,INV-100174,ACC-1691,Cyberdyne Corp,billing@cyberdyne.com,EMEA,Media,paid,2025-05-08,0,3.0,19800.0,False,19800.0
494e562d313033343933,INV-103493,ACC-4292,Wonka Industries,billing@wonka.com,APAC,Retail,paid,2025-03-26,0,5.0,7475.0,False,7475.0
494e562d313033333337,INV-103337,ACC-3924,Vandelay Holdings,billing@vandelay.com,EMEA,Fintech,paid,2023-07-06,0,2.0,2116.8,False,2116.8
494e562d313033383835,INV-103885,ACC-9695,Wayne Ltd,billing@wayne.com,,Healthcare,paid,2022-02-14,0,5.0,-1862000.0,False,8166.666666666667
494e562d313032343730,INV-102470,ACC-5505,Prestige Inc,billing@prestige.com,,Healthcare,paid,2026-03-14,0,5.0,-80446.0,False,352.8333333333333
494e562d313030383831,INV-100881,ACC-3936,Tyrell Holdings,billing@tyrell.com,APAC,Fintech,paid,2025-11-15,0,4.0,-17820.0,False,61.875
494e562d313031383035,INV-101805,ACC-2819,Globex Co,billing@globex.com,,Healthcare,paid,2024-08-26,0,2.0,346.4208,False,320.76
494e562d313033333831,INV-103381,ACC-1658,Dunder Inc,billing@dunder.com,APAC,Healthcare,paid,2021-03-10,0,5.0,1837.5,False,1837.5
494e562d313030393039,INV-100909,ACC-4625,Acme Labs,,EMEA,Retail,paid,2026-03-02,0,4.0,348.75360000000006,False,322.92
494e562d313033313035,INV-103105,ACC-5118,Tyrell Industries,billing@tyrell.com,APAC,,paid,2024-10-28,1,5.0,264.6,False,264.6
494e562d313033373131,INV-103711,ACC-1052,Cyberdyne Holdings,billing@cyberdyne.com,LATAM,Fintech,paid,2025-10-28,0,5.0,-178200.0,False,618.75
494e562d313033303031,INV-103001,ACC-7955,Wonka Labs,billing@wonka.com,LATAM,Logistics,paid,2023-12-13,1,4.0,297.0,False,297.0
494e562d313032393834,INV-102984,ACC-8515,Acme Industries,billing@acme.com,APAC,,paid,2025-05-13,0,3.0,241128.55000000002,False,15822.083333333334
494e562d313034373435,INV-104745,ACC-6331,Pied Piper Corp,billing@pied.com,,Manufacturing,paid,2025-10-27,0,3.0,24750.0,False,24750.0
494e562d313033353938,INV-103598,ACC-4290,Umbrella Group,billing@umbrella.com,,Media,paid,2023-09-24,0,5.0,-137413.58400000003,True,757.35
494e562d313032373638,INV-102768,ACC-8505,Cyberdyne Holdings,billing@cyberdyne.com,,Energy,refunded,2023-08-29,0,2.0,-2646.0,False,0.0
494e562d313033313836,INV-103186,ACC-1619,Prestige Labs,billing@prestige.com,LATAM,Energy,paid,2026-07-25,0,2.0,22275.0,False,22275.0
494e562d313031333935,INV-101395,ACC-4445,Aperture Holdings,billing@aperture.com,EMEA,Education,paid,2023-06-15,0,,49.0,False,49.0
494e562d313030333333,INV-100333,ACC-6808,Hooli Labs,billing@hooli.com,APAC,Logistics,refunded,2023-10-03,1,4.0,-4900.0,False,0.0
494e562d313030353539,INV-100559,ACC-1532,Cyberdyne LLC,billing@cyberdyne.com,EMEA,Media,paid,2023-12-10,0,3.0,2103.75,False,2103.75
494e562d313032303835,INV-102085,ACC-9847,Stark LLC,billing@stark.com,APAC,Media,paid,2022-10-06,0,3.0,49.0,False,49.0
494e562d313030353431,INV-100541,ACC-7493,Soylent Holdings,billing@soylent.com,,Media,paid,2023-06-13,1,1.0,4900.0,False,408.3333333333333
494e562d313032303134,INV-102014,ACC-9311,Pied Piper Co,billing@pied.com,APAC,Retail,paid,2024-03-14,0,2.0,1154.736,False,1069.2
494e562d313034363532,INV-104652,ACC-6592,Dunder Ltd,billing@dunder.com,LATAM,,paid,2026-03-06,1,3.0,29900.0,False,2491.6666666666665
494e562d313033323136,INV-103216,ACC-2786,Acme Ltd,,APAC,,paid,2025-04-06,0,4.0,29900.0,False,2491.6666666666665
494e562d313032323932,INV-102292,ACC-7053,Vandelay Group,billing@vandelay.com,APAC,Logistics,paid,2024-10-14,0,,4900.0,False,408.3333333333333
494e562d313030373634,INV-100764,ACC-1043,Umbrella Labs,billing@umbrella.com,,,paid,2026-02-24,0,5.0,2205.0,False,2205.0
494e562d313034353839,INV-104589,ACC-2971,Cyberdyne Inc,billing@cyberdyne.com,EMEA,Manufacturing,paid,2023-01-07,1,4.0,968.76,False,968.76
494e562d313032373634,INV-102764,ACC-4638,Stark Industries,billing@stark.com,,Travel,paid,2023-12-10,1,3.0,4410.0,False,4410.0
494e562d313034393536,INV-104956,ACC-4895,Massive Dynamic Corp,billing@massive.com,,,paid,2024-03-22,0,5.0,1495.0,False,1495.0
494e562d313031323932,INV-101292,ACC-7269,Aperture Partners,billing@aperture.com,LATAM,,paid,2022-02-22,0,5.0,29900.0,False,2491.6666666666665
494e562d313031353936,INV-101596,ACC-1197,Hooli Corp,billing@hooli.com,LATAM,Retail,paid,2023-07-05,0,,10692.0,False,891.0
494e562d313032303234,INV-102024,ACC-3898,Soylent Industries,billing@soylent.com,,Fintech,paid,2022-04-29,0,5.0,990.0,False,990.0
494e562d313031373231,INV-101721,ACC-1693,Massive Dynamic Partners,billing@massive.com,LATAM,Media,paid,2024-03-09,1,3.0,147.0,False,147.0
494e562d313034353831,INV-104581,ACC-1638,Wonka Holdings,billing@wonka.com,EMEA,Energy,paid,2023-07-28,0,5.0,1225.0,False,1225.0
494e562d313030323036,INV-100206,ACC-6885,Globex Inc,billing@globex.com,EMEA,Gaming,paid,2024-06-05,0,3.0,48.0,False,48.0
494e562d313033353636,INV-103566,ACC-8736,Massive Dynamic Partners,billing@massive.com,APAC,Gaming,paid,2026-03-16,0,5.0,-200475.0,False,1856.25
494e562d313033383538,INV-103858,ACC-4856,Aperture Labs,billing@aperture.com,,Education,paid,2022-03-31,0,2.0,99000.0,False,8250.0
494e562d313030383530,INV-100850,ACC-8012,Dunder Corp,billing@dunder.com,LATAM,Media,paid,2023-10-22,0,4.0,1428.8400000000001,False,1323.0
494e562d313034333333,INV-104333,ACC-5882,Soylent Corp,billing@soylent.com,,Manufacturing,paid,2022-07-25,1,4.0,2990.0,False,249.16666666666666
494e562d313032363934,INV-102694,ACC-4095,Dunder Inc,billing@dunder.com,LATAM,Travel,paid,2023-10-24,0,4.0,4900.0,False,408.3333333333333
494e562d313034333136,INV-104316,ACC-9908,Massive Dynamic Inc,billing@massive.com,APAC,Energy,paid,2023-06-24,0,4.0,53460.0,False,4455.0
494e562d313033353338,INV-103538,ACC-8878,Gekko Labs,billing@gekko.com,APAC,Media,paid,2023-03-05,0,1.0,1837.5,False,1837.5
494e562d313030303732,INV-100072,ACC-2758,Massive Dynamic Partners,billing@massive.com,EMEA,Retail,paid,2024-05-07,1,3.0,34875.36,False,2691.0
494e562d313030343233,INV-100423,ACC-8243,Acme Group,billing@acme.com,APAC,Media,paid,2022-10-10,0,4.0,490.0,False,40.833333333333336
494e562d313030383830,INV-100880,ACC-2702,Nakatomi Corp,billing@nakatomi.com,LATAM,Gaming,paid,2023-12-25,0,4.0,29900.0,False,29900.0
494e562d313033333031,INV-103301,ACC-6533,Wayne LLC,billing@wayne.com,EMEA,Manufacturing,paid,2024-02-28,0,,1046.2608,False,968.76
494e562d313032313235,INV-102125,ACC-5174,Wonka Ltd,billing@wonka.com,EMEA,,refunded,2022-03-30,0,2.0,-39690.0,False,0.0
494e562d313033393334,INV-103934,ACC-4565,Acme Group,,,Media,refunded,2023-02-09,0,5.0,-7903.21,False,0.0
494e562d313032343034,INV-102404,ACC-5619,Pied Piper Partners,billing@pied.com,LATAM,Healthcare,paid,2026-09-04,0,5.0,-58310.0,False,347.0833333333333
494e562d313030303139,INV-100019,ACC-1096,Aperture Co,billing@aperture.com,EMEA,Travel,paid,2024-10-04,0,4.0,149500.0,False,12458.333333333334
494e562d313030383035,INV-100805,ACC-2226,Wonka Partners,billing@wonka.com,,Retail,paid,2025-01-06,0,2.0,529.2,False,529.2
494e562d313033363636,INV-103666,ACC-6355,Massive Dynamic LLC,billing@massive.com,APAC,Gaming,paid,2022-12-05,0,4.0,9900.0,False,9900.0
494e562d313031363238,INV-101628,ACC-6402,Wayne Ltd,billing@wayne.com,APAC,Healthcare,paid,2026-04-17,0,,-396900.0,True,3675.0
494e562d313032343639,INV-102469,ACC-6682,Nakatomi Partners,billing@nakatomi.com,APAC,Energy,paid,2023-10-26,0,,1470.0,False,122.5
494e562d313030373435,INV-100745,ACC-1186,Cyberdyne Partners,billing@cyberdyne.com,,Logistics,paid,2025-12-22,0,3.0,1495.0,False,1495.0
494e562d313034313632,INV-104162,ACC-7693,Acme Industries,billing@acme.com,,Gaming,paid,2025-03-23,1,5.0,-992250.0,False,9187.5
494e562d313030323933,INV-100293,ACC-2071,Oscorp Labs,billing@oscorp.com,APAC,Fintech,paid,2024-12-14,1,5.0,367.5,False,367.5
494e562d313034303434,INV-104044,ACC-2414,Pied Piper Industries,billing@pied.com,LATAM,Logistics,paid,2023-07-22,0,,2450.0,False,204.16666666666666
494e562d313032353534,INV-102554,ACC-5992,Vandelay Group,billing@vandelay.com,APAC,Gaming,paid,2024-04-20,0,3.0,1225.0,False,1225.0
494e562d313033373232,INV-103722,ACC-8642,Pied Piper Partners,billing@pied.com,,Gaming,paid,2022-09-21,1,5.0,8970.0,False,747.5
494e562d313032353035,INV-102505,ACC-9438,Acme Corp,billing@acme.com,APAC,Fintech,paid,2021-08-16,0,,321.0,False,321.0
494e562d313034353135,INV-104515,ACC-2204,Oscorp Holdings,billing@oscorp.com,LATAM,Education,paid,2023-02-06,0,4.0,1714.608,False,132.29999999999998
494e562d313031343533,INV-101453,ACC-8975,Tyrell Partners,billing@tyrell.com,LATAM,Gaming,paid,2024-01-12,0,3.0,2450.0,False,2450.0
494e562d313032393436,INV-102946,ACC-4889,Gekko Corp,billing@gekko.com,APAC,Manufacturing,paid,2023-04-23,0,2.0,990.0,False,990.0
494e562d313030323731,INV-100271,ACC-7101,Initech Holdings,billing@initech.com,APAC,Retail,paid,2024-07-25,0,5.0,2886.84,False,2673.0
494e562d313031353839,INV-101589,ACC-5431,Umbrella Partners,billing@umbrella.com,EMEA,Fintech,paid,2021-06-09,0,4.0,39919.275,False,31432.5
494e562d313030313631,INV-100161,ACC-9482,Massive Dynamic Group,billing@massive.com,,Media,paid,2023-03-09,0,3.0,158.76,True,158.76
494e562d313031323132,INV-101212,ACC-4358,Gekko Ltd,billing@gekko.com,APAC,Media,paid,2026-04-05,0,5.0,9900.0,False,825.0
494e562d313033313737,INV-103177,ACC-9708,Globex Inc,,,Manufacturing,paid,2024-02-24,0,4.0,1257.3,False,1257.3
494e562d313031363130,INV-101610,ACC-6952,Initech Holdings,billing@initech.com,APAC,Fintech,paid,2025-04-01,0,3.0,74.25,False,74.25
494e562d313033343333,INV-103433,ACC-7638,Gekko Corp,billing@gekko.com,LATAM,Retail,paid,2022-03-09,1,4.0,529.2,False,529.2
494e562d313030323632,INV-100262,ACC-3151,Nakatomi Holdings,billing@nakatomi.com,LATAM,,paid,2023-08-17,0,4.0,1225.0,False,1225.0
494e562d313034303733,INV-104073,ACC-3279,Gekko Corp,billing@gekko.com,EMEA,Gaming,paid,2023-12-23,0,2.0,52920.0,False,4410.0
494e562d313032333733,INV-102373,ACC-7509,Aperture Inc,billing@aperture.com,LATAM,Manufacturing,paid,2022-02-15,0,5.0,4950.0,False,412.5
494e562d313031393834,INV-101984,ACC-8662,Hooli Labs,billing@hooli.com,APAC,Media,paid,2022-07-25,0,3.0,-573885.949,False,2689.7541666666666
494e562d313032323830,INV-102280,ACC-3142,Globex Partners,billing@globex.com,LATAM,Fintech,paid,2023-12-28,1,5.0,-29155.0,False,173.54166666666666
494e562d313030313230,INV-100120,ACC-7249,Hooli Industries,billing@hooli.com,LATAM,Travel,paid,2023-12-16,0,2.0,490.0,False,40.833333333333336
494e562d313031373732,INV-101772,ACC-5564,Globex LLC,billing@globex.com,EMEA,,paid,2024-11-19,0,2.0,1596.771,False,104.77499999999999
494e562d313034343130,INV-104410,ACC-3322,Wayne Partners,billing@wayne.com,APAC,,paid,2026-08-06,0,4.0,490.0,True,490.0
494e562d313033333937,INV-103397,ACC-3807,Pied Piper Industries,billing@pied.com,,Retail,paid,2027-02-01,0,,12056.4275,False,9493.25
494e562d313031383936,INV-101896,ACC-8899,Wonka Partners,billing@wonka.com,LATAM,Fintech,paid,2022-11-20,1,3.0,-7448.0,False,32.666666666666664
494e562d313034373536,INV-104756,ACC-9278,Gekko Inc,billing@gekko.com,LATAM,Logistics,paid,2023-08-10,0,,4950.0,False,412.5
494e562d313033343236,INV-103426,ACC-8858,Stark Labs,billing@stark.com,,Education,paid,2024-08-25,0,5.0,267300.0,False,22275.0
494e562d313034383530,INV-104850,ACC-1247,Gekko Labs,billing@gekko.com,,Healthcare,paid,2021-11-09,0,3.0,495.0,False,495.0
494e562d313034363639,INV-104669,ACC-6718,Nakatomi Holdings,billing@nakatomi.com,LATAM,Education,paid,2024-12-10,0,3.0,147.0,False,147.0
494e562d313031373838,INV-101788,ACC-7211,Initech Partners,billing@initech.com,EMEA,Energy,paid,2024-04-27,0,4.0,348753.60000000003,False,26910.0
494e562d313033393130,INV-103910,ACC-9834,Wayne LLC,billing@wayne.com,APAC,Retail,paid,2022-12-18,0,3.0,2857.6800000000003,False,2646.0
494e562d313034383438,INV-104848,ACC-5071,Dunder Labs,billing@dunder.com,EMEA,,paid,2023-09-11,0,,2450.0,False,2450.0
494e562d313033373538,INV-103758,ACC-1699,Prestige Ltd,billing@prestige.com,APAC,Education,paid,2024-12-07,1,5.0,24750.0,False,24750.0
494e562d313034383138,INV-104818,ACC-9407,Dunder Partners,billing@dunder.com,EMEA,Logistics,paid,2022-11-04,0,5.0,1257.3,False,1257.3
494e562d313031333232,INV-101322,ACC-8335,Wonka Group,billing@wonka.com,APAC,Logistics,paid,2022-05-31,0,3.0,4950.0,False,412.5
494e562d313034393832,INV-104982,ACC-3603,Prestige Group,billing@prestige.com,EMEA,Fintech,paid,2022-04-11,0,4.0,24750.0,False,2062.5
494e562d313033343233,INV-103423,ACC-6719,Stark Co,billing@stark.com,EMEA,Media,paid,2021-12-21,1,1.0,2475.0,False,2475.0
494e562d313034373432,INV-104742,ACC-7109,Gekko Labs,billing@gekko.com,,Manufacturing,paid,2024-05-05,0,3.0,79032.1,True,5185.833333333333
494e562d313034313236,INV-104126,ACC-2117,Massive Dynamic Partners,billing@massive.com,,Media,paid,2026-04-26,1,4.0,49.0,False,49.0
494e562d313030303735,INV-100075,ACC-3695,Prestige Corp,billing@prestige.com,LATAM,Media,paid,2022-08-01,1,4.0,5292.0,False,5292.0
494e562d313033303631,INV-103061,ACC-6782,Massive Dynamic Labs,billing@massive.com,LATAM,Retail,paid,2025-06-17,0,4.0,990.0,True,82.5
494e562d313033323335,INV-103235,ACC-4757,Acme Co,billing@acme.com,APAC,Retail,paid,2021-12-05,0,5.0,26730.0,False,2227.5
494e562d313034383632,INV-104862,ACC-8909,Tyrell Co,billing@tyrell.com,,Healthcare,paid,2024-07-15,0,5.0,1069.2,False,89.10000000000001
494e562d313032313132,INV-102112,ACC-1323,Massive Dynamic Labs,billing@massive.com,APAC,Energy,paid,2023-02-19,1,3.0,49000.0,False,4083.3333333333335
494e562d313030353231,INV-100521,ACC-6857,Umbrella Labs,billing@umbrella.com,LATAM,Logistics,paid,2025-06-18,0,1.0,9900.0,False,825.0
494e562d313033373936,INV-103796,ACC-5463,Nakatomi Ltd,billing@nakatomi.com,EMEA,Education,paid,2025-03-07,1,,449.82,False,449.82
494e562d313033303635,INV-103065,ACC-3201,Oscorp Group,billing@oscorp.com,APAC,Gaming,paid,2025-08-08,0,3.0,-74480.0,False,326.6666666666667
494e562d313031383639,INV-101869,ACC-3781,Nakatomi Group,billing@nakatomi.com,EMEA,Travel,paid,2023-07-02,0,1.0,-17493.0,False,104.125
494e562d313032323439,INV-102249,ACC-1037,Wayne Group,billing@wayne.com,,Travel,paid,2023-07-08,0,4.0,-454480.0,False,1993.3333333333333
494e562d313031363432,INV-101642,ACC-4530,Massive Dynamic Partners,billing@massive.com,LATAM,,paid,2025-08-15,0,4.0,-288594.8,False,1265.7666666666667
494e562d313034313131,INV-104111,ACC-2220,Hooli Co,billing@hooli.com,,Logistics,paid,2022-12-05,0,1.0,2646.0,False,220.5
494e562d313034313235,INV-104125,ACC-1660,Wayne Corp,billing@wayne.com,LATAM,,paid,2022-09-09,0,4.0,1898.65,False,1898.65
494e562d313033363331,INV-103631,ACC-6474,Aperture Partners,billing@aperture.com,LATAM,,paid,2022-02-19,0,5.0,8415.0,False,8415.0
494e562d313034303833,INV-104083,ACC-5779,Wayne Partners,billing@wayne.com,APAC,Fintech,paid,2023-11-12,1,,628.65,False,628.65
494e562d313032313232,INV-102122,ACC-9715,Acme Co,billing@acme.com,LATAM,Education,paid,2024-10-09,0,3.0,74750.0,False,6229.166666666667
494e562d313034373033,INV-104703,ACC-7165,Tyrell Corp,billing@tyrell.com,APAC,Education,paid,2022-10-25,0,3.0,147.0,False,147.0
494e562d313031343835,INV-101485,ACC-5527,Initech Labs,billing@initech.com,,Travel,paid,2022-05-29,1,2.0,1960.0,False,1960.0
494e562d313030373839,INV-100789,ACC-5172,Cyberdyne Industries,,EMEA,Fintech,paid,2023-01-03,0,3.0,41.65,False,41.65
494e562d313031383236,INV-101826,ACC-4657,Initech Co,billing@initech.com,LATAM,Travel,paid,2026-12-26,0,3.0,12250.0,False,12250.0
494e562d313032373031,INV-102701,ACC-6196,Stark Labs,billing@stark.com,,Retail,paid,2025-07-27,0,,2450.0,False,2450.0
494e562d313032363038,INV-102608,ACC-6686,Wayne Holdings,billing@wayne.com,LATAM,Media,paid,2025-09-28,0,2.0,12859.560000000001,False,11907.0
494e562d313031303439,INV-101049,ACC-5237,Wayne LLC,billing@wayne.com,LATAM,Media,paid,2022-10-11,0,5.0,1960.0,False,1960.0
494e562d313034313330,INV-104130,ACC-1739,Acme Partners,billing@acme.com,,Manufacturing,paid,2025-04-21,1,3.0,2990.0,False,249.16666666666666
494e562d313033333430,INV-103340,ACC-6930,Globex Industries,billing@globex.com,APAC,Healthcare,paid,2022-06-20,1,3.0,247500.0,False,20625.0
494e562d313034373332,INV-104732,ACC-4750,Cyberdyne Co,billing@cyberdyne.com,EMEA,Travel,paid,2026-04-30,0,4.0,-891000.0,False,3093.75
494e562d313031323034,INV-101204,ACC-9073,Pied Piper Labs,billing@pied.com,APAC,Logistics,paid,2024-10-01,0,4.0,49500.0,False,4125.0
494e562d313030313138,INV-100118,ACC-1328,Globex Holdings,billing@globex.com,LATAM,Fintech,paid,2022-06-21,0,5.0,1587.6,False,132.29999999999998
494e562d313032313133,INV-102113,ACC-4443,Initech Partners,billing@initech.com,EMEA,Manufacturing,paid,2022-03-23,0,1.0,-19845.0,False,183.75
494e562d313032393838,INV-102988,ACC-9069,Globex Co,billing@globex.com,EMEA,Manufacturing,paid,2027-03-30,0,3.0,19758.025,False,15557.5
494e562d313033343535,INV-103455,ACC-6197,Massive Dynamic Labs,billing@massive.com,LATAM,,paid,2024-06-17,0,4.0,22275.0,False,22275.0
494e562d313034333035,INV-104305,ACC-1549,Prestige Co,billing@prestige.com,APAC,Manufacturing,paid,2025-12-05,0,3.0,1225.0,False,1225.0
494e562d313034353230,INV-104520,ACC-7994,Wayne Group,billing@wayne.com,APAC,Gaming,paid,2021-05-01,0,,24750.0,False,2062.5
494e562d313032313637,INV-102167,ACC-3957,Acme Ltd,billing@acme.com,EMEA,Energy,paid,2024-10-22,0,1.0,9900.0,False,825.0
494e562d313033353734,INV-103574,ACC-9276,Gekko Inc,billing@gekko.com,,Media,paid,2025-08-27,0,3.0,12250.0,False,1020.8333333333334
494e562d313034363531,INV-104651,ACC-1751,Wayne Holdings,billing@wayne.com,APAC,Retail,paid,2022-12-16,0,2.0,-2004750.0,False,18562.5
494e562d313032373431,INV-102741,ACC-9057,Soylent Industries,billing@soylent.com,,Manufacturing,refunded,2023-10-02,1,2.0,-149500.0,False,0.0
494e562d313033353830,INV-103580,ACC-8167,Oscorp Ltd,billing@oscorp.com,APAC,Fintech,paid,2022-05-12,1,4.0,2990.0,False,249.16666666666666
494e562d313032383837,INV-102887,ACC-8092,Umbrella Group,billing@umbrella.com,,Manufacturing,paid,2026-06-08,0,5.0,7983.8550000000005,False,523.875
494e562d313032393736,INV-102976,ACC-9118,Stark Partners,billing@stark.com,LATAM,Manufacturing,paid,2025-02-15,0,2.0,-22344.0,False,98.0
494e562d313032393837,INV-102987,ACC-2281,Acme Holdings,billing@acme.com,LATAM,Media,paid,2022-12-25,1,2.0,8970.0,False,747.5
494e562d313034343038,INV-104408,ACC-2365,Massive Dynamic Co,billing@massive.com,APAC,Logistics,paid,2026-03-06,0,,747500.0,False,62291.666666666664
494e562d313030353331,INV-100531,ACC-8521,Stark Partners,billing@stark.com,APAC,Gaming,paid,2021-03-16,0,4.0,742.5,False,742.5
494e562d313032393030,INV-102900,ACC-7075,Oscorp Holdings,,APAC,Fintech,paid,2023-05-04,0,,4900.0,False,408.3333333333333
494e562d313031313132,INV-101112,ACC-7576,Vandelay LLC,billing@vandelay.com,APAC,Healthcare,paid,2022-11-05,0,4.0,980.0,False,980.0
494e562d313033333633,INV-103363,ACC-2668,Cyberdyne Holdings,billing@cyberdyne.com,,Media,paid,2023-03-02,1,4.0,490.0,False,40.833333333333336
494e562d313034333237,INV-104327,ACC-2766,Nakatomi Corp,billing@nakatomi.com,LATAM,Education,paid,2022-11-09,0,4.0,9900.0,False,825.0
494e562d313034393431,INV-104941,ACC-4169,Initech Corp,billing@initech.com,,Education,paid,2024-01-05,0,5.0,120564.27500000001,False,7911.041666666667
494e562d313032333736,INV-102376,ACC-6281,Massive Dynamic Partners,billing@massive.com,EMEA,Gaming,paid,2025-09-18,0,4.0,4900.0,False,408.3333333333333
494e562d313030393634,INV-100964,ACC-3967,Initech Industries,billing@initech.com,EMEA,Travel,paid,2021-06-25,0,1.0,377.19,False,377.19
494e562d313033323131,INV-103211,ACC-5520,Tyrell Co,billing@tyrell.com,LATAM,Logistics,paid,2024-07-31,0,4.0,-35581.0,False,211.79166666666666
494e562d313030393937,INV-100997,ACC-8481,Cyberdyne Industries,billing@cyberdyne.com,APAC,Logistics,refunded,2023-09-15,0,,-2205.0,False,0.0
494e562d313033373836,INV-103786,ACC-4598,Umbrella Inc,billing@umbrella.com,APAC,Education,paid,2026-02-05,0,4.0,3229.2,False,3229.2
494e562d313030343730,INV-100470,ACC-6593,Soylent LLC,billing@soylent.com,APAC,Manufacturing,paid,2025-11-09,0,5.0,-1779050.0,False,10589.583333333334
494e562d313034383639,INV-104869,ACC-4359,Hooli Co,billing@hooli.com,,Travel,paid,2025-01-07,0,4.0,8415.0,False,8415.0
494e562d313032383735,INV-102875,ACC-8669,Initech Partners,billing@initech.com,LATAM,Manufacturing,paid,2025-09-30,0,1.0,2082.5,False,2082.5
494e562d313030353839,INV-100589,ACC-5681,Initech Holdings,billing@initech.com,APAC,Gaming,paid,2025-09-08,0,5.0,99000.0,False,8250.0
494e562d313031353336,INV-101536,ACC-7625,Stark Corp,billing@stark.com,LATAM,Retail,paid,2026-03-10,0,3.0,52.92,False,52.92
494e562d313031333133,INV-101313,ACC-6514,Umbrella Labs,billing@umbrella.com,EMEA,Retail,paid,2023-07-05,0,,441.0,False,441.0
494e562d313031363335,INV-101635,ACC-7442,Tyrell Holdings,billing@tyrell.com,LATAM,Travel,paid,2024-10-05,0,3.0,28868.4,False,26730.0
494e562d313030363133,INV-100613,ACC-2734,Hooli Ltd,billing@hooli.com,LATAM,Media,refunded,2024-10-04,1,1.0,-297.0,False,0.0
494e562d313031383433,INV-101843,ACC-9639,Wonka Industries,billing@wonka.com,APAC,Fintech,paid,2025-09-11,0,5.0,2475.0,False,2475.0
494e562d313033343635,INV-103465,ACC-3592,Vandelay Labs,billing@vandelay.com,EMEA,Manufacturing,paid,2023-02-23,0,3.0,990.0,False,990.0
494e562d313033333635,INV-103365,ACC-5237,Wonka LLC,billing@wonka.com,LATAM,Logistics,paid,2022-03-11,0,3.0,159677.1,False,10477.5
494e562d313034383330,INV-104830,ACC-6676,Tyrell Co,billing@tyrell.com,,Fintech,paid,2024-05-09,0,1.0,245.0,False,245.0
494e562d313033363732,INV-103672,ACC-8364,Acme Holdings,,,Manufacturing,paid,2022-09-25,0,5.0,4900.0,False,4900.0
494e562d313032363235,INV-102625,ACC-3582,Dunder Industries,billing@dunder.com,APAC,,paid,2025-08-03,0,4.0,4900.0,False,4900.0
494e562d313033353532,INV-103552,ACC-9211,Tyrell Partners,billing@tyrell.com,,Retail,paid,2025-01-24,0,5.0,8910.0,False,8910.0
494e562d313030333739,INV-100379,ACC-2847,Oscorp Co,billing@oscorp.com,EMEA,Education,paid,2021-11-10,0,4.0,53.0,False,53.0
494e562d313030343131,INV-100411,ACC-5706,Wonka LLC,billing@wonka.com,LATAM,Travel,paid,2024-11-25,0,,1225.0,False,1225.0
494e562d313032343535,INV-102455,ACC-2247,Nakatomi Holdings,billing@nakatomi.com,APAC,Healthcare,paid,2024-09-20,0,4.0,476.28,False,476.28
494e562d313034313930,INV-104190,ACC-5615,Initech Corp,billing@initech.com,APAC,,paid,2023-01-16,0,4.0,147.0,False,147.0
494e562d313030363038,INV-100608,ACC-4866,Cyberdyne Partners,billing@cyberdyne.com,EMEA,Education,paid,2025-02-25,0,,1470.0,False,122.5
494e562d313033393833,INV-103983,ACC-3770,Soylent Inc,billing@soylent.com,LATAM,,paid,2026-10-06,0,5.0,29900.0,False,29900.0
494e562d313033323037,INV-103207,ACC-8888,Hooli Co,billing@hooli.com,EMEA,Manufacturing,paid,2025-01-06,0,3.0,1069.2,False,1069.2
494e562d313031383535,INV-101855,ACC-5211,Oscorp Industries,billing@oscorp.com,EMEA,Energy,paid,2022-05-08,0,5.0,-9765706.275,False,71199.375
494e562d313034313631,INV-104161,ACC-9756,Stark Partners,billing@stark.com,,Healthcare,paid,2024-06-20,0,4.0,-396900.0,True,3675.0
494e562d313031353931,INV-101591,ACC-5070,Tyrell Industries,billing@tyrell.com,EMEA,Fintech,paid,2024-06-28,0,4.0,49000.0,False,4083.3333333333335
494e562d313034363336,INV-104636,ACC-8718,Oscorp Corp,billing@oscorp.com,APAC,Education,paid,2026-01-09,0,,5600.7,False,5600.7
494e562d313031353734,INV-101574,ACC-6910,Gekko Labs,billing@gekko.com,LATAM,Retail,paid,2026-06-06,0,4.0,320.76,False,320.76
494e562d313034393835,INV-104985,ACC-7800,Prestige Labs,billing@prestige.com,EMEA,Education,paid,2023-07-02,0,5.0,147.0,False,147.0
494e562d313031393536,INV-101956,ACC-4810,Stark Co,billing@stark.com,,Media,paid,2023-05-25,0,5.0,94932.5,False,94932.5
494e562d313034363637,INV-104667,ACC-6182,Massive Dynamic Ltd,billing@massive.com,LATAM,Retail,paid,2025-01-08,0,1.0,4900.0,False,408.3333333333333
494e562d313031323137,INV-101217,ACC-6398,Soylent Holdings,billing@soylent.com,EMEA,Travel,paid,2025-05-01,0,3.0,1069.0,True,1069.0
494e562d313033343338,INV-103438,ACC-8012,Aperture Co,billing@aperture.com,LATAM,Travel,paid,2021-06-17,0,3.0,-72657.0,False,672.75
494e562d313030393932,INV-100992,ACC-3100,Wayne Holdings,billing@wayne.com,LATAM,Education,refunded,2024-06-17,0,3.0,-74480.0,False,0.0
494e562d313032383136,INV-102816,ACC-8398,Hooli Ltd,billing@hooli.com,LATAM,Media,paid,2022-07-16,1,3.0,171.4608,False,158.76
494e562d313031363438,INV-101648,ACC-5264,Hooli Labs,billing@hooli.com,LATAM,Fintech,paid,2025-05-12,0,4.0,119.07,False,119.07
494e562d313034333539,INV-104359,ACC-3622,Wayne Partners,billing@wayne.com,LATAM,Healthcare,paid,2025-09-05,0,,747500.0,False,62291.666666666664
494e562d313032363730,INV-102670,ACC-3716,Vandelay Ltd,,,Gaming,paid,2022-02-22,0,4.0,4900.0,False,408.3333333333333
494e562d313032323530,INV-102250,ACC-1274,Cyberdyne Industries,billing@cyberdyne.com,APAC,Manufacturing,paid,2025-04-24,0,3.0,4950.0,False,4950.0
494e562d313033353137,INV-103517,ACC-1992,Umbrella Group,billing@umbrella.com,,Travel,paid,2022-12-09,0,4.0,4900.0,False,408.3333333333333
494e562d313034373139,INV-104719,ACC-1148,Soylent Industries,billing@soylent.com,,Healthcare,paid,2023-11-23,0,4.0,-88200.0,False,306.25
494e562d313031333237,INV-101327,ACC-7516,Nakatomi Labs,billing@nakatomi.com,LATAM,Travel,paid,2023-10-09,0,5.0,-17493.0,False,104.125
494e562d313033313238,INV-103128,ACC-4207,Massive Dynamic Partners,billing@massive.com,LATAM,Media,paid,2024-03-03,0,1.0,9900.0,False,9900.0
494e562d313031373736,INV-101776,ACC-4405,Massive Dynamic Corp,billing@massive.com,LATAM,Gaming,paid,2026-03-10,1,,495.0,False,495.0
494e562d313030323037,INV-100207,ACC-8974,Acme Corp,billing@acme.com,LATAM,,refunded,2024-12-22,0,5.0,-320.76,False,0.0
494e562d313030343539,INV-100459,ACC-7145,Gekko LLC,billing@gekko.com,,Fintech,paid,2026-08-05,1,3.0,-39690.0,False,367.5
494e562d313032393737,INV-102977,ACC-7315,Cyberdyne Industries,billing@cyberdyne.com,,Education,paid,2025-08-02,0,3.0,445.5,True,445.5
494e562d313031383630,INV-101860,ACC-4620,Stark Holdings,billing@stark.com,EMEA,Education,paid,2024-12-25,1,4.0,49000.0,False,4083.3333333333335
494e562d313033363539,INV-103659,ACC-4754,Globex Ltd,billing@globex.com,APAC,Manufacturing,refunded,2023-02-16,1,4.0,-2450.0,False,0.0
494e562d313030333833,INV-100383,ACC-6858,Cyberdyne Ltd,billing@cyberdyne.com,APAC,Fintech,refunded,2023-08-11,0,5.0,-882000.0,False,0.0
494e562d313033313332,INV-103132,ACC-4061,Cyberdyne Group,billing@cyberdyne.com,LATAM,Healthcare,paid,2024-05-31,0,4.0,80730.0,False,6727.5
494e562d313033363435,INV-103645,ACC-7690,Hooli Co,billing@hooli.com,EMEA,,paid,2024-08-14,0,5.0,2475.0,False,2475.0
494e562d313030303334,INV-100034,ACC-7141,Wayne Industries,billing@wayne.com,LATAM,Media,paid,2023-09-30,0,,122500.0,False,10208.333333333334
494e562d313031393131,INV-101911,ACC-9691,Umbrella Holdings,,LATAM,Logistics,paid,2023-08-15,1,2.0,7475.0,False,7475.0
494e562d313030373838,INV-100788,ACC-1098,Wonka Holdings,billing@wonka.com,APAC,Manufacturing,paid,2024-07-04,0,4.0,9187.5,False,9187.5
494e562d313032323731,INV-102271,ACC-6637,Oscorp Labs,billing@oscorp.com,EMEA,Manufacturing,paid,2024-12-01,1,4.0,12250.0,False,1020.8333333333334
494e562d313031353235,INV-101525,ACC-5311,Oscorp LLC,billing@oscorp.com,LATAM,Education,paid,2026-06-09,0,1.0,1041.25,False,1041.25
494e562d313032303736,INV-102076,ACC-3593,Oscorp Industries,billing@oscorp.com,,Healthcare,paid,2023-12-05,1,5.0,37240.0,True,-163.33333333333334
494e562d313030343638,INV-100468,ACC-8667,Nakatomi Co,billing@nakatomi.com,LATAM,Fintech,paid,2026-02-07,0,1.0,490.0,False,490.0
494e562d313034303834,INV-104084,ACC-2320,Oscorp Corp,billing@oscorp.com,LATAM,Retail,paid,2021-11-10,1,1.0,-22216.18,False,132.23916666666665
494e562d313032383139,INV-102819,ACC-9213,Cyberdyne Holdings,billing@cyberdyne.com,APAC,Education,paid,2025-06-18,0,4.0,-7448.0,False,32.666666666666664
494e562d313030373639,INV-100769,ACC-1293,Tyrell Partners,billing@tyrell.com,LATAM,,paid,2023-05-11,1,3.0,147.0,False,147.0
494e562d313033373039,INV-103709,ACC-1343,Nakatomi Group,billing@nakatomi.com,,Education,paid,2024-12-17,1,5.0,990.0,False,990.0
494e562d313031363930,INV-101690,ACC-6505,Prestige Holdings,billing@prestige.com,EMEA,Healthcare,refunded,2024-10-11,1,1.0,-99000.0,False,0.0
494e562d313032373237,INV-102727,ACC-1001,Umbrella Corp,billing@umbrella.com,APAC,Energy,paid,2025-05-17,0,4.0,476.0,False,476.0
494e562d313033353136,INV-103516,ACC-2718,Globex Ltd,billing@globex.com,LATAM,Education,paid,2023-03-09,0,4.0,12250.0,False,12250.0
494e562d313033363136,INV-103616,ACC-7283,Acme Ltd,billing@acme.com,APAC,Media,paid,2022-01-07,0,,24500.0,False,2041.6666666666667
494e562d313031303539,INV-101059,ACC-3528,Wayne Co,billing@wayne.com,APAC,Healthcare,paid,2023-11-07,0,1.0,-80190.0,False,742.5
494e562d313031363431,INV-101641,ACC-6203,Globex Co,billing@globex.com,,Retail,paid,2026-10-09,0,3.0,2990.0,False,2990.0
494e562d313034373937,INV-104797,ACC-3038,Tyrell Inc,billing@tyrell.com,EMEA,Energy,paid,2022-11-26,0,5.0,13230.0,False,13230.0
494e562d313032373032,INV-102702,ACC-1549,Umbrella Co,billing@umbrella.com,LATAM,Retail,paid,2025-08-21,1,1.0,49000.0,False,4083.3333333333335
494e562d313031333531,INV-101351,ACC-4762,Hooli Partners,billing@hooli.com,,Retail,paid,2023-04-07,0,,-583100.0,False,3470.8333333333335
494e562d313030343530,INV-100450,ACC-1008,Oscorp Co,billing@oscorp.com,APAC,Energy,paid,2023-06-03,0,3.0,-88200.0,False,306.25
494e562d313032383430,INV-102840,ACC-9613,Gekko Partners,billing@gekko.com,APAC,Fintech,paid,2023-07-27,0,1.0,10692.0,False,891.0
494e562d313030373037,INV-100707,ACC-7416,Tyrell Ltd,billing@tyrell.com,EMEA,Media,paid,2025-01-11,0,4.0,-186200.0,False,816.6666666666666
494e562d313034313837,INV-104187,ACC-9486,Soylent Ltd,billing@soylent.com,,Fintech,paid,2022-02-05,1,5.0,89.0,False,89.0
494e562d313031343239,INV-101429,ACC-7770,Umbrella Corp,billing@umbrella.com,,Gaming,paid,2023-01-02,0,5.0,12250.0,False,1020.8333333333334
494e562d313032343930,INV-102490,ACC-1581,Wonka Corp,billing@wonka.com,,Healthcare,paid,2026-12-18,0,5.0,367.5,False,367.5
494e562d313030313136,INV-100116,ACC-6846,Cyberdyne Corp,,APAC,Travel,paid,2025-04-23,0,5.0,-23147.208000000002,False,198.45000000000002
494e562d313032303130,INV-102010,ACC-7178,Cyberdyne Partners,billing@cyberdyne.com,,Gaming,paid,2026-06-28,0,4.0,-472948.0,False,2074.3333333333335
494e562d313031343135,INV-101415,ACC-3340,Cyberdyne Group,billing@cyberdyne.com,,,paid,2023-03-02,0,5.0,-3969.0,False,36.75
494e562d313031393533,INV-101953,ACC-7739,Initech LLC,billing@initech.com,,Logistics,paid,2024-08-22,0,2.0,28576.800000000003,False,2205.0
494e562d313032393334,INV-102934,ACC-6237,Stark Partners,billing@stark.com,EMEA,Travel,paid,2023-06-26,0,4.0,12250.0,False,1020.8333333333334
494e562d313034373237,INV-104727,ACC-9773,Gekko Holdings,billing@gekko.com,APAC,,paid,2025-02-26,0,4.0,4900.0,False,408.3333333333333
494e562d313033323331,INV-103231,ACC-3114,Stark Holdings,billing@stark.com,EMEA,Retail,paid,2021-05-15,0,5.0,4900.0,False,408.3333333333333
494e562d313032383933,INV-102893,ACC-5086,Tyrell LLC,billing@tyrell.com,LATAM,Fintech,paid,2024-01-09,1,1.0,490.0,False,40.833333333333336
494e562d313032353237,INV-102527,ACC-6571,Gekko Corp,billing@gekko.com,LATAM,Fintech,paid,2024-09-10,0,5.0,106.92,False,106.92
494e562d313033373036,INV-103706,ACC-1571,Pied Piper Industries,billing@pied.com,,Retail,paid,2024-06-22,1,,2450.0,False,2450.0
494e562d313032333234,INV-102324,ACC-2016,Dunder Labs,billing@dunder.com,EMEA,Healthcare,paid,2024-07-26,0,2.0,52.92,False,52.92
494e562d313032363738,INV-102678,ACC-4567,Wonka Industries,billing@wonka.com,EMEA,Energy,paid,2023-08-10,0,5.0,24750.0,False,2062.5
494e562d313034383932,INV-104892,ACC-7798,Pied Piper Labs,billing@pied.com,,Travel,paid,2021-12-13,0,3.0,-5831.0,False,34.708333333333336
494e562d313033303333,INV-103033,ACC-9978,Nakatomi Ltd,billing@nakatomi.com,APAC,,paid,2025-04-24,0,3.0,990.0,False,990.0
494e562d313030393032,INV-100902,ACC-5713,Wayne LLC,billing@wayne.com,LATAM,Media,paid,2025-12-30,0,4.0,6727.5,False,6727.5
494e562d313033303433,INV-103043,ACC-2399,Prestige Group,billing@prestige.com,APAC,Retail,paid,2026-05-08,0,4.0,1102.5,False,1102.5
494e562d313032303938,INV-102098,ACC-9534,Aperture Inc,billing@aperture.com,,Logistics,paid,2024-11-26,1,5.0,2475.0,False,2475.0
494e562d313033313934,INV-103194,ACC-9253,Tyrell Co,billing@tyrell.com,,Education,paid,2025-01-16,0,4.0,9900.0,False,825.0
494e562d313032303834,INV-102084,ACC-3061,Aperture Corp,,LATAM,Energy,paid,2026-08-07,1,1.0,10692.0,False,10692.0
494e562d313034323031,INV-104201,ACC-1339,Globex Partners,billing@globex.com,,Healthcare,paid,2022-11-13,0,4.0,379.73,False,379.73
494e562d313031383632,INV-101862,ACC-9146,Initech Labs,billing@initech.com,EMEA,Gaming,paid,2023-02-23,0,5.0,2646.0,False,220.5
494e562d313033363734,INV-103674,ACC-4460,Vandelay Corp,billing@vandelay.com,LATAM,Energy,paid,2024-08-20,0,2.0,49000.0,False,4083.3333333333335
494e562d313033333535,INV-103355,ACC-9839,Wayne Labs,billing@wayne.com,,Manufacturing,paid,2024-07-23,0,2.0,247500.0,False,20625.0
494e562d313034393430,INV-104940,ACC-4813,Vandelay Group,billing@vandelay.com,APAC,Education,paid,2024-03-15,0,2.0,-1157360.4000000001,False,9922.5
494e562d313030383934,INV-100894,ACC-7970,Vandelay LLC,billing@vandelay.com,EMEA,Healthcare,paid,2023-12-22,0,2.0,1470.0,False,122.5
494e562d313032333032,INV-102302,ACC-2038,Tyrell Partners,billing@tyrell.com,APAC,Logistics,paid,2025-11-29,1,4.0,247500.0,False,20625.0
494e562d313031353635,INV-101565,ACC-6773,Dunder Industries,,,Logistics,paid,2024-05-10,0,3.0,122500.0,False,10208.333333333334
494e562d313034333536,INV-104356,ACC-1111,Cyberdyne Inc,billing@cyberdyne.com,APAC,Logistics,paid,2025-02-25,0,3.0,299.0,False,299.0
494e562d313032343632,INV-102462,ACC-1974,Dunder Co,billing@dunder.com,,Fintech,paid,2024-08-30,0,3.0,314325.0,False,26193.75
494e562d313032303434,INV-102044,ACC-2185,Pied Piper Partners,billing@pied.com,LATAM,Healthcare,refunded,2023-07-15,0,4.0,-162518.4,False,0.0
494e562d313032353636,INV-102566,ACC-2955,Oscorp Inc,billing@oscorp.com,LATAM,Education,paid,2024-10-29,0,,1470.0,False,122.5
494e562d313033353332,INV-103532,ACC-8842,Massive Dynamic Industries,billing@massive.com,EMEA,Gaming,paid,2025-07-29,0,2.0,2450.0,False,2450.0
494e562d313030373536,INV-100756,ACC-7268,Vandelay Holdings,billing@vandelay.com,APAC,Manufacturing,paid,2025-02-18,1,3.0,4950.0,True,4950.0
494e562d313030383234,INV-100824,ACC-9666,Gekko Partners,billing@gekko.com,LATAM,Fintech,paid,2027-04-11,1,1.0,110.25,False,110.25
494e562d313034303034,INV-104004,ACC-9197,Tyrell Group,billing@tyrell.com,LATAM,Gaming,paid,2023-10-22,0,3.0,147.0,False,147.0
494e562d313030333430,INV-100340,ACC-9723,Aperture Co,billing@aperture.com,LATAM,Gaming,paid,2022-01-15,1,3.0,14950.0,False,1245.8333333333333
494e562d313030363831,INV-100681,ACC-2095,Prestige Holdings,billing@prestige.com,LATAM,Education,paid,2022-06-26,1,,577.368,False,534.6
494e562d313032393135,INV-102915,ACC-6139,Globex Inc,billing@globex.com,EMEA,Healthcare,paid,2025-07-01,0,1.0,-269100.0,False,934.375
494e562d313031373033,INV-101703,ACC-2571,Wayne Inc,billing@wayne.com,EMEA,Travel,paid,2024-09-07,0,5.0,673.0,False,673.0
494e562d313031303038,INV-101008,ACC-1816,Wonka Inc,billing@wonka.com,EMEA,Media,paid,2023-08-10,0,5.0,2272.05,True,2272.05
494e562d313032373631,INV-102761,ACC-9899,Nakatomi Corp,billing@nakatomi.com,,,paid,2023-01-10,0,1.0,26460.0,False,2205.0
494e562d313032383732,INV-102872,ACC-3376,Dunder LLC,billing@dunder.com,APAC,Media,paid,2024-02-22,0,1.0,12250.0,False,12250.0
494e562d313033303335,INV-103035,ACC-5625,Nakatomi Corp,billing@nakatomi.com,LATAM,Retail,paid,2022-10-02,1,4.0,299.0,False,299.0
494e562d313030343931,INV-100491,ACC-3509,Gekko Co,billing@gekko.com,LATAM,Education,paid,2022-12-06,0,4.0,367.5,False,367.5
494e562d313031313137,INV-101117,ACC-9686,Aperture Inc,billing@aperture.com,,,paid,2026-06-24,0,5.0,1470.0,False,122.5
494e562d313033343337,INV-103437,ACC-9964,Hooli Holdings,billing@hooli.com,,Retail,paid,2024-12-04,0,2.0,5773.68,False,445.5
494e562d313032363339,INV-102639,ACC-2868,Wonka Labs,billing@wonka.com,,Education,paid,2023-12-27,1,5.0,-629748.0,False,3748.5
494e562d313032343332,INV-102432,ACC-5063,Soylent LLC,billing@soylent.com,LATAM,Fintech,paid,2021-09-27,0,5.0,762.45,False,762.45
494e562d313033343637,INV-103467,ACC-9000,Globex Corp,billing@globex.com,EMEA,Logistics,paid,2024-03-21,0,,24500.0,False,2041.6666666666667
494e562d313032353533,INV-102553,ACC-5666,Initech Corp,billing@initech.com,LATAM,Manufacturing,paid,2021-09-28,0,2.0,142884.0,False,11025.0
494e562d313032353839,INV-102589,ACC-6938,Vandelay Co,billing@vandelay.com,LATAM,Media,paid,2024-02-26,0,4.0,-5824.0,False,34.666666666666664
494e562d313032363035,INV-102605,ACC-2415,Prestige Ltd,billing@prestige.com,APAC,Media,paid,2024-10-14,0,3.0,24500.0,False,2041.6666666666667
494e562d313031393634,INV-101964,ACC-2737,Massive Dynamic Inc,,APAC,,paid,2023-11-05,0,5.0,87188.40000000001,False,6727.5
494e562d313033363733,INV-103673,ACC-8748,Initech Ltd,billing@initech.com,,Fintech,paid,2024-10-03,1,5.0,34875.36,False,2691.0
494e562d313032343330,INV-102430,ACC-1714,Pied Piper Labs,billing@pied.com,EMEA,Energy,paid,2024-01-22,0,3.0,-7448.0,False,32.666666666666664
494e562d313030333731,INV-100371,ACC-6131,Aperture LLC,billing@aperture.com,APAC,Education,paid,2024-10-02,1,1.0,-291550.0,False,1735.4166666666667
494e562d313033383136,INV-103816,ACC-8019,Aperture Co,billing@aperture.com,APAC,,paid,2025-12-07,0,4.0,5292.0,False,441.0
494e562d313030313333,INV-100133,ACC-3247,Dunder Holdings,billing@dunder.com,EMEA,Retail,paid,2024-10-21,0,3.0,12250.0,False,12250.0
494e562d313033333532,INV-103352,ACC-7680,Aperture Inc,billing@aperture.com,,Travel,paid,2023-03-25,1,5.0,49.0,False,49.0
494e562d313031343334,INV-101434,ACC-3099,Soylent Holdings,billing@soylent.com,,Healthcare,paid,2021-09-24,0,5.0,49000.0,False,4083.3333333333335
494e562d313033333935,INV-103395,ACC-2215,Tyrell Inc,billing@tyrell.com,EMEA,Energy,paid,2025-12-30,0,1.0,1495.0,False,1495.0
494e562d313032343734,INV-102474,ACC-1854,Massive Dynamic Corp,billing@massive.com,,Healthcare,paid,2024-08-08,1,5.0,-7062260.4,False,60547.5
494e562d313034393237,INV-104927,ACC-6906,Initech Ltd,billing@initech.com,LATAM,Logistics,paid,2025-08-05,0,4.0,247500.0,False,20625.0
494e562d313030343738,INV-100478,ACC-8809,Globex Industries,billing@globex.com,LATAM,Manufacturing,paid,2023-02-26,0,4.0,-173156.88,False,759.46
494e562d313032353033,INV-102503,ACC-5106,Pied Piper Inc,billing@pied.com,EMEA,Logistics,paid,2022-09-20,1,4.0,1470.0,False,122.5
494e562d313032373837,INV-102787,ACC-3278,Dunder Corp,billing@dunder.com,EMEA,Logistics,paid,2025-08-17,0,1.0,-11907.0,False,110.25
494e562d313034353732,INV-104572,ACC-1108,Prestige Corp,billing@prestige.com,EMEA,Manufacturing,paid,2025-08-09,0,4.0,80730.0,False,80730.0
494e562d313031323638,INV-101268,ACC-4769,Initech Ltd,billing@initech.com,EMEA,Healthcare,paid,2025-08-06,0,3.0,79032.1,False,5185.833333333333
494e562d313032393439,INV-102949,ACC-3703,Pied Piper Inc,billing@pied.com,,Travel,paid,2024-11-16,0,4.0,495.0,False,495.0
494e562d313034383839,INV-104889,ACC-4451,Gekko LLC,billing@gekko.com,APAC,Gaming,refunded,2025-04-03,1,3.0,-380.0,False,0.0
494e562d313032313134,INV-102114,ACC-8479,Wonka Industries,billing@wonka.com,APAC,Logistics,paid,2023-04-01,1,3.0,2990.0,False,2990.0
494e562d313033303332,INV-103032,ACC-6915,Gekko Inc,billing@gekko.com,APAC,Media,paid,2024-10-04,0,4.0,4714.88,False,4714.88
494e562d313033333735,INV-103375,ACC-3084,Dunder Ltd,billing@dunder.com,,Fintech,paid,2023-12-21,0,4.0,4900.0,False,408.3333333333333
494e562d313032393934,INV-102994,ACC-7139,Aperture Partners,billing@aperture.com,APAC,Healthcare,paid,2022-11-28,0,5.0,9900.0,False,9900.0
494e562d313034393534,INV-104954,ACC-8437,Wayne LLC,billing@wayne.com,,Retail,paid,2023-01-19,0,5.0,320.76,False,320.76
494e562d313033323631,INV-103261,ACC-2388,Vandelay Holdings,billing@vandelay.com,EMEA,Travel,paid,2021-11-14,1,3.0,4900.0,False,4900.0
494e562d313031343736,INV-101476,ACC-2758,Umbrella Group,billing@umbrella.com,LATAM,Media,refunded,2023-05-28,0,2.0,-490.0,False,0.0
494e562d313034323330,INV-104230,ACC-3823,Nakatomi Corp,billing@nakatomi.com,LATAM,Media,paid,2025-09-09,0,4.0,-868062.78,False,2373.3125
494e562d313031343539,INV-101459,ACC-6827,Soylent Labs,billing@soylent.com,APAC,Manufacturing,paid,2023-07-05,0,5.0,2450.0,False,204.16666666666666
494e562d313034393533,INV-104953,ACC-8291,Wonka Group,,LATAM,Media,paid,2022-10-06,0,5.0,897.0,False,897.0
494e562d313030353532,INV-100552,ACC-3957,Stark Group,billing@stark.com,EMEA,Education,paid,2022-10-05,0,5.0,12250.0,False,1020.8333333333334
494e562d313033313930,INV-103190,ACC-5011,Prestige LLC,billing@prestige.com,EMEA,Travel,paid,2025-06-28,0,2.0,-186200.0,False,816.6666666666666
494e562d313031383836,INV-101886,ACC-2025,Soylent Holdings,billing@soylent.com,EMEA,,paid,2025-04-30,0,,4762.8,False,4762.8
494e562d313030373930,INV-100790,ACC-2977,Pied Piper Labs,billing@pied.com,APAC,Fintech,paid,2023-05-16,0,4.0,17437.68,False,16146.0
494e562d313031333933,INV-101393,ACC-6710,Aperture Corp,billing@aperture.com,,Media,paid,2024-11-24,0,5.0,416.5,False,416.5
494e562d313031353838,INV-101588,ACC-8858,Acme Holdings,billing@acme.com,APAC,Travel,paid,2022-06-30,1,5.0,12250.0,False,1020.8333333333334
494e562d313033333230,INV-103320,ACC-3945,Vandelay Labs,billing@vandelay.com,,Gaming,paid,2022-08-26,0,4.0,2450.0,False,2450.0
494e562d313030363737,INV-100677,ACC-4872,Globex Industries,billing@globex.com,,Healthcare,paid,2024-03-21,0,4.0,490.0,False,490.0
494e562d313031313833,INV-101183,ACC-7655,Wayne Co,billing@wayne.com,LATAM,Gaming,paid,2025-09-16,0,5.0,2970.0,False,247.5
494e562d313032323736,INV-102276,ACC-5325,Aperture Co,billing@aperture.com,APAC,,paid,2023-07-18,0,2.0,14950.0,False,1245.8333333333333
494e562d313031313933,INV-101193,ACC-6968,Oscorp Co,billing@oscorp.com,EMEA,Energy,paid,2025-02-08,0,3.0,-318087.0,False,1893.375
494e562d313031373431,INV-101741,ACC-6112,Soylent Corp,billing@soylent.com,APAC,Gaming,paid,2023-03-01,0,4.0,245.0,False,245.0
494e562d313031353933,INV-101593,ACC-8220,Tyrell Ltd,billing@tyrell.com,,Logistics,refunded,2025-06-17,0,5.0,-10692.0,False,0.0
494e562d313034303936,INV-104096,ACC-7956,Pied Piper Holdings,billing@pied.com,EMEA,,paid,2023-02-02,1,4.0,747500.0,False,62291.666666666664
494e562d313031323239,INV-101229,ACC-7366,Aperture Holdings,billing@aperture.com,EMEA,Fintech,paid,2022-07-01,0,,12250.0,False,12250.0
494e562d313031343639,INV-101469,ACC-3514,Nakatomi Labs,billing@nakatomi.com,APAC,Energy,paid,2025-01-28,0,,147.0,False,147.0
494e562d313034333138,INV-104318,ACC-4260,Gekko Co,billing@gekko.com,,Fintech,refunded,2023-07-01,0,4.0,-10412.5,False,0.0
494e562d313031313938,INV-101198,ACC-6728,Cyberdyne Partners,billing@cyberdyne.com,APAC,Travel,paid,2024-09-09,1,4.0,747500.0,False,62291.666666666664
494e562d313032383638,INV-102868,ACC-3688,Gekko LLC,billing@gekko.com,APAC,,paid,2025-02-13,0,5.0,529.2,False,44.1
494e562d313034323536,INV-104256,ACC-9599,Gekko Corp,billing@gekko.com,LATAM,Education,refunded,2024-03-10,0,5.0,-4900.0,False,0.0
494e562d313032383031,INV-102801,ACC-8226,Initech Co,billing@initech.com,,Healthcare,paid,2021-12-12,0,1.0,-1307826.0,False,12109.5
494e562d313031333435,INV-101345,ACC-5474,Umbrella Labs,billing@umbrella.com,LATAM,Logistics,paid,2022-09-07,0,3.0,-89100.0,False,309.375
494e562d313032343334,INV-102434,ACC-9903,Initech Corp,billing@initech.com,EMEA,Media,paid,2023-11-07,0,3.0,1470.0,False,122.5
494e562d313030393730,INV-100970,ACC-9880,Globex LLC,billing@globex.com,,Energy,paid,2022-07-29,0,3.0,4900.0,False,408.3333333333333
494e562d313032353134,INV-102514,ACC-2310,Wonka Holdings,billing@wonka.com,,Logistics,paid,2022-06-26,0,4.0,14950.0,False,1245.8333333333333
494e562d313032353830,INV-102580,ACC-9143,Oscorp Co,billing@oscorp.com,,Healthcare,refunded,2026-04-13,1,2.0,-990.0,False,0.0
494e562d313032343338,INV-102438,ACC-2833,Oscorp Inc,billing@oscorp.com,LATAM,,paid,2025-05-25,0,5.0,490.0,False,490.0
494e562d313033303236,INV-103026,ACC-6076,Globex Group,billing@globex.com,LATAM,Media,paid,2024-02-08,1,5.0,1143.0720000000001,False,1058.4
494e562d313032343830,INV-102480,ACC-2511,Initech Inc,billing@initech.com,APAC,Education,paid,2023-09-30,0,,-74480.0,False,326.6666666666667
494e562d313031303836,INV-101086,ACC-8586,Tyrell Labs,billing@tyrell.com,,Gaming,paid,2023-05-28,1,1.0,1446.7713,False,1139.19
494e562d313031333434,INV-101344,ACC-5438,Wayne Group,billing@wayne.com,APAC,Fintech,paid,2025-02-11,0,,897.0,False,897.0
494e562d313033393937,INV-103997,ACC-3360,Tyrell Labs,billing@tyrell.com,,Retail,paid,2025-01-24,0,5.0,-589050.0,False,3506.25
494e562d313033383536,INV-103856,ACC-9109,Cyberdyne Labs,billing@cyberdyne.com,LATAM,Healthcare,paid,2023-06-19,0,4.0,1225.0,False,1225.0
494e562d313034363835,INV-104685,ACC-6449,Wonka Partners,billing@wonka.com,EMEA,Fintech,refunded,2024-02-11,1,1.0,-1495.0,False,0.0
494e562d313032353037,INV-102507,ACC-2728,Prestige LLC,billing@prestige.com,APAC,Travel,paid,2023-12-02,1,4.0,1470.0,False,122.5
494e562d313034353830,INV-104580,ACC-7556,Massive Dynamic Co,billing@massive.com,,Education,paid,2023-09-18,1,3.0,2857.6800000000003,False,2646.0
494e562d313032393034,INV-102904,ACC-2341,Hooli Corp,billing@hooli.com,LATAM,Travel,paid,2023-06-28,0,,12573.0,False,1047.75
494e562d313033373439,INV-103749,ACC-9062,Wonka Industries,billing@wonka.com,,Travel,paid,2024-10-15,0,5.0,267.3,False,267.3
494e562d313033313733,INV-103173,ACC-6751,Globex Inc,billing@globex.com,LATAM,Retail,paid,2022-08-18,1,4.0,24500.0,False,2041.6666666666667
494e562d313034323436,INV-104246,ACC-4429,Gekko Industries,billing@gekko.com,LATAM,Travel,paid,2023-06-08,0,2.0,-112014.0,False,388.9375
494e562d313032333734,INV-102374,ACC-7488,Aperture LLC,billing@aperture.com,,Gaming,paid,2026-03-11,0,1.0,147.0,False,147.0
494e562d313031373935,INV-101795,ACC-8271,Umbrella Labs,billing@umbrella.com,LATAM,Logistics,paid,2023-05-12,0,4.0,99000.0,False,8250.0
494e562d313030363638,INV-100668,ACC-1884,Gekko Labs,billing@gekko.com,EMEA,Fintech,paid,2024-06-17,0,3.0,534.6,False,534.6
494e562d313033313538,INV-103158,ACC-8073,Hooli Inc,billing@hooli.com,EMEA,Gaming,paid,2025-05-06,0,5.0,311.0,False,311.0
494e562d313030363234,INV-100624,ACC-3307,Soylent Inc,billing@soylent.com,,Education,paid,2021-10-21,0,1.0,14950.0,False,14950.0
494e562d313031363437,INV-101647,ACC-4502,Initech Inc,billing@initech.com,APAC,Media,paid,2022-11-27,0,4.0,-17493.0,False,104.125
494e562d313033383131,INV-103811,ACC-3796,Nakatomi Group,billing@nakatomi.com,LATAM,Fintech,paid,2021-12-01,1,4.0,2990.0,False,2990.0
494e562d313034373030,INV-104700,ACC-8372,Hooli Labs,billing@hooli.com,EMEA,Energy,paid,2024-02-12,0,,99000.0,False,8250.0
494e562d313034363933,INV-104693,ACC-7831,Massive Dynamic Holdings,billing@massive.com,,Education,paid,2022-04-13,0,3.0,-99225.0,False,918.75
494e562d313033303938,INV-103098,ACC-5833,Wonka Labs,billing@wonka.com,LATAM,,paid,2026-08-17,0,4.0,1069.2,False,1069.2
494e562d313031343837,INV-101487,ACC-8846,Dunder Labs,billing@dunder.com,APAC,,paid,2023-02-10,0,5.0,161460.0,False,13455.0
494e562d313032333532,INV-102352,ACC-9687,Acme Inc,,,Travel,paid,2023-12-21,0,5.0,4900.0,False,408.3333333333333
494e562d313031393832,INV-101982,ACC-3331,Wonka LLC,billing@wonka.com,EMEA,Retail,paid,2026-02-07,1,5.0,990.0,False,990.0
494e562d313034323433,INV-104243,ACC-8941,Oscorp Ltd,billing@oscorp.com,LATAM,Energy,paid,2023-05-03,0,5.0,-80190.0,False,742.5
494e562d313033333837,INV-103387,ACC-5202,Wayne Co,billing@wayne.com,,Media,paid,2024-01-28,0,1.0,490.0,True,40.833333333333336
494e562d313030343030,INV-100400,ACC-6145,Initech Holdings,billing@initech.com,EMEA,Gaming,paid,2024-04-07,0,1.0,14950.0,False,1245.8333333333333
494e562d313031353730,INV-101570,ACC-2550,Wayne Corp,,,Logistics,paid,2024-05-15,0,5.0,8970.0,False,747.5
494e562d313032303634,INV-102064,ACC-7087,Dunder Industries,billing@dunder.com,EMEA,Logistics,paid,2022-10-20,0,3.0,2990.0,False,2990.0
494e562d313030373637,INV-100767,ACC-2564,Soylent Inc,billing@soylent.com,APAC,Retail,paid,2024-06-07,1,3.0,571.5360000000001,False,529.2
494e562d313031313535,INV-101155,ACC-2979,Acme Co,billing@acme.com,LATAM,Logistics,paid,2024-03-04,1,5.0,168.02,False,168.02
494e562d313030393238,INV-100928,ACC-4666,Acme Co,billing@acme.com,LATAM,,refunded,2024-08-18,1,,-4950.0,False,0.0
494e562d313032313430,INV-102140,ACC-4101,Wayne Corp,,APAC,Education,paid,2024-05-01,0,5.0,29900.0,False,2491.6666666666665
494e562d313033313230,INV-103120,ACC-7013,Soylent Corp,billing@soylent.com,APAC,Fintech,paid,2025-01-01,0,1.0,99.0,False,99.0
494e562d313033363432,INV-103642,ACC-7829,Cyberdyne Labs,billing@cyberdyne.com,APAC,Media,paid,2023-10-18,0,1.0,-145775.0,False,867.7083333333334
494e562d313034323239,INV-104229,ACC-3228,Nakatomi Co,billing@nakatomi.com,EMEA,Manufacturing,paid,2023-03-30,0,1.0,-882000.0,False,3062.5
494e562d313031363939,INV-101699,ACC-4929,Hooli Holdings,billing@hooli.com,,Travel,paid,2024-11-12,0,3.0,245.0,False,245.0
494e562d313032343435,INV-102445,ACC-6997,Wonka Group,billing@wonka.com,LATAM,Manufacturing,paid,2023-04-16,0,4.0,12250.0,False,1020.8333333333334
494e562d313031323832,INV-101282,ACC-1864,Massive Dynamic Group,billing@massive.com,EMEA,Gaming,paid,2025-07-29,0,3.0,628.65,False,628.65
494e562d313031333430,INV-101340,ACC-3112,Gekko Inc,billing@gekko.com,EMEA,,paid,2026-04-12,1,5.0,3229.0,False,3229.0
494e562d313033323639,INV-103269,ACC-3772,Pied Piper Holdings,billing@pied.com,,Travel,paid,2023-04-25,0,1.0,-74480.0,False,326.6666666666667
494e562d313030393533,INV-100953,ACC-5878,Wonka Labs,billing@wonka.com,APAC,Media,paid,2024-04-26,0,3.0,245.0,False,245.0
494e562d313034333533,INV-104353,ACC-8166,Aperture Labs,billing@aperture.com,EMEA,Education,paid,2022-02-13,0,3.0,245.0,False,245.0
494e562d313032383738,INV-102878,ACC-1944,Massive Dynamic Inc,billing@massive.com,APAC,Travel,paid,2022-03-17,0,2.0,4900.0,False,408.3333333333333
494e562d313033353239,INV-103529,ACC-4585,Globex Holdings,billing@globex.com,,Fintech,paid,2026-08-24,0,,2475.0,False,2475.0
494e562d313032303238,INV-102028,ACC-9032,Prestige Labs,,,Travel,paid,2027-03-16,0,1.0,2857.6800000000003,True,220.5
494e562d313030333936,INV-100396,ACC-2710,Prestige Ltd,,EMEA,Energy,paid,2024-09-09,1,3.0,49000.0,False,4083.3333333333335
494e562d313034353133,INV-104513,ACC-1532,Hooli Holdings,billing@hooli.com,EMEA,Healthcare,paid,2023-12-27,0,,3960.0,False,3960.0
494e562d313030313034,INV-100104,ACC-7939,Dunder Labs,billing@dunder.com,,Media,paid,2023-05-18,0,,18562.5,False,18562.5
494e562d313034303134,INV-104014,ACC-6644,Prestige Labs,billing@prestige.com,LATAM,Media,paid,2025-08-08,1,4.0,321.0,False,321.0
494e562d313032363232,INV-102622,ACC-2167,Wayne Labs,billing@wayne.com,APAC,Travel,paid,2022-05-09,0,4.0,147.0,False,147.0
494e562d313030383435,INV-100845,ACC-5347,Initech Ltd,billing@initech.com,EMEA,Manufacturing,paid,2024-06-12,0,5.0,147.0,False,147.0
494e562d313034383739,INV-104879,ACC-1580,Pied Piper Industries,billing@pied.com,,Logistics,paid,2024-12-14,0,3.0,990.0,False,990.0
494e562d313032303831,INV-102081,ACC-9811,Aperture Partners,billing@aperture.com,EMEA,Retail,paid,2024-05-07,1,3.0,9900.0,False,825.0
494e562d313032363335,INV-102635,ACC-4290,Initech Partners,billing@initech.com,EMEA,Media,paid,2024-05-23,0,5.0,490.0,False,40.833333333333336
494e562d313032353131,INV-102511,ACC-6572,Aperture Corp,billing@aperture.com,LATAM,Education,paid,2022-12-23,1,,981.5256000000002,False,908.82
494e562d313032373937,INV-102797,ACC-3593,Tyrell Group,billing@tyrell.com,,Education,paid,2025-04-13,0,4.0,790.3209999999999,False,622.3
494e562d313030313839,INV-100189,ACC-4079,Stark Corp,billing@stark.com,EMEA,Education,paid,2024-01-19,0,5.0,490.0,False,40.833333333333336
494e562d313033303130,INV-103010,ACC-2184,Nakatomi LLC,billing@nakatomi.com,LATAM,Manufacturing,paid,2024-08-20,1,5.0,3229.2,False,3229.2
494e562d313031313839,INV-101189,ACC-9563,Wayne Ltd,billing@wayne.com,EMEA,,paid,2023-05-17,0,2.0,29900.0,False,2491.6666666666665
494e562d313034363330,INV-104630,ACC-8818,Soylent Group,billing@soylent.com,EMEA,Gaming,paid,2022-10-28,0,3.0,490.0,False,490.0
494e562d313031303236,INV-101026,ACC-6382,Aperture Holdings,billing@aperture.com,,Travel,paid,2024-01-01,0,4.0,49500.0,False,4125.0
494e562d313034333931,INV-104391,ACC-5738,Stark Group,billing@stark.com,LATAM,Healthcare,paid,2026-03-06,1,3.0,322920.0,False,26910.0
494e562d313034313036,INV-104106,ACC-9309,Globex Corp,billing@globex.com,APAC,Retail,paid,2023-12-07,0,1.0,49.0,False,49.0
494e562d313030303936,INV-100096,ACC-4683,Globex Holdings,billing@globex.com,EMEA,Education,paid,2024-07-30,0,1.0,-1178100.0,False,7012.5
494e562d313034383137,INV-104817,ACC-3441,Nakatomi Holdings,billing@nakatomi.com,EMEA,,paid,2021-06-09,0,4.0,158.76,False,158.76
494e562d313034363331,INV-104631,ACC-9550,Wayne Partners,billing@wayne.com,LATAM,Healthcare,paid,2023-12-11,0,5.0,18986.5,False,18986.5
494e562d313030313139,INV-100119,ACC-5612,Prestige Holdings,billing@prestige.com,APAC,Healthcare,paid,2026-06-19,0,,490.0,False,40.833333333333336
494e562d313030393931,INV-100991,ACC-8883,Cyberdyne Holdings,billing@cyberdyne.com,APAC,Energy,paid,2024-08-31,1,4.0,314325.0,False,26193.75
494e562d313031313739,INV-101179,ACC-2804,Initech Corp,billing@initech.com,EMEA,Retail,paid,2026-10-21,0,5.0,44.98,True,44.98
494e562d313033373331,INV-103731,ACC-6052,Umbrella Ltd,billing@umbrella.com,LATAM,Gaming,refunded,2025-04-24,1,,-1495.0,False,0.0
494e562d313034383838,INV-104888,ACC-9947,Nakatomi Partners,billing@nakatomi.com,,Retail,paid,2023-02-11,0,5.0,126.0,False,126.0
494e562d313032303432,INV-102042,ACC-6562,Prestige Co,billing@prestige.com,LATAM,Healthcare,paid,2024-02-22,0,5.0,122500.0,False,10208.333333333334
494e562d313031323039,INV-101209,ACC-8560,Dunder Holdings,billing@dunder.com,APAC,Energy,refunded,2023-03-08,0,4.0,-6223.0,False,0.0
494e562d313030363130,INV-100610,ACC-1956,Nakatomi Labs,billing@nakatomi.com,LATAM,Logistics,paid,2024-04-28,0,4.0,747500.0,False,62291.666666666664
494e562d313032373730,INV-102770,ACC-5458,Wonka Partners,billing@wonka.com,LATAM,Fintech,paid,2025-05-18,0,2.0,11547.36,False,891.0
494e562d313030363035,INV-100605,ACC-7136,Hooli Industries,billing@hooli.com,APAC,Education,paid,2025-04-03,0,3.0,-1457750.0,False,8677.083333333334
494e562d313032323639,INV-102269,ACC-9452,Tyrell Corp,billing@tyrell.com,APAC,Healthcare,paid,2023-05-03,0,1.0,457.22880000000004,False,423.36
494e562d313034333530,INV-104350,ACC-8662,Hooli Industries,billing@hooli.com,APAC,Travel,paid,2023-08-25,0,5.0,3111.5,False,3111.5
494e562d313032333039,INV-102309,ACC-7292,Prestige Inc,,,Media,paid,2024-09-02,1,4.0,1069.2,False,89.10000000000001
494e562d313031333838,INV-101388,ACC-8415,Cyberdyne Group,billing@cyberdyne.com,,Gaming,paid,2023-03-15,0,5.0,15557.5,False,1296.4583333333333
494e562d313033373139,INV-103719,ACC-9483,Cyberdyne LLC,billing@cyberdyne.com,APAC,,paid,2021-05-06,0,2.0,9900.0,False,825.0
494e562d313034313937,INV-104197,ACC-9361,Wayne Labs,billing@wayne.com,LATAM,Manufacturing,paid,2024-09-04,1,3.0,10412.5,False,10412.5
494e562d313034333934,INV-104394,ACC-3713,Vandelay Holdings,billing@vandelay.com,APAC,Logistics,paid,2021-08-10,0,5.0,9900.0,True,825.0
494e562d313034313931,INV-104191,ACC-1320,Tyrell Labs,billing@tyrell.com,LATAM,Logistics,paid,2021-12-09,1,4.0,10692.0,False,891.0
494e562d313032303339,INV-102039,ACC-9090,Pied Piper Partners,billing@pied.com,LATAM,,paid,2024-12-30,0,3.0,14001.75,False,14001.75
494e562d313032333432,INV-102342,ACC-8698,Dunder Corp,billing@dunder.com,EMEA,,paid,2025-06-29,0,5.0,529.2,False,529.2
494e562d313030313431,INV-100141,ACC-9393,Nakatomi Partners,billing@nakatomi.com,APAC,Healthcare,paid,2025-02-21,0,3.0,122500.0,False,10208.333333333334
494e562d313030313530,INV-100150,ACC-3100,Cyberdyne Industries,billing@cyberdyne.com,APAC,Education,paid,2025-07-22,0,3.0,3771.9,False,314.325
494e562d313034303330,INV-104030,ACC-7639,Wonka Industries,billing@wonka.com,EMEA,Fintech,paid,2025-10-07,0,3.0,990.0,False,82.5
494e562d313031343238,INV-101428,ACC-6658,Wayne Partners,billing@wayne.com,EMEA,Fintech,paid,2023-07-26,0,5.0,29900.0,True,2491.6666666666665
494e562d313034323133,INV-104213,ACC-6814,Soylent Labs,billing@soylent.com,,Media,paid,2022-02-01,1,3.0,8970.0,False,747.5
494e562d313032333633,INV-102363,ACC-8181,Wayne Corp,billing@wayne.com,LATAM,,paid,2022-12-23,0,4.0,13724.1,False,13724.1
494e562d313034363032,INV-104602,ACC-6506,Tyrell Inc,,APAC,Retail,paid,2023-06-06,0,5.0,2970.0,False,247.5
494e562d313033333132,INV-103312,ACC-4550,Globex LLC,billing@globex.com,LATAM,Logistics,paid,2025-11-26,0,,15967.710000000001,False,1047.75
494e562d313034303334,INV-104034,ACC-2249,Soylent Holdings,billing@soylent.com,EMEA,Fintech,paid,2022-05-09,0,4.0,2646.0,False,2646.0
494e562d313032393733,INV-102973,ACC-5092,Aperture Holdings,billing@aperture.com,APAC,Travel,paid,2023-08-26,0,2.0,-744800.0,False,3266.6666666666665
494e562d313033303538,INV-103058,ACC-1816,Nakatomi Partners,billing@nakatomi.com,EMEA,Logistics,paid,2026-05-04,0,4.0,2082.5,False,2082.5
494e562d313030343138,INV-100418,ACC-8982,Hooli Ltd,billing@hooli.com,EMEA,Fintech,paid,2025-07-21,0,5.0,-198450.0,False,1837.5
494e562d313030303832,INV-100082,ACC-6530,Pied Piper Ltd,billing@pied.com,,Healthcare,paid,2024-04-03,0,,-462944.16000000003,False,3969.0
494e562d313033373237,INV-103727,ACC-8178,Wonka Holdings,billing@wonka.com,EMEA,Energy,paid,2025-06-05,0,2.0,4900.0,False,408.3333333333333
494e562d313033343731,INV-103471,ACC-5812,Dunder Inc,billing@dunder.com,EMEA,Healthcare,paid,2022-07-11,0,3.0,897.0,False,897.0
494e562d313034393438,INV-104948,ACC-4677,Nakatomi Labs,billing@nakatomi.com,,Manufacturing,paid,2026-08-20,1,5.0,44.1,False,44.1
494e562d313032343530,INV-102450,ACC-4631,Dunder Ltd,,LATAM,Fintech,refunded,2023-09-17,0,2.0,-490.0,False,0.0
494e562d313033343534,INV-103454,ACC-5000,Hooli Group,billing@hooli.com,LATAM,Energy,paid,2021-11-26,0,4.0,3920.0,False,3920.0
494e562d313031303330,INV-101030,ACC-2637,Oscorp Co,billing@oscorp.com,LATAM,Retail,paid,2023-10-28,0,2.0,1470.0,False,122.5
494e562d313032343430,INV-102440,ACC-7177,Vandelay Industries,billing@vandelay.com,EMEA,Manufacturing,paid,2024-03-06,0,3.0,4900.0,False,408.3333333333333
494e562d313033373630,INV-103760,ACC-1535,Wonka Group,billing@wonka.com,,Healthcare,paid,2024-09-16,0,5.0,-400950.0,False,3712.5
494e562d313030343834,INV-100484,ACC-7370,Prestige Co,billing@prestige.com,,Media,paid,2025-09-21,1,4.0,56.01,False,56.01
494e562d313032333136,INV-102316,ACC-5570,Vandelay LLC,billing@vandelay.com,LATAM,Energy,paid,2023-01-23,0,5.0,1069.2,False,1069.2
494e562d313031353137,INV-101517,ACC-8313,Prestige Partners,billing@prestige.com,APAC,Fintech,paid,2023-02-09,1,3.0,49000.0,False,4083.3333333333335
494e562d313031313637,INV-101167,ACC-3767,Pied Piper Labs,billing@pied.com,APAC,Retail,paid,2023-12-19,0,4.0,19758.025,False,1296.4583333333333
494e562d313034333432,INV-104342,ACC-7171,Wayne LLC,billing@wayne.com,EMEA,Gaming,paid,2023-11-09,0,3.0,245.0,False,245.0
494e562d313033333136,INV-103316,ACC-7366,Tyrell Ltd,billing@tyrell.com,APAC,Healthcare,paid,2022-09-22,0,4.0,-150480.0,False,660.0
494e562d313032363231,INV-102621,ACC-9177,Massive Dynamic Co,billing@massive.com,,Media,paid,2023-07-25,0,,490.0,False,40.833333333333336
494e562d313030353336,INV-100536,ACC-8148,Acme Co,billing@acme.com,,Education,paid,2022-07-24,0,5.0,2970.0,False,247.5
494e562d313033333435,INV-103345,ACC-9892,Dunder LLC,billing@dunder.com,,Healthcare,paid,2022-03-27,0,4.0,79.0321,False,62.23
494e562d313031303130,INV-101010,ACC-5014,Acme Industries,billing@acme.com,APAC,Travel,paid,2023-03-01,1,4.0,1069.2,False,89.10000000000001
494e562d313030343634,INV-100464,ACC-2724,Wayne Partners,billing@wayne.com,EMEA,Travel,paid,2026-09-18,0,,2857.6800000000003,False,220.5
494e562d313033343232,INV-103422,ACC-8218,Pied Piper Inc,billing@pied.com,,Energy,paid,2026-01-07,0,1.0,990.0,False,990.0
494e562d313030303433,INV-100043,ACC-6793,Umbrella Labs,billing@umbrella.com,APAC,Travel,paid,2024-05-01,0,,2990.0,False,249.16666666666666
494e562d313032383435,INV-102845,ACC-5294,Wonka Group,billing@wonka.com,EMEA,,paid,2022-11-29,0,3.0,49.0,False,49.0
494e562d313031303834,INV-101084,ACC-3813,Oscorp Inc,billing@oscorp.com,LATAM,Retail,paid,2024-02-05,1,3.0,726.57,False,726.57
494e562d313034343036,INV-104406,ACC-8663,Globex Corp,billing@globex.com,,Logistics,paid,2023-01-30,0,4.0,-19204.8003,False,140.0175
494e562d313034343834,INV-104484,ACC-8862,Hooli Holdings,billing@hooli.com,EMEA,Education,paid,2026-01-21,0,4.0,247500.0,False,20625.0
494e562d313034353330,INV-104530,ACC-4450,Massive Dynamic Co,billing@massive.com,,Media,paid,2027-01-01,1,3.0,57153.600000000006,False,4410.0
494e562d313031353436,INV-101546,ACC-2195,Prestige Industries,,APAC,Healthcare,paid,2025-01-02,0,4.0,49.0,False,49.0
494e562d313033333835,INV-103385,ACC-1461,Oscorp Partners,billing@oscorp.com,LATAM,Media,paid,2023-07-26,0,4.0,6223.0,False,6223.0
494e562d313030393034,INV-100904,ACC-9924,Wayne Inc,billing@wayne.com,,Education,paid,2023-04-26,0,5.0,990.0,False,82.5
494e562d313034333031,INV-104301,ACC-4369,Umbrella Industries,billing@umbrella.com,APAC,Retail,paid,2025-01-18,0,4.0,392.0,False,392.0
494e562d313032383036,INV-102806,ACC-7063,Nakatomi LLC,billing@nakatomi.com,APAC,Media,paid,2022-10-18,0,1.0,14950.0,False,1245.8333333333333
494e562d313032313438,INV-102148,ACC-1461,Wayne LLC,billing@wayne.com,APAC,Healthcare,paid,2023-11-19,0,3.0,990.0,False,990.0
494e562d313032393331,INV-102931,ACC-5699,Prestige Holdings,billing@prestige.com,APAC,Travel,paid,2024-07-12,0,,2450.0,False,2450.0
494e562d313030313632,INV-100162,ACC-5098,Prestige Partners,billing@prestige.com,EMEA,Manufacturing,paid,2022-07-04,1,2.0,10058.4,False,10058.4
494e562d313034373933,INV-104793,ACC-6377,Gekko Inc,,APAC,Gaming,paid,2022-10-17,1,5.0,4900.0,False,408.3333333333333
494e562d313030363439,INV-100649,ACC-7217,Prestige Ltd,billing@prestige.com,EMEA,Retail,paid,2025-11-13,0,1.0,99000.0,False,8250.0
494e562d313030333634,INV-100364,ACC-9907,Soylent Inc,billing@soylent.com,LATAM,Media,paid,2027-03-06,0,3.0,18986.5,False,18986.5
494e562d313033333733,INV-103373,ACC-5222,Dunder Industries,,APAC,Energy,paid,2022-09-26,0,5.0,147.0,False,147.0
494e562d313031363639,INV-101669,ACC-6114,Massive Dynamic Inc,billing@massive.com,LATAM,Education,refunded,2022-12-30,0,3.0,-2450.0,False,0.0
494e562d313033343230,INV-103420,ACC-4434,Stark Inc,,EMEA,Healthcare,paid,2023-06-20,0,,5346.0,False,5346.0
494e562d313030333233,INV-100323,ACC-1859,Pied Piper Corp,billing@pied.com,LATAM,Healthcare,paid,2024-08-05,0,,12250.0,False,1020.8333333333334
494e562d313032303830,INV-102080,ACC-3347,Dunder Inc,billing@dunder.com,,Manufacturing,paid,2021-12-13,0,5.0,871884.0,False,67275.0
494e562d313030303739,INV-100079,ACC-6222,Aperture Ltd,billing@aperture.com,LATAM,Gaming,paid,2025-02-02,0,5.0,-58905.0,False,350.625
494e562d313033313034,INV-103104,ACC-9771,Gekko LLC,billing@gekko.com,LATAM,Logistics,paid,2024-04-30,0,3.0,2646.0,False,2646.0
494e562d313034393633,INV-104963,ACC-2314,Pied Piper Labs,billing@pied.com,APAC,Travel,paid,2023-01-10,0,,13455.0,False,13455.0
494e562d313032343633,INV-102463,ACC-4384,Soylent Inc,billing@soylent.com,LATAM,,paid,2024-05-24,0,,49.0,False,49.0
494e562d313031393031,INV-101901,ACC-2917,Oscorp Inc,billing@oscorp.com,APAC,Gaming,refunded,2026-11-03,0,5.0,-897.0,False,0.0
494e562d313031333734,INV-101374,ACC-3066,Stark Industries,billing@stark.com,,Fintech,paid,2022-07-21,0,5.0,87188.40000000001,False,6727.5
494e562d313031343737,INV-101477,ACC-6986,Dunder Partners,billing@dunder.com,APAC,Travel,paid,2026-08-07,1,5.0,9687.6,False,807.3000000000001
494e562d313033353436,INV-103546,ACC-3764,Oscorp Holdings,billing@oscorp.com,,Gaming,refunded,2023-07-25,1,4.0,-490.0,False,0.0
494e562d313031313733,INV-101173,ACC-3896,Oscorp Industries,billing@oscorp.com,APAC,Education,paid,2025-06-15,1,4.0,8970.0,False,747.5
494e562d313030343632,INV-100462,ACC-9151,Hooli Inc,,LATAM,Travel,paid,2023-04-03,0,4.0,-186200.0,False,816.6666666666666
494e562d313031373837,INV-101787,ACC-8429,Soylent Inc,billing@soylent.com,APAC,Healthcare,paid,2025-12-06,0,5.0,158.69,False,158.69
494e562d313033323236,INV-103226,ACC-7858,Soylent Holdings,billing@soylent.com,APAC,Media,paid,2024-08-04,0,2.0,183.75,False,183.75
494e562d313033353433,INV-103543,ACC-8696,Cyberdyne Partners,billing@cyberdyne.com,APAC,Gaming,paid,2024-05-01,0,4.0,891.0,False,891.0
494e562d313030353739,INV-100579,ACC-4176,Wonka Ltd,billing@wonka.com,APAC,Education,paid,2024-12-23,0,3.0,12250.0,False,12250.0
494e562d313034323733,INV-104273,ACC-4343,Globex Holdings,billing@globex.com,APAC,Manufacturing,paid,2025-04-29,0,4.0,2990.0,True,2990.0
494e562d313033373339,INV-103739,ACC-7289,Wonka Co,billing@wonka.com,EMEA,Media,paid,2026-07-31,0,4.0,-177912.0,False,1059.0
494e562d313031353533,INV-101553,ACC-7615,Nakatomi Group,billing@nakatomi.com,LATAM,,paid,2025-08-19,0,5.0,245.0,False,245.0
494e562d313033313132,INV-103112,ACC-5990,Acme Partners,billing@acme.com,,Healthcare,paid,2023-05-23,1,3.0,62230.0,False,5185.833333333333
494e562d313032363036,INV-102606,ACC-2364,Gekko LLC,billing@gekko.com,EMEA,Healthcare,paid,2022-05-28,0,2.0,4900.0,False,408.3333333333333
494e562d313031333739,INV-101379,ACC-4662,Vandelay Co,billing@vandelay.com,LATAM,Media,paid,2026-01-05,0,4.0,12250.0,False,12250.0
494e562d313032303630,INV-102060,ACC-8293,Nakatomi Group,,APAC,Retail,refunded,2027-03-07,0,4.0,-31487.399999999998,False,0.0
494e562d313034383631,INV-104861,ACC-1516,Massive Dynamic Holdings,billing@massive.com,APAC,Manufacturing,paid,2023-12-27,0,3.0,529.2,False,529.2
494e562d313031393134,INV-101914,ACC-4136,Wayne Co,billing@wayne.com,APAC,Manufacturing,paid,2024-11-05,1,,245.0,False,245.0
494e562d313031373331,INV-101731,ACC-6880,Acme LLC,billing@acme.com,EMEA,Manufacturing,paid,2026-03-11,0,4.0,571.5360000000001,False,529.2
494e562d313031393137,INV-101917,ACC-2566,Aperture Partners,billing@aperture.com,,Manufacturing,paid,2024-11-09,0,5.0,2370.963,False,155.57500000000002
494e562d313031323937,INV-101297,ACC-5430,Wonka Ltd,billing@wonka.com,,Education,paid,2024-09-09,0,3.0,990.0,False,82.5
494e562d313033373437,INV-103747,ACC-7365,Initech Group,billing@initech.com,EMEA,Healthcare,paid,2021-12-24,0,5.0,2450.0,False,204.16666666666666
494e562d313031313338,INV-101138,ACC-8084,Oscorp Partners,billing@oscorp.com,EMEA,Gaming,paid,2022-01-28,1,,49500.0,False,4125.0
494e562d313030363933,INV-100693,ACC-4694,Wonka Industries,billing@wonka.com,,Gaming,paid,2026-10-29,0,5.0,3161.2839999999997,False,2489.2
494e562d313031343930,INV-101490,ACC-2857,Vandelay Inc,billing@vandelay.com,LATAM,Travel,paid,2024-11-21,0,,5292.0,False,5292.0
494e562d313032343439,INV-102449,ACC-4143,Oscorp Corp,billing@oscorp.com,APAC,Manufacturing,paid,2023-07-25,0,3.0,9900.0,False,9900.0
494e562d313033313335,INV-103135,ACC-8462,Wayne Co,billing@wayne.com,APAC,Fintech,paid,2022-01-31,1,2.0,2450.0,False,204.16666666666666
494e562d313031323436,INV-101246,ACC-5625,Massive Dynamic Co,billing@massive.com,APAC,Gaming,paid,2024-12-15,0,5.0,4950.0,False,412.5
494e562d313031373136,INV-101716,ACC-4978,Hooli Co,billing@hooli.com,LATAM,Fintech,paid,2024-01-24,0,5.0,53460.0,False,4455.0
494e562d313034363338,INV-104638,ACC-5052,Umbrella Holdings,billing@umbrella.com,EMEA,Retail,paid,2022-06-19,1,4.0,12917.0,False,12917.0
494e562d313033343334,INV-103434,ACC-4321,Oscorp Labs,billing@oscorp.com,,Retail,refunded,2023-02-11,0,,-1862000.0,False,0.0
494e562d313033393134,INV-103914,ACC-8593,Initech Corp,billing@initech.com,LATAM,Healthcare,paid,2023-01-19,0,5.0,9900.0,False,825.0
494e562d313034333137,INV-104317,ACC-9334,Massive Dynamic Co,billing@massive.com,,Fintech,paid,2026-06-29,1,3.0,4900.0,False,408.3333333333333
494e562d313034333837,INV-104387,ACC-3224,Prestige Labs,billing@prestige.com,EMEA,Healthcare,refunded,2025-06-15,0,5.0,-495.0,False,0.0
494e562d313032343036,INV-102406,ACC-3134,Pied Piper Ltd,billing@pied.com,APAC,Media,paid,2025-12-21,0,3.0,-396900.0,False,3675.0
494e562d313030383434,INV-100844,ACC-7629,Nakatomi Holdings,billing@nakatomi.com,,Logistics,paid,2024-07-07,0,5.0,-200475.0,False,1856.25
494e562d313033363938,INV-103698,ACC-6306,Dunder Ltd,billing@dunder.com,LATAM,Fintech,paid,2023-09-25,0,5.0,1587.6,False,132.29999999999998
494e562d313033383130,INV-103810,ACC-1337,Prestige Labs,,,Media,paid,2024-02-18,0,5.0,2990.0,False,249.16666666666666
494e562d313034323936,INV-104296,ACC-1436,Prestige Ltd,billing@prestige.com,EMEA,Manufacturing,refunded,2023-11-22,0,3.0,-288684.0,False,0.0
494e562d313034343830,INV-104480,ACC-6180,Oscorp Ltd,,,Travel,paid,2024-03-15,0,3.0,4410.0,False,4410.0
494e562d313033383836,INV-103886,ACC-5353,Stark Co,billing@stark.com,APAC,Fintech,paid,2024-10-06,0,4.0,490.0,False,490.0
494e562d313033333539,INV-103359,ACC-7384,Acme Partners,billing@acme.com,APAC,Retail,paid,2025-01-05,0,3.0,196.0,False,196.0
494e562d313033333639,INV-103369,ACC-5028,Pied Piper Holdings,billing@pied.com,LATAM,Manufacturing,paid,2026-08-03,0,3.0,-24131.519999999997,False,105.83999999999999
494e562d313030333036,INV-100306,ACC-7045,Stark Partners,billing@stark.com,LATAM,Fintech,paid,2024-09-02,0,2.0,-320080.005,False,2333.625
494e562d313033353434,INV-103544,ACC-3335,Globex Corp,billing@globex.com,EMEA,Healthcare,paid,2023-02-11,0,5.0,122500.0,False,10208.333333333334
494e562d313032343139,INV-102419,ACC-8188,Cyberdyne Inc,billing@cyberdyne.com,EMEA,Travel,paid,2025-05-24,0,4.0,1866.9,False,155.57500000000002
494e562d313032383336,INV-102836,ACC-8119,Massive Dynamic Labs,billing@massive.com,LATAM,Energy,paid,2024-03-11,0,2.0,49.0,False,49.0
494e562d313034303537,INV-104057,ACC-3223,Umbrella Industries,,,Media,paid,2025-08-24,0,1.0,5346.0,False,445.5
494e562d313032363939,INV-102699,ACC-8210,Soylent Corp,billing@soylent.com,,Gaming,paid,2026-02-21,0,4.0,3207.6,False,267.3
494e562d313034343230,INV-104420,ACC-2382,Pied Piper Co,billing@pied.com,APAC,Gaming,paid,2026-12-11,0,5.0,5292.0,False,5292.0
494e562d313033333431,INV-103341,ACC-4604,Pied Piper Industries,billing@pied.com,EMEA,,paid,2025-03-27,0,5.0,24750.0,False,24750.0
494e562d313031363937,INV-101697,ACC-6295,Aperture Industries,billing@aperture.com,,Retail,paid,2022-03-16,0,4.0,990.0,False,82.5
494e562d313030333636,INV-100366,ACC-2920,Oscorp Inc,billing@oscorp.com,APAC,Healthcare,paid,2022-09-01,1,5.0,29900.0,False,29900.0
494e562d313033383934,INV-103894,ACC-7922,Gekko Co,,,Logistics,paid,2023-01-19,0,5.0,56062.5,False,56062.5
494e562d313031383230,INV-101820,ACC-1485,Massive Dynamic Labs,billing@massive.com,APAC,Logistics,paid,2024-04-02,0,5.0,12707.5,False,12707.5
494e562d313030353631,INV-100561,ACC-2645,Prestige Holdings,billing@prestige.com,LATAM,Logistics,paid,2024-03-10,0,,29900.0,False,2491.6666666666665
494e562d313031333936,INV-101396,ACC-9423,Aperture Corp,billing@aperture.com,EMEA,Media,paid,2026-02-22,0,2.0,-80190.0,False,742.5
494e562d313030353036,INV-100506,ACC-4824,Vandelay Industries,billing@vandelay.com,EMEA,Energy,paid,2024-12-30,0,3.0,-4544800.0,False,19933.333333333332
494e562d313031313139,INV-101119,ACC-4643,Cyberdyne Partners,billing@cyberdyne.com,,Retail,paid,2025-07-28,0,4.0,-355810.0,False,2117.9166666666665
494e562d313030383338,INV-100838,ACC-1269,Prestige Holdings,billing@prestige.com,,,paid,2022-05-24,0,4.0,122500.0,True,10208.333333333334
494e562d313034313638,INV-104168,ACC-8937,Dunder Holdings,billing@dunder.com,,Manufacturing,paid,2024-04-17,0,3.0,4822.571,False,3797.3
494e562d313030343034,INV-100404,ACC-4774,Pied Piper Partners,billing@pied.com,LATAM,Gaming,paid,2025-02-15,0,4.0,571.5360000000001,False,529.2
494e562d313031303136,INV-101016,ACC-6636,Prestige Inc,billing@prestige.com,,Manufacturing,paid,2024-01-30,0,,6223.0,False,518.5833333333334
494e562d313033353835,INV-103585,ACC-5535,Tyrell Ltd,,,Fintech,paid,2024-05-28,0,3.0,29900.0,False,2491.6666666666665
494e562d313032373235,INV-102725,ACC-4721,Prestige Partners,billing@prestige.com,LATAM,,paid,2024-06-05,0,3.0,122500.0,False,10208.333333333334
494e562d313034303939,INV-104099,ACC-5034,Nakatomi Corp,billing@nakatomi.com,EMEA,Retail,paid,2024-09-16,1,3.0,1225.0,False,1225.0
494e562d313032323834,INV-102284,ACC-4397,Globex Labs,billing@globex.com,LATAM,Media,paid,2024-02-19,0,4.0,12250.0,False,1020.8333333333334
494e562d313031363931,INV-101691,ACC-3825,Stark Industries,billing@stark.com,EMEA,Logistics,paid,2023-09-20,0,3.0,12250.0,False,12250.0
494e562d313031393937,INV-101997,ACC-8353,Initech Co,billing@initech.com,,Gaming,paid,2025-07-14,1,5.0,49.0,True,49.0
494e562d313034323932,INV-104292,ACC-3376,Acme Labs,billing@acme.com,APAC,Media,paid,2025-06-21,0,5.0,-47628.0,False,165.375
494e562d313031343330,INV-101430,ACC-3047,Prestige Ltd,billing@prestige.com,EMEA,Education,paid,2025-07-07,0,5.0,49500.0,False,4125.0
494e562d313030363333,INV-100633,ACC-4853,Prestige LLC,billing@prestige.com,,Gaming,paid,2025-06-04,0,4.0,-2571912.0,False,8268.75
494e562d313031303234,INV-101024,ACC-4994,Stark Ltd,billing@stark.com,APAC,Energy,paid,2023-03-20,0,5.0,490.0,False,490.0
494e562d313030313234,INV-100124,ACC-9462,Nakatomi Co,billing@nakatomi.com,,,paid,2026-05-28,0,3.0,67275.0,False,67275.0
494e562d313030353131,INV-100511,ACC-1925,Wonka Group,billing@wonka.com,,Gaming,paid,2023-03-05,0,,79.2,False,79.2
494e562d313030383636,INV-100866,ACC-9847,Umbrella Corp,billing@umbrella.com,LATAM,Fintech,paid,2024-06-11,0,1.0,297.0,False,297.0
494e562d313032353234,INV-102524,ACC-5071,Oscorp Ltd,billing@oscorp.com,LATAM,Healthcare,paid,2023-11-04,0,5.0,3111.5,False,259.2916666666667
494e562d313034393039,INV-104909,ACC-7521,Acme Industries,billing@acme.com,,Energy,paid,2024-03-16,0,2.0,2970.0,False,247.5
494e562d313033373730,INV-103770,ACC-9227,Wayne Industries,billing@wayne.com,LATAM,Logistics,paid,2024-02-11,0,3.0,9900.0,False,825.0
494e562d313031323339,INV-101239,ACC-6178,Dunder Inc,billing@dunder.com,APAC,Media,paid,2023-11-27,0,,490.0,False,490.0
494e562d313030303430,INV-100040,ACC-3417,Wonka Industries,billing@wonka.com,APAC,Retail,paid,2021-07-06,1,3.0,1257.3,False,104.77499999999999
494e562d313031393033,INV-101903,ACC-1681,Cyberdyne Partners,billing@cyberdyne.com,,Gaming,paid,2023-06-15,0,3.0,24500.0,False,2041.6666666666667
494e562d313033343130,INV-103410,ACC-8986,Acme Co,billing@acme.com,LATAM,Manufacturing,paid,2023-06-10,0,5.0,3207.6,False,267.3
494e562d313030343033,INV-100403,ACC-9830,Prestige Labs,billing@prestige.com,,Manufacturing,paid,2023-04-16,0,,990.0,False,82.5
494e562d313032313238,INV-102128,ACC-1568,Hooli Ltd,billing@hooli.com,APAC,Retail,paid,2023-07-29,0,4.0,-200475.0,False,1856.25
494e562d313033303837,INV-103087,ACC-7300,Acme Partners,billing@acme.com,LATAM,Fintech,paid,2025-09-23,0,1.0,19758.025,False,15557.5
494e562d313032303932,INV-102092,ACC-3764,Hooli Co,billing@hooli.com,EMEA,Travel,paid,2022-02-09,0,4.0,12250.0,False,1020.8333333333334
494e562d313031333131,INV-101311,ACC-8080,Massive Dynamic LLC,billing@massive.com,,Energy,paid,2027-06-17,0,3.0,5292.0,False,441.0
494e562d313032333833,INV-102383,ACC-6522,Wayne Holdings,billing@wayne.com,APAC,Media,paid,2022-03-28,1,,495.0,False,495.0
494e562d313030333832,INV-100382,ACC-7328,Tyrell Group,billing@tyrell.com,APAC,Media,paid,2023-09-12,0,,-58310.0,False,347.0833333333333
494e562d313030353530,INV-100550,ACC-2928,Initech Inc,billing@initech.com,EMEA,Energy,paid,2024-12-02,0,5.0,245.0,False,245.0
494e562d313034343433,INV-104443,ACC-1595,Vandelay LLC,billing@vandelay.com,,Manufacturing,paid,2022-05-06,0,1.0,4822.571,False,3797.3
494e562d313033343530,INV-103450,ACC-5649,Pied Piper LLC,billing@pied.com,APAC,Logistics,paid,2024-07-28,0,5.0,2450.0,False,2450.0
494e562d313034343530,INV-104450,ACC-3458,Hooli Corp,billing@hooli.com,EMEA,Media,paid,2024-04-17,0,4.0,-3842748.0,False,22873.5
494e562d313033393635,INV-103965,ACC-5039,Initech Inc,billing@initech.com,,Manufacturing,paid,2024-07-23,0,5.0,245.0,False,245.0
494e562d313032363632,INV-102662,ACC-1972,Umbrella Co,billing@umbrella.com,,Fintech,paid,2023-01-10,1,,-39690.0,False,367.5
494e562d313034343639,INV-104469,ACC-9020,Globex Inc,billing@globex.com,EMEA,Travel,paid,2024-08-07,0,5.0,124.95,False,124.95
494e562d313032343732,INV-102472,ACC-6097,Umbrella LLC,billing@umbrella.com,EMEA,Healthcare,paid,2026-07-30,0,1.0,1046.2608,False,968.76
494e562d313032383234,INV-102824,ACC-5330,Stark Ltd,billing@stark.com,,Healthcare,paid,2026-11-30,1,3.0,117.6,False,117.6
494e562d313034393631,INV-104961,ACC-1249,Prestige Labs,billing@prestige.com,APAC,Manufacturing,paid,2023-08-14,0,2.0,490.0,False,490.0
494e562d313030303534,INV-100054,ACC-3254,Cyberdyne Corp,billing@cyberdyne.com,APAC,Manufacturing,refunded,2023-05-18,0,,-2450.0,False,0.0
494e562d313034323833,INV-104283,ACC-8775,Massive Dynamic Co,billing@massive.com,APAC,Fintech,paid,2024-09-14,0,4.0,9645.142,False,7594.6
494e562d313033393039,INV-103909,ACC-7161,Massive Dynamic Industries,billing@massive.com,,Media,paid,2022-06-04,0,4.0,245.0,False,245.0
494e562d313034373136,INV-104716,ACC-3739,Cyberdyne Holdings,billing@cyberdyne.com,LATAM,,paid,2023-12-03,0,5.0,3951.605,False,259.2916666666667
494e562d313031373739,INV-101779,ACC-2393,Tyrell LLC,billing@tyrell.com,APAC,Healthcare,paid,2025-06-01,1,,57736.8,False,4455.0
494e562d313033313835,INV-103185,ACC-1634,Globex Labs,billing@globex.com,LATAM,Media,paid,2021-09-24,0,1.0,968.76,False,968.76
494e562d313031313631,INV-101161,ACC-7243,Stark Inc,billing@stark.com,,Retail,paid,2023-05-29,1,5.0,-198450.0,False,1837.5
494e562d313031303335,INV-101035,ACC-8193,Gekko Co,,LATAM,Manufacturing,paid,2023-09-08,0,2.0,99.0,False,99.0
494e562d313034363436,INV-104646,ACC-5039,Stark Inc,billing@stark.com,LATAM,Media,paid,2022-11-10,0,4.0,2475.0,True,2475.0
494e562d313033363236,INV-103626,ACC-2003,Tyrell Partners,billing@tyrell.com,,Energy,paid,2024-03-06,0,5.0,968.76,False,968.76
494e562d313034313630,INV-104160,ACC-9863,Gekko Labs,billing@gekko.com,LATAM,Fintech,paid,2024-09-21,1,3.0,37973.0,False,3164.4166666666665
494e562d313030313433,INV-100143,ACC-7251,Wayne Inc,billing@wayne.com,EMEA,Manufacturing,paid,2026-07-12,0,,1124.55,False,1124.55
494e562d313032323136,INV-102216,ACC-1243,Wayne Co,,LATAM,Education,paid,2022-07-09,0,4.0,12250.0,False,12250.0
494e562d313031373631,INV-101761,ACC-1978,Massive Dynamic Ltd,billing@massive.com,LATAM,Gaming,paid,2024-05-20,0,1.0,629.0,False,629.0
494e562d313032333530,INV-102350,ACC-7603,Globex Partners,billing@globex.com,EMEA,Healthcare,refunded,2025-02-14,0,3.0,-24750.0,False,0.0
494e562d313031323538,INV-101258,ACC-9253,Oscorp Holdings,billing@oscorp.com,EMEA,Education,paid,2025-10-01,0,,490.0,False,490.0
494e562d313034353333,INV-104533,ACC-4977,Umbrella Labs,billing@umbrella.com,,Gaming,paid,2025-03-04,0,3.0,299.0,False,299.0
494e562d313030383135,INV-100815,ACC-2273,Prestige Labs,billing@prestige.com,EMEA,Gaming,paid,2025-05-24,1,1.0,8910.0,False,8910.0
494e562d313030373338,INV-100738,ACC-1772,Globex Ltd,billing@globex.com,APAC,Healthcare,paid,2025-03-07,0,3.0,-11907.0,False,110.25
494e562d313032363230,INV-102620,ACC-2713,Soylent Group,billing@soylent.com,LATAM,Manufacturing,paid,2026-03-13,0,,10462.608,False,807.3000000000001
494e562d313032323333,INV-102233,ACC-3476,Umbrella Labs,billing@umbrella.com,APAC,Healthcare,paid,2022-05-20,0,2.0,-1157360.4000000001,False,9922.5
494e562d313032373137,INV-102717,ACC-7271,Oscorp LLC,billing@oscorp.com,APAC,Gaming,paid,2024-04-22,0,2.0,9900.0,False,825.0
494e562d313032303439,INV-102049,ACC-7941,Umbrella Holdings,billing@umbrella.com,APAC,Energy,paid,2027-07-15,0,2.0,2450.0,False,204.16666666666666
494e562d313030333931,INV-100391,ACC-7162,Gekko Labs,billing@gekko.com,APAC,Healthcare,paid,2022-12-02,0,4.0,897.0,False,897.0
494e562d313034363337,INV-104637,ACC-1116,Hooli Corp,billing@hooli.com,APAC,Education,paid,2024-04-08,0,5.0,14950.0,False,1245.8333333333333
494e562d313031303235,INV-101025,ACC-7180,Wonka Co,,LATAM,,paid,2024-09-22,1,3.0,1225.0,False,1225.0
494e562d313034323839,INV-104289,ACC-3553,Globex Inc,billing@globex.com,LATAM,Energy,paid,2024-08-01,0,5.0,99.0,False,99.0
494e562d313031373037,INV-101707,ACC-5346,Dunder Inc,billing@dunder.com,EMEA,Retail,paid,2024-04-25,0,4.0,-889525.0,False,5294.791666666667
494e562d313033363835,INV-103685,ACC-1208,Acme Partners,billing@acme.com,EMEA,Media,paid,2026-06-18,0,4.0,8718.84,False,8073.0
494e562d313031373336,INV-101736,ACC-3962,Nakatomi Industries,billing@nakatomi.com,EMEA,Travel,paid,2022-06-28,0,4.0,49500.0,False,4125.0
494e562d313034363234,INV-104624,ACC-4191,Prestige Inc,billing@prestige.com,,Manufacturing,paid,2023-09-08,0,5.0,122500.0,False,10208.333333333334
494e562d313031393234,INV-101924,ACC-5436,Hooli Partners,billing@hooli.com,LATAM,Education,paid,2026-05-07,0,4.0,24750.0,False,2062.5
494e562d313034363936,INV-104696,ACC-1835,Massive Dynamic Industries,billing@massive.com,APAC,Education,paid,2024-09-12,1,5.0,24750.0,False,24750.0
494e562d313034313333,INV-104133,ACC-2105,Aperture Labs,billing@aperture.com,APAC,Travel,paid,2026-08-31,0,3.0,1225.0,True,1225.0
494e562d313032353938,INV-102598,ACC-6096,Umbrella Co,billing@umbrella.com,LATAM,Education,paid,2024-11-09,1,4.0,4900.0,False,4900.0
494e562d313031353036,INV-101506,ACC-7733,Acme Labs,billing@acme.com,APAC,Logistics,paid,2023-05-27,0,2.0,529.2,False,44.1
494e562d313034323131,INV-104211,ACC-8820,Prestige Corp,billing@prestige.com,APAC,Logistics,paid,2024-03-03,0,1.0,5601.0,False,5601.0
494e562d313030313335,INV-100135,ACC-2522,Oscorp Holdings,billing@oscorp.com,,Fintech,paid,2025-12-04,0,3.0,245.0,False,245.0
494e562d313031383737,INV-101877,ACC-3898,Pied Piper Group,billing@pied.com,LATAM,,paid,2023-02-18,0,2.0,-300321.98,False,1037.1666666666667
494e562d313032383035,INV-102805,ACC-8458,Wayne Industries,billing@wayne.com,EMEA,Healthcare,paid,2021-10-18,0,,62.23,False,62.23
494e562d313030383930,INV-100890,ACC-2783,Vandelay Partners,billing@vandelay.com,APAC,Travel,paid,2023-04-27,1,4.0,416.5,False,416.5
494e562d313031323634,INV-101264,ACC-1650,Acme Co,billing@acme.com,EMEA,Healthcare,paid,2024-09-06,0,,5292.0,False,441.0
494e562d313032383432,INV-102842,ACC-8288,Oscorp Group,billing@oscorp.com,,Education,paid,2023-11-23,0,2.0,8415.0,True,8415.0
494e562d313034353331,INV-104531,ACC-5480,Gekko Co,billing@gekko.com,,Manufacturing,paid,2023-06-07,0,4.0,63538.0,False,63538.0
494e562d313030383139,INV-100819,ACC-8311,Wayne Inc,billing@wayne.com,APAC,Retail,paid,2024-11-13,1,4.0,299.0,False,299.0
494e562d313032313139,INV-102119,ACC-4933,Umbrella Corp,billing@umbrella.com,APAC,Education,paid,2022-09-13,1,2.0,2242.5,False,2242.5
494e562d313032383835,INV-102885,ACC-4292,Initech Holdings,billing@initech.com,,Travel,paid,2024-12-01,1,4.0,1495.0,True,1495.0
494e562d313032323930,INV-102290,ACC-1681,Stark Industries,billing@stark.com,EMEA,Media,paid,2024-05-22,0,,74750.0,False,6229.166666666667
494e562d313030333433,INV-100343,ACC-3973,Initech Co,billing@initech.com,LATAM,Education,paid,2025-02-19,0,,-74480.0,False,326.6666666666667
494e562d313031303139,INV-101019,ACC-7029,Pied Piper Group,billing@pied.com,,Manufacturing,paid,2022-12-17,0,3.0,747500.0,False,62291.666666666664
494e562d313032353538,INV-102558,ACC-7988,Dunder Ltd,billing@dunder.com,EMEA,Media,refunded,2022-12-14,0,5.0,-3207.6,False,0.0
494e562d313031353334,INV-101534,ACC-7160,Dunder Industries,billing@dunder.com,LATAM,Logistics,paid,2024-10-28,0,5.0,1102.5,False,1102.5
494e562d313031363332,INV-101632,ACC-6226,Aperture Industries,billing@aperture.com,APAC,Retail,paid,2024-05-24,0,,-8895250.0,False,52947.916666666664
494e562d313030303234,INV-100024,ACC-9698,Pied Piper Ltd,billing@pied.com,EMEA,Manufacturing,paid,2022-12-19,1,5.0,132300.0,False,11025.0
494e562d313033343531,INV-103451,ACC-1293,Gekko Group,billing@gekko.com,EMEA,Retail,paid,2024-01-20,0,,4455.0,False,4455.0
494e562d313030323631,INV-100261,ACC-8423,Globex Partners,billing@globex.com,LATAM,,paid,2026-09-26,0,2.0,238.14,False,238.14
494e562d313033373537,INV-103757,ACC-9745,Initech Ltd,billing@initech.com,EMEA,Fintech,paid,2024-04-20,0,1.0,4900.0,False,4900.0
494e562d313034333339,INV-104339,ACC-3377,Prestige Ltd,billing@prestige.com,EMEA,Logistics,paid,2023-05-06,0,5.0,495.0,False,495.0
494e562d313031303538,INV-101058,ACC-9641,Tyrell LLC,billing@tyrell.com,,Retail,paid,2025-05-15,0,,14950.0,True,14950.0
494e562d313031353732,INV-101572,ACC-2783,Vandelay Labs,billing@vandelay.com,EMEA,Gaming,paid,2023-09-06,0,,74750.0,False,6229.166666666667
494e562d313032363831,INV-102681,ACC-4748,Globex Partners,billing@globex.com,,Travel,paid,2023-09-02,0,4.0,122500.0,False,10208.333333333334
494e562d313034343838,INV-104488,ACC-4324,Dunder Co,billing@dunder.com,EMEA,Gaming,paid,2023-06-08,0,3.0,11547.36,False,891.0
494e562d313031333037,INV-101307,ACC-9111,Prestige Ltd,billing@prestige.com,EMEA,Travel,paid,2022-03-28,1,,247500.0,False,20625.0
494e562d313034393838,INV-104988,ACC-4336,Oscorp Ltd,billing@oscorp.com,,Logistics,paid,2026-03-12,0,5.0,-99225.0,True,918.75
494e562d313032313037,INV-102107,ACC-5719,Nakatomi Inc,billing@nakatomi.com,APAC,Media,paid,2023-05-22,1,1.0,1495.0,False,1495.0
494e562d313032343537,INV-102457,ACC-6341,Aperture Ltd,billing@aperture.com,LATAM,Energy,paid,2024-09-26,0,1.0,-1504800.0,False,6600.0
494e562d313032303435,INV-102045,ACC-7236,Gekko Industries,billing@gekko.com,APAC,Manufacturing,paid,2022-05-16,0,5.0,183.75,False,183.75
494e562d313030373034,INV-100704,ACC-6036,Wayne Group,billing@wayne.com,EMEA,Travel,paid,2024-09-11,0,4.0,891.0,False,891.0
494e562d313030383034,INV-100804,ACC-5481,Hooli Group,,APAC,Retail,paid,2023-08-07,1,4.0,245.0,False,245.0
494e562d313033353235,INV-103525,ACC-4635,Umbrella Corp,,EMEA,Retail,paid,2025-08-04,0,,117.6,False,117.6
494e562d313033313239,INV-103129,ACC-4202,Wayne Corp,billing@wayne.com,EMEA,,paid,2022-12-24,1,4.0,990.0,False,990.0
494e562d313031353037,INV-101507,ACC-2264,Pied Piper Co,billing@pied.com,EMEA,Healthcare,paid,2023-10-19,1,4.0,29900.0,False,2491.6666666666665
494e562d313031373433,INV-101743,ACC-8388,Oscorp Inc,billing@oscorp.com,LATAM,Media,paid,2025-09-21,0,4.0,379730.0,False,31644.166666666668
494e562d313030303333,INV-100033,ACC-7512,Stark Industries,billing@stark.com,LATAM,Healthcare,refunded,2022-12-07,1,,-2945250.0,False,0.0
494e562d313030383935,INV-100895,ACC-2446,Dunder Ltd,billing@dunder.com,LATAM,Media,refunded,2025-01-02,0,,-19845.0,False,0.0
494e562d313031353630,INV-101560,ACC-9788,Soylent Group,billing@soylent.com,,Retail,paid,2025-11-19,0,5.0,247500.0,False,20625.0
494e562d313030393036,INV-100906,ACC-5620,Acme Ltd,billing@acme.com,LATAM,Travel,paid,2025-07-15,1,2.0,4950.0,False,412.5
494e562d313033373231,INV-103721,ACC-2743,Stark Co,,APAC,Education,paid,2023-11-14,0,4.0,99.0,False,99.0
494e562d313034333735,INV-104375,ACC-5486,Tyrell LLC,billing@tyrell.com,,Logistics,paid,2025-03-28,0,2.0,99.0,False,99.0
494e562d313034343836,INV-104486,ACC-1884,Oscorp Co,billing@oscorp.com,,Education,paid,2023-12-24,0,4.0,-15048.0,False,66.0
494e562d313030303338,INV-100038,ACC-2911,Wayne Labs,billing@wayne.com,EMEA,Education,refunded,2024-12-16,0,5.0,-4900.0,False,0.0
494e562d313031373435,INV-101745,ACC-5354,Globex LLC,billing@globex.com,LATAM,Media,refunded,2025-05-14,0,,-605475.0,False,0.0
494e562d313033343231,INV-103421,ACC-8353,Aperture Group,billing@aperture.com,EMEA,Media,refunded,2025-02-02,1,2.0,-15557.5,False,0.0
494e562d313033383638,INV-103868,ACC-7561,Hooli Partners,billing@hooli.com,LATAM,Manufacturing,paid,2022-03-17,0,5.0,8970.0,True,747.5
494e562d313034333434,INV-104344,ACC-1219,Nakatomi Group,billing@nakatomi.com,,Logistics,paid,2023-08-26,0,,5292.0,True,441.0
494e562d313033333836,INV-103386,ACC-7483,Wonka Co,billing@wonka.com,APAC,Fintech,paid,2023-12-04,0,3.0,2646.0,False,2646.0
494e562d313032353532,INV-102552,ACC-3121,Wayne Holdings,billing@wayne.com,EMEA,Gaming,paid,2026-07-31,1,2.0,14288.400000000001,False,13230.0
494e562d313030383832,INV-100882,ACC-5195,Cyberdyne LLC,billing@cyberdyne.com,APAC,Manufacturing,paid,2024-04-22,1,3.0,395.16049999999996,False,311.15
494e562d313031363331,INV-101631,ACC-6453,Hooli Partners,billing@hooli.com,,Media,paid,2023-11-21,0,5.0,26730.0,False,26730.0
494e562d313030313331,INV-100131,ACC-2682,Wayne Corp,billing@wayne.com,APAC,Energy,paid,2025-08-03,0,4.0,529.2,False,529.2
494e562d313031393332,INV-101932,ACC-4348,Vandelay Industries,billing@vandelay.com,EMEA,,paid,2025-01-08,0,4.0,41.65,False,41.65
494e562d313030323332,INV-100232,ACC-4206,Wonka Holdings,billing@wonka.com,APAC,Education,paid,2023-11-11,0,,4900.0,False,4900.0
494e562d313034363634,INV-104664,ACC-6667,Gekko Group,billing@gekko.com,APAC,Gaming,paid,2024-07-25,0,3.0,1470.0,False,122.5
494e562d313030353039,INV-100509,ACC-5665,Oscorp Co,,LATAM,Logistics,paid,2025-02-05,0,,1225.0,False,1225.0
494e562d313032333038,INV-102308,ACC-4122,Oscorp Industries,billing@oscorp.com,LATAM,Healthcare,paid,2023-08-22,0,5.0,1428.8400000000001,False,1323.0
494e562d313030303530,INV-100050,ACC-6401,Cyberdyne LLC,billing@cyberdyne.com,LATAM,Fintech,paid,2023-02-05,0,3.0,-314874.0,False,1874.25
494e562d313030323638,INV-100268,ACC-3654,Tyrell Co,billing@tyrell.com,,Logistics,paid,2025-12-22,0,,2970.0,False,247.5
494e562d313032343130,INV-102410,ACC-5131,Cyberdyne Ltd,billing@cyberdyne.com,EMEA,Education,paid,2022-01-22,0,4.0,79.0321,False,62.23
494e562d313034343438,INV-104448,ACC-8182,Aperture Group,billing@aperture.com,EMEA,Retail,paid,2024-10-10,0,3.0,-589050.0,False,3506.25
494e562d313031333138,INV-101318,ACC-2455,Aperture Industries,billing@aperture.com,,Media,refunded,2022-12-31,0,5.0,-4900.0,False,0.0
494e562d313033303030,INV-103000,ACC-3172,Oscorp Group,billing@oscorp.com,APAC,Media,paid,2024-01-29,1,3.0,49000.0,False,4083.3333333333335
494e562d313030393833,INV-100983,ACC-9391,Vandelay Industries,billing@vandelay.com,APAC,Gaming,paid,2025-04-22,1,,158.76,False,158.76
494e562d313031343235,INV-101425,ACC-1195,Massive Dynamic Partners,billing@massive.com,,Logistics,paid,2022-02-04,0,5.0,11025.0,False,11025.0
494e562d313032373930,INV-102790,ACC-8623,Cyberdyne Labs,billing@cyberdyne.com,,Healthcare,paid,2022-09-24,0,5.0,22275.0,False,22275.0
494e562d313033373430,INV-103740,ACC-5394,Hooli Labs,billing@hooli.com,EMEA,Travel,paid,2023-12-09,0,2.0,24500.0,False,2041.6666666666667
494e562d313031303133,INV-101013,ACC-5006,Hooli Ltd,billing@hooli.com,APAC,Manufacturing,paid,2026-10-13,1,1.0,-200475.0,False,1856.25
494e562d313032353530,INV-102550,ACC-3048,Soylent Co,billing@soylent.com,APAC,Logistics,paid,2022-06-20,0,4.0,4900.0,False,4900.0
494e562d313034343235,INV-104425,ACC-3427,Stark LLC,billing@stark.com,APAC,Media,paid,2024-05-20,0,1.0,2475.0,False,2475.0
494e562d313033373833,INV-103783,ACC-6103,Pied Piper Industries,billing@pied.com,LATAM,Fintech,refunded,2022-08-06,0,1.0,-534.6,False,0.0
494e562d313034303732,INV-104072,ACC-9875,Vandelay Co,billing@vandelay.com,APAC,Manufacturing,paid,2024-03-07,0,,122500.0,False,10208.333333333334
494e562d313034343436,INV-104446,ACC-8981,Acme Group,billing@acme.com,LATAM,Logistics,paid,2024-08-30,0,5.0,132.3,False,132.3
494e562d313032353136,INV-102516,ACC-3166,Umbrella Industries,billing@umbrella.com,,Manufacturing,paid,2024-06-29,0,4.0,2450.0,False,204.16666666666666
494e562d313032323538,INV-102258,ACC-8808,Cyberdyne Partners,billing@cyberdyne.com,EMEA,Energy,paid,2022-09-30,0,5.0,-99225.0,False,918.75
494e562d313031393539,INV-101959,ACC-8207,Cyberdyne Industries,,,,paid,2023-12-03,0,3.0,49000.0,False,4083.3333333333335
494e562d313030303831,INV-100081,ACC-7236,Cyberdyne Holdings,billing@cyberdyne.com,EMEA,,refunded,2025-10-07,0,3.0,-12250.0,False,0.0
494e562d313034343135,INV-104415,ACC-9688,Globex Corp,billing@globex.com,LATAM,Travel,paid,2023-03-13,0,,106.92,False,106.92
494e562d313032393033,INV-102903,ACC-4211,Acme LLC,billing@acme.com,LATAM,Manufacturing,paid,2024-09-28,0,4.0,147.0,False,147.0
494e562d313031313231,INV-101121,ACC-2320,Pied Piper Corp,billing@pied.com,LATAM,Travel,paid,2023-07-21,0,3.0,4900.0,False,4900.0
494e562d313034313939,INV-104199,ACC-5190,Massive Dynamic Group,billing@massive.com,APAC,,paid,2023-05-28,0,5.0,2673.0,False,2673.0
494e562d313033393432,INV-103942,ACC-9992,Prestige LLC,billing@prestige.com,EMEA,Fintech,paid,2024-12-13,0,4.0,1470.0,False,122.5
494e562d313030383436,INV-100846,ACC-8539,Hooli Labs,,EMEA,,refunded,2026-06-07,0,3.0,-2450.0,False,0.0
494e562d313032303437,INV-102047,ACC-1657,Wonka LLC,billing@wonka.com,LATAM,Logistics,paid,2022-02-18,0,4.0,147.0,False,147.0
494e562d313034333832,INV-104382,ACC-9209,Wonka Group,billing@wonka.com,,,paid,2023-10-30,0,5.0,9922.5,False,9922.5
494e562d313034343536,INV-104456,ACC-2339,Prestige Group,billing@prestige.com,,Education,paid,2023-09-19,0,2.0,-3969.0,False,36.75
494e562d313034333238,INV-104328,ACC-8163,Oscorp Partners,billing@oscorp.com,APAC,Energy,paid,2025-01-22,0,5.0,299000.0,False,24916.666666666668
494e562d313031383537,INV-101857,ACC-6883,Massive Dynamic Holdings,billing@massive.com,LATAM,Logistics,paid,2023-03-16,0,5.0,67275.0,False,67275.0
494e562d313031353438,INV-101548,ACC-9371,Gekko Group,billing@gekko.com,,Fintech,paid,2023-04-01,0,3.0,490.0,False,490.0
494e562d313034373631,INV-104761,ACC-9522,Umbrella Co,billing@umbrella.com,LATAM,Retail,paid,2022-10-07,0,4.0,99000.0,False,8250.0
494e562d313034323937,INV-104297,ACC-5650,Vandelay LLC,billing@vandelay.com,EMEA,Travel,paid,2022-11-23,0,,1470.0,False,122.5
494e562d313033313136,INV-103116,ACC-9082,Acme Corp,billing@acme.com,,Manufacturing,paid,2026-03-04,0,5.0,495.0,False,495.0
494e562d313034343934,INV-104494,ACC-6807,Umbrella Ltd,billing@umbrella.com,APAC,Energy,paid,2022-09-02,1,3.0,-470240.995,False,2203.9791666666665
494e562d313030353638,INV-100568,ACC-4215,Aperture Co,billing@aperture.com,EMEA,Education,paid,2026-02-06,0,2.0,2990.0,False,249.16666666666666
494e562d313032313533,INV-102153,ACC-2839,Wonka Holdings,billing@wonka.com,APAC,Retail,paid,2025-10-30,0,3.0,25981.56,False,24057.0
494e562d313031363536,INV-101656,ACC-9000,Vandelay Labs,billing@vandelay.com,LATAM,Travel,refunded,2024-05-13,0,4.0,-205054.08000000002,False,0.0
494e562d313031323733,INV-101273,ACC-5504,Wonka Inc,billing@wonka.com,,Gaming,paid,2023-04-14,0,5.0,-68012.78400000001,False,374.84999999999997
494e562d313032333531,INV-102351,ACC-3764,Globex Group,billing@globex.com,EMEA,Gaming,refunded,2024-11-17,1,4.0,-297.0,False,0.0
494e562d313031383730,INV-101870,ACC-8605,Acme Inc,billing@acme.com,EMEA,Logistics,paid,2025-05-17,1,3.0,-2427091.92,False,8382.0
494e562d313030313939,INV-100199,ACC-7780,Globex Holdings,billing@globex.com,LATAM,Gaming,paid,2023-05-23,0,2.0,12250.0,False,1020.8333333333334
494e562d313030333436,INV-100346,ACC-9691,Hooli Labs,billing@hooli.com,,Retail,paid,2025-08-27,0,4.0,2450.0,False,2450.0
494e562d313033373530,INV-103750,ACC-6635,Wayne Inc,billing@wayne.com,,Retail,paid,2024-10-09,0,4.0,233.36,False,233.36
494e562d313034353036,INV-104506,ACC-5302,Cyberdyne Group,billing@cyberdyne.com,EMEA,Gaming,paid,2023-05-03,0,2.0,12250.0,False,1020.8333333333334
494e562d313031373830,INV-101780,ACC-3142,Soylent Corp,billing@soylent.com,LATAM,Fintech,paid,2026-05-23,0,2.0,14950.0,False,1245.8333333333333
494e562d313032353936,INV-102596,ACC-1263,Wonka Co,billing@wonka.com,EMEA,Manufacturing,paid,2022-05-23,0,,479.0313,False,377.19
494e562d313030313635,INV-100165,ACC-7216,Acme Group,billing@acme.com,APAC,Logistics,paid,2023-12-13,0,4.0,-445500.0,False,1546.875
494e562d313031313337,INV-101137,ACC-6793,Tyrell Corp,billing@tyrell.com,,Healthcare,paid,2025-05-04,0,4.0,62.23,False,62.23
494e562d313033313833,INV-103183,ACC-7070,Nakatomi Group,billing@nakatomi.com,,Travel,paid,2024-04-21,0,1.0,32292.0,False,2691.0
494e562d313033353034,INV-103504,ACC-8224,Soylent Co,billing@soylent.com,EMEA,Education,paid,2024-02-14,0,5.0,247500.0,False,20625.0
494e562d313033353435,INV-103545,ACC-1827,Gekko Ltd,billing@gekko.com,EMEA,Gaming,paid,2024-09-24,0,,-509206.5,False,4714.875
494e562d313033353038,INV-103508,ACC-5772,Massive Dynamic Industries,billing@massive.com,APAC,,paid,2023-11-20,0,3.0,5346.0,False,5346.0
494e562d313033313334,INV-103134,ACC-3950,Vandelay Corp,billing@vandelay.com,EMEA,Fintech,paid,2026-06-02,0,5.0,299.0,True,299.0
494e562d313031323630,INV-101260,ACC-3027,Wayne Holdings,billing@wayne.com,EMEA,Manufacturing,paid,2022-10-18,0,3.0,2990.0,False,2990.0
494e562d313034303731,INV-104071,ACC-6181,Pied Piper Holdings,billing@pied.com,EMEA,Logistics,paid,2024-09-08,0,3.0,-2906280.0,False,10091.25
494e562d313032363733,INV-102673,ACC-9730,Acme Industries,billing@acme.com,APAC,Manufacturing,paid,2023-06-04,0,2.0,4900.0,False,408.3333333333333
494e562d313033393230,INV-103920,ACC-3647,Wonka LLC,billing@wonka.com,LATAM,Fintech,paid,2022-10-10,0,4.0,490.0,False,40.833333333333336
494e562d313032333433,INV-102343,ACC-3297,Prestige Ltd,billing@prestige.com,EMEA,Logistics,paid,2023-01-28,0,,5292.0,False,441.0
494e562d313032373632,INV-102762,ACC-8858,Soylent Group,billing@soylent.com,,Travel,paid,2022-11-05,0,4.0,247500.0,False,20625.0
494e562d313034383130,INV-104810,ACC-6908,Dunder Holdings,billing@dunder.com,LATAM,Retail,paid,2026-12-31,0,4.0,2990.0,False,2990.0
494e562d313031323837,INV-101287,ACC-3229,Soylent Labs,billing@soylent.com,APAC,Manufacturing,paid,2023-04-02,0,3.0,49000.0,False,4083.3333333333335
494e562d313034343632,INV-104462,ACC-4447,Oscorp Co,billing@oscorp.com,LATAM,Gaming,paid,2024-09-28,0,,807.3,False,807.3
494e562d313030303837,INV-100087,ACC-6188,Soylent Labs,billing@soylent.com,APAC,Gaming,paid,2024-09-03,0,5.0,490.0,False,40.833333333333336
494e562d313030333138,INV-100318,ACC-8125,Initech LLC,billing@initech.com,APAC,Manufacturing,paid,2025-02-08,0,5.0,17437.68,False,1345.5
494e562d313032353738,INV-102578,ACC-4189,Acme Co,billing@acme.com,EMEA,,paid,2023-11-18,0,3.0,4900.0,False,4900.0
494e562d313034313439,INV-104149,ACC-8401,Soylent Co,billing@soylent.com,APAC,Gaming,paid,2025-05-17,0,1.0,44.98,False,44.98
494e562d313030323132,INV-100212,ACC-5466,Tyrell Labs,billing@tyrell.com,APAC,,paid,2026-06-17,0,4.0,-11907.0,False,110.25
494e562d313032303135,INV-102015,ACC-3513,Aperture Group,billing@aperture.com,APAC,Manufacturing,paid,2022-01-12,0,,53460.0,True,4455.0
494e562d313030353332,INV-100532,ACC-2956,Aperture Industries,billing@aperture.com,,Retail,paid,2023-11-29,1,4.0,1323.0,False,1323.0
494e562d313034333535,INV-104355,ACC-2225,Initech Industries,billing@initech.com,APAC,Media,paid,2023-03-08,0,,-113157.12,False,392.9066666666667
494e562d313031343935,INV-101495,ACC-8680,Tyrell Partners,billing@tyrell.com,APAC,Retail,paid,2025-05-19,0,5.0,4900.0,False,4900.0
494e562d313033373334,INV-103734,ACC-9700,Oscorp Group,billing@oscorp.com,APAC,Education,paid,2024-12-06,0,4.0,297.0,False,297.0
494e562d313031393938,INV-101998,ACC-1361,Acme Labs,billing@acme.com,,Retail,paid,2021-10-19,0,,-291550.0,False,1735.4166666666667
494e562d313033383936,INV-103896,ACC-5280,Tyrell Ltd,billing@tyrell.com,,Energy,paid,2025-04-26,0,,807300.0,False,67275.0
494e562d313031333839,INV-101389,ACC-6641,Wonka Ltd,,EMEA,Gaming,paid,2025-06-04,0,5.0,24500.0,False,2041.6666666666667
494e562d313033333138,INV-103318,ACC-7709,Stark Co,billing@stark.com,EMEA,Manufacturing,paid,2022-06-05,0,5.0,74750.0,False,6229.166666666667
494e562d313030323236,INV-100226,ACC-6454,Initech Labs,billing@initech.com,APAC,Energy,paid,2022-10-02,0,4.0,-433026.0,False,4009.5
494e562d313030343739,INV-100479,ACC-6152,Prestige Partners,billing@prestige.com,EMEA,Retail,paid,2023-12-17,0,5.0,3229.2,False,269.09999999999997
494e562d313034333230,INV-104320,ACC-6666,Dunder Group,billing@dunder.com,,Travel,paid,2022-04-28,0,4.0,52920.0,False,4410.0
494e562d313033343434,INV-103444,ACC-8251,Acme Partners,billing@acme.com,EMEA,Gaming,paid,2024-06-22,0,5.0,-13455000.0,False,46718.75
494e562d313034343837,INV-104487,ACC-1280,Hooli Corp,billing@hooli.com,EMEA,Media,paid,2024-08-11,0,1.0,49000.0,False,4083.3333333333335
494e562d313032333033,INV-102303,ACC-3912,Dunder Co,billing@dunder.com,,Retail,paid,2023-08-07,1,4.0,897.0,False,897.0
494e562d313031333533,INV-101353,ACC-7220,Hooli Corp,billing@hooli.com,APAC,Manufacturing,paid,2022-10-25,0,5.0,571.5360000000001,False,529.2
494e562d313034303436,INV-104046,ACC-2066,Vandelay Corp,billing@vandelay.com,EMEA,Manufacturing,paid,2024-03-02,1,2.0,514.3824,False,476.28
494e562d313032313738,INV-102178,ACC-6985,Stark Partners,,APAC,Media,paid,2026-09-20,0,5.0,-47628.0,False,165.375
494e562d313032313137,INV-102117,ACC-9646,Initech Industries,billing@initech.com,LATAM,Fintech,paid,2024-07-08,0,3.0,9088.2,False,9088.2
494e562d313030313736,INV-100176,ACC-4057,Pied Piper Group,billing@pied.com,,Travel,paid,2025-01-24,0,5.0,-1178100.0,False,7012.5
494e562d313033363630,INV-103660,ACC-7526,Tyrell LLC,billing@tyrell.com,LATAM,,paid,2024-11-09,0,4.0,2450.0,False,204.16666666666666
494e562d313031313438,INV-101148,ACC-7524,Stark Corp,billing@stark.com,APAC,Travel,paid,2022-12-05,0,4.0,-589050.0,False,3506.25
494e562d313031363830,INV-101680,ACC-5580,Hooli Ltd,billing@hooli.com,,Energy,paid,2023-02-26,0,5.0,4900.0,False,408.3333333333333
494e562d313033393337,INV-103937,ACC-9323,Dunder Holdings,billing@dunder.com,,Healthcare,paid,2024-08-26,0,,-37240.0,False,163.33333333333334
494e562d313031323437,INV-101247,ACC-4911,Pied Piper Co,billing@pied.com,,Travel,paid,2025-09-27,1,4.0,12250.0,True,1020.8333333333334
494e562d313030303531,INV-100051,ACC-7937,Dunder LLC,billing@dunder.com,,Logistics,paid,2022-03-16,1,2.0,39919.275,False,2619.375
494e562d313032383133,INV-102813,ACC-1508,Hooli Co,billing@hooli.com,APAC,Media,paid,2024-09-21,0,4.0,171.4608,False,158.76
494e562d313030383335,INV-100835,ACC-1875,Dunder Ltd,billing@dunder.com,APAC,,paid,2026-10-25,1,5.0,12573.0,False,12573.0
494e562d313034303638,INV-104068,ACC-2222,Cyberdyne Co,billing@cyberdyne.com,EMEA,,paid,2025-12-19,0,,490.0,False,490.0
494e562d313030323835,INV-100285,ACC-5544,Aperture LLC,billing@aperture.com,,Gaming,paid,2026-08-06,0,5.0,495.0,False,495.0
494e562d313034363332,INV-104632,ACC-2864,Vandelay Partners,billing@vandelay.com,EMEA,Travel,paid,2026-05-12,1,5.0,-16251.84,False,71.28
494e562d313030303730,INV-100070,ACC-5712,Wayne Inc,billing@wayne.com,EMEA,Retail,paid,2026-02-07,0,,80730.0,True,6727.5
494e562d313030333135,INV-100315,ACC-5359,Acme Inc,billing@acme.com,APAC,Logistics,paid,2025-02-07,0,4.0,99.0,False,99.0
494e562d313031323138,INV-101218,ACC-6513,Dunder LLC,billing@dunder.com,,,paid,2025-05-26,0,4.0,434.0352,False,341.76
494e562d313033313139,INV-103119,ACC-9284,Umbrella LLC,billing@umbrella.com,APAC,Fintech,refunded,2024-04-05,0,4.0,-4900.0,False,0.0
494e562d313034343032,INV-104402,ACC-2813,Stark Partners,billing@stark.com,EMEA,Manufacturing,paid,2025-09-14,0,4.0,-26460.0,False,91.875
494e562d313031363637,INV-101667,ACC-6756,Prestige Inc,billing@prestige.com,LATAM,Energy,paid,2023-04-21,0,,94932.0,False,94932.0
494e562d313032363735,INV-102675,ACC-9349,Massive Dynamic Industries,billing@massive.com,APAC,Healthcare,paid,2024-06-03,0,3.0,-2010960.0,False,8820.0
494e562d313034343238,INV-104428,ACC-1885,Soylent Ltd,billing@soylent.com,APAC,,paid,2022-09-23,0,4.0,4900.0,False,408.3333333333333
494e562d313030333836,INV-100386,ACC-3797,Soylent Group,billing@soylent.com,LATAM,Education,paid,2024-10-17,0,4.0,18562.5,False,18562.5
494e562d313034333335,INV-104335,ACC-8838,Oscorp Co,billing@oscorp.com,APAC,Healthcare,paid,2022-08-19,0,5.0,-74480.0,False,326.6666666666667
494e562d313031313039,INV-101109,ACC-3742,Acme LLC,billing@acme.com,LATAM,Retail,paid,2023-03-15,0,4.0,12250.0,False,12250.0
494e562d313030373533,INV-100753,ACC-8780,Aperture Holdings,billing@aperture.com,EMEA,Education,paid,2023-07-01,0,4.0,117.6,False,117.6
494e562d313030323839,INV-100289,ACC-2682,Vandelay LLC,billing@vandelay.com,APAC,Travel,paid,2025-09-23,0,3.0,147.0,False,147.0
494e562d313031343030,INV-101400,ACC-6669,Wonka Inc,billing@wonka.com,LATAM,Travel,paid,2024-02-02,0,2.0,990.0,False,82.5
494e562d313031383536,INV-101856,ACC-7186,Hooli Co,billing@hooli.com,EMEA,Retail,paid,2023-10-29,0,4.0,-39690.0,False,367.5
494e562d313034343339,INV-104439,ACC-1205,Vandelay Corp,billing@vandelay.com,EMEA,Manufacturing,paid,2025-02-10,0,5.0,19758.025,True,1296.4583333333333
494e562d313031353531,INV-101551,ACC-9120,Oscorp Corp,billing@oscorp.com,LATAM,Retail,paid,2024-11-06,0,1.0,-8043.84,False,35.28
494e562d313033303234,INV-103024,ACC-9591,Acme Group,billing@acme.com,APAC,Travel,paid,2022-09-24,1,5.0,1743.768,False,1614.6
494e562d313032323934,INV-102294,ACC-5047,Dunder Labs,billing@dunder.com,EMEA,Travel,paid,2023-03-01,0,4.0,49000.0,False,4083.3333333333335
494e562d313031383232,INV-101822,ACC-5274,Pied Piper Group,billing@pied.com,LATAM,Retail,paid,2024-03-02,0,3.0,-2945250.0,False,17531.25
494e562d313032323232,INV-102222,ACC-7201,Gekko Corp,billing@gekko.com,LATAM,Energy,paid,2024-12-25,0,4.0,1154.736,False,89.10000000000001
494e562d313031333632,INV-101362,ACC-1879,Massive Dynamic Holdings,billing@massive.com,APAC,Gaming,paid,2024-06-12,0,5.0,4410.0,False,4410.0
494e562d313032323237,INV-102227,ACC-1030,Hooli Partners,billing@hooli.com,,Education,paid,2023-08-16,1,,5346.0,False,5346.0
494e562d313033353635,INV-103565,ACC-4425,Vandelay Holdings,billing@vandelay.com,APAC,Education,paid,2025-11-14,0,3.0,49000.0,False,4083.3333333333335
494e562d313032323733,INV-102273,ACC-7502,Globex Labs,billing@globex.com,,Gaming,paid,2023-09-06,0,4.0,490.0,False,40.833333333333336
494e562d313030343330,INV-100430,ACC-5924,Dunder Corp,billing@dunder.com,,Fintech,paid,2024-12-15,0,4.0,56062.5,False,56062.5
494e562d313034333831,INV-104381,ACC-5201,Prestige Industries,billing@prestige.com,,Retail,paid,2024-08-08,0,4.0,74750.0,False,6229.166666666667
494e562d313032363238,INV-102628,ACC-6167,Acme Co,billing@acme.com,EMEA,Retail,paid,2024-05-09,0,4.0,49000.0,False,4083.3333333333335
494e562d313033393637,INV-103967,ACC-6871,Oscorp Corp,billing@oscorp.com,EMEA,Fintech,paid,2023-06-25,0,5.0,49.0,False,49.0
494e562d313030333331,INV-100331,ACC-1119,Oscorp Group,billing@oscorp.com,EMEA,,paid,2022-12-09,0,3.0,399192.75,False,26193.75
494e562d313030303838,INV-100088,ACC-9537,Prestige Group,billing@prestige.com,LATAM,Travel,paid,2023-09-24,0,2.0,245.0,False,245.0
494e562d313033313638,INV-103168,ACC-9762,Cyberdyne Holdings,billing@cyberdyne.com,EMEA,Education,paid,2025-04-25,0,1.0,132.0,False,132.0
494e562d313032333832,INV-102382,ACC-5331,Wonka Group,billing@wonka.com,APAC,Education,paid,2023-06-30,1,5.0,-198450.0,False,1837.5
494e562d313030323430,INV-100240,ACC-7948,Tyrell Labs,billing@tyrell.com,LATAM,Media,paid,2024-12-31,0,1.0,2450.0,False,2450.0
494e562d313031313930,INV-101190,ACC-1116,Pied Piper Corp,billing@pied.com,LATAM,Healthcare,paid,2025-07-24,0,4.0,149500.0,False,12458.333333333334
494e562d313034393636,INV-104966,ACC-2119,Wonka LLC,billing@wonka.com,LATAM,Retail,paid,2025-03-22,0,4.0,36.75,False,36.75
494e562d313030303033,INV-100003,ACC-5304,Prestige Ltd,billing@prestige.com,,Education,paid,2023-09-05,1,3.0,62865.0,False,5238.75
494e562d313034383332,INV-104832,ACC-7281,Massive Dynamic Holdings,billing@massive.com,LATAM,Gaming,paid,2023-11-26,0,1.0,990.0,False,82.5
494e562d313033323233,INV-103223,ACC-8469,Initech Industries,billing@initech.com,EMEA,Healthcare,paid,2023-11-03,1,5.0,-117810.0,False,701.25
494e562d313030343134,INV-100414,ACC-1553,Wonka Group,,EMEA,Healthcare,refunded,2025-11-08,0,4.0,-28576.800000000003,False,0.0
494e562d313033303533,INV-103053,ACC-4052,Hooli Ltd,billing@hooli.com,,Energy,paid,2022-07-27,0,4.0,529.2,False,529.2
494e562d313031363730,INV-101670,ACC-7968,Stark Co,billing@stark.com,,Manufacturing,paid,2022-10-20,0,2.0,-43436.736000000004,False,176.4
494e562d313031363133,INV-101613,ACC-9899,Umbrella Inc,billing@umbrella.com,LATAM,Media,paid,2023-12-11,0,4.0,-320080.005,False,2333.625
494e562d313032393438,INV-102948,ACC-7514,Pied Piper Partners,billing@pied.com,APAC,Travel,paid,2026-06-10,1,3.0,-589050.0,False,3506.25
494e562d313033343034,INV-103404,ACC-2447,Tyrell Group,billing@tyrell.com,EMEA,Travel,paid,2023-07-10,1,1.0,-589050.0,False,3506.25
494e562d313033393533,INV-103953,ACC-8029,Aperture Group,billing@aperture.com,APAC,Gaming,paid,2025-08-10,1,1.0,1225.0,False,1225.0
494e562d313030393139,INV-100919,ACC-1396,Globex Co,billing@globex.com,APAC,,paid,2023-05-01,0,3.0,11025.0,False,11025.0
494e562d313032353836,INV-102586,ACC-2624,Gekko Inc,,EMEA,Retail,paid,2025-03-12,1,,74750.0,False,74750.0
494e562d313030373334,INV-100734,ACC-7100,Vandelay Labs,billing@vandelay.com,LATAM,Gaming,paid,2026-12-20,1,5.0,379.73,False,379.73
494e562d313033343738,INV-103478,ACC-3823,Acme Co,,,,paid,2026-02-25,1,3.0,4950.0,False,4950.0
494e562d313031383538,INV-101858,ACC-1011,Oscorp Ltd,billing@oscorp.com,,Logistics,paid,2026-06-04,1,4.0,52920.0,True,4410.0
494e562d313033393131,INV-103911,ACC-9873,Globex Partners,billing@globex.com,APAC,Logistics,paid,2024-08-20,0,4.0,74750.0,False,6229.166666666667
494e562d313034383036,INV-104806,ACC-8407,Nakatomi Ltd,billing@nakatomi.com,LATAM,Education,paid,2023-04-06,1,5.0,1039.2624,False,962.28
494e562d313034363833,INV-104683,ACC-3345,Dunder Labs,billing@dunder.com,LATAM,Retail,paid,2024-07-31,0,5.0,24500.0,False,2041.6666666666667
494e562d313034333231,INV-104321,ACC-1940,Soylent Industries,billing@soylent.com,LATAM,Travel,refunded,2025-10-13,0,4.0,-7475.0,False,0.0
494e562d313032343630,INV-102460,ACC-4196,Initech Industries,billing@initech.com,EMEA,Healthcare,paid,2025-09-29,1,2.0,132300.0,False,11025.0
494e562d313033343537,INV-103457,ACC-9472,Cyberdyne Ltd,billing@cyberdyne.com,APAC,Healthcare,paid,2025-12-01,1,3.0,297.0,False,297.0
494e562d313034323136,INV-104216,ACC-4837,Vandelay Labs,billing@vandelay.com,EMEA,Travel,paid,2023-06-11,0,3.0,3112.0,False,259.3333333333333
494e562d313033303330,INV-103030,ACC-5257,Aperture Co,billing@aperture.com,APAC,Healthcare,paid,2022-06-13,0,5.0,2475.0,False,2475.0
494e562d313030383733,INV-100873,ACC-2176,Massive Dynamic Ltd,billing@massive.com,LATAM,,paid,2023-04-22,0,5.0,321.0,False,321.0
494e562d313034303830,INV-104080,ACC-2852,Stark Partners,billing@stark.com,APAC,Logistics,paid,2026-07-24,0,4.0,-13888.3248,False,119.07
494e562d313034313332,INV-104132,ACC-7601,Initech LLC,billing@initech.com,,Travel,paid,2025-07-08,0,5.0,8910.0,False,8910.0
494e562d313030383531,INV-100851,ACC-4564,Umbrella Ltd,,APAC,Travel,refunded,2026-12-21,0,4.0,-299000.0,False,0.0
494e562d313034343832,INV-104482,ACC-4561,Gekko Group,billing@gekko.com,APAC,Education,paid,2024-10-28,0,4.0,4950.0,False,4950.0
494e562d313032393136,INV-102916,ACC-4763,Aperture Ltd,billing@aperture.com,EMEA,Fintech,paid,2024-02-15,1,2.0,784.6956000000001,False,726.57
494e562d313034323535,INV-104255,ACC-2953,Stark Labs,billing@stark.com,EMEA,Healthcare,paid,2023-10-20,0,3.0,990.0,False,990.0
494e562d313034313537,INV-104157,ACC-7723,Stark Co,billing@stark.com,APAC,Fintech,paid,2023-01-13,0,4.0,1495.0,False,1495.0
494e562d313031353337,INV-101537,ACC-7261,Acme Co,billing@acme.com,LATAM,Education,paid,2024-08-20,0,3.0,9900.0,False,9900.0
494e562d313034333839,INV-104389,ACC-5277,Vandelay Group,,,Logistics,paid,2024-03-07,0,5.0,4950.0,False,4950.0
494e562d313031393339,INV-101939,ACC-4775,Umbrella Industries,billing@umbrella.com,,Logistics,paid,2024-12-23,0,3.0,49.0,False,49.0
494e562d313033303738,INV-103078,ACC-5698,Aperture Group,billing@aperture.com,APAC,Travel,paid,2023-07-24,0,2.0,2450.0,False,204.16666666666666
494e562d313034333731,INV-104371,ACC-2362,Wonka Industries,billing@wonka.com,APAC,Fintech,paid,2023-05-21,0,1.0,2450.0,False,2450.0
494e562d313031393831,INV-101981,ACC-7428,Stark Holdings,billing@stark.com,LATAM,Media,paid,2025-02-03,0,1.0,29900.0,False,2491.6666666666665
494e562d313030373539,INV-100759,ACC-4009,Wayne Corp,billing@wayne.com,LATAM,Energy,paid,2021-11-10,0,1.0,2450.0,False,2450.0
494e562d313034393337,INV-104937,ACC-6876,Pied Piper LLC,billing@pied.com,APAC,Energy,paid,2022-12-12,0,2.0,237.0963,False,186.69
494e562d313030333334,INV-100334,ACC-6885,Nakatomi Inc,billing@nakatomi.com,,Education,paid,2021-08-17,0,5.0,2691.0,False,2691.0
494e562d313032313530,INV-102150,ACC-8843,Umbrella LLC,billing@umbrella.com,,Logistics,refunded,2024-06-11,0,1.0,-992.25,False,0.0
494e562d313031383531,INV-101851,ACC-6944,Soylent Corp,,EMEA,Logistics,paid,2021-10-14,0,5.0,490.0,False,490.0
494e562d313031343435,INV-101445,ACC-1908,Dunder Co,billing@dunder.com,EMEA,Energy,paid,2025-10-08,0,3.0,889.3260000000001,False,823.45
494e562d313030353937,INV-100597,ACC-7223,Hooli Inc,billing@hooli.com,,Fintech,paid,2022-09-05,0,5.0,4900.0,False,408.3333333333333
494e562d313033373731,INV-103771,ACC-6591,Stark Partners,billing@stark.com,APAC,Travel,paid,2025-10-13,0,5.0,1555.75,False,1555.75
494e562d313033303033,INV-103003,ACC-1740,Globex Co,,LATAM,,refunded,2026-04-20,0,1.0,-8970.0,False,0.0
494e562d313031373630,INV-101760,ACC-9338,Gekko Partners,billing@gekko.com,EMEA,Healthcare,paid,2023-07-14,0,4.0,2970.0,True,247.5
494e562d313032343437,INV-102447,ACC-2325,Cyberdyne Partners,billing@cyberdyne.com,LATAM,Travel,paid,2022-10-13,0,,-29155.0,False,173.54166666666666
494e562d313033343331,INV-103431,ACC-2736,Wayne Co,billing@wayne.com,EMEA,Energy,refunded,2023-06-27,1,,-150480.0,False,0.0
494e562d313032313939,INV-102199,ACC-8336,Nakatomi Holdings,billing@nakatomi.com,,,paid,2023-08-14,1,2.0,891.0,False,891.0
494e562d313034383333,INV-104833,ACC-7685,Initech Labs,billing@initech.com,APAC,Gaming,paid,2023-10-10,0,5.0,3111.5,False,259.2916666666667
494e562d313033353132,INV-103512,ACC-6464,Gekko Corp,billing@gekko.com,,Travel,paid,2026-12-31,0,1.0,3920.0,False,3920.0
494e562d313033313338,INV-103138,ACC-2151,Cyberdyne Group,billing@cyberdyne.com,APAC,Logistics,paid,2025-06-22,0,4.0,490.0,False,40.833333333333336
494e562d313030303132,INV-100012,ACC-3426,Massive Dynamic Ltd,billing@massive.com,EMEA,Fintech,paid,2025-03-03,0,4.0,5715.360000000001,False,441.0
494e562d313032323938,INV-102298,ACC-9117,Soylent Co,billing@soylent.com,,Gaming,paid,2023-05-24,0,5.0,1041.25,False,1041.25
494e562d313034363437,INV-104647,ACC-7555,Massive Dynamic Labs,billing@massive.com,,Fintech,paid,2025-04-21,0,4.0,4950.0,False,412.5
494e562d313032393339,INV-102939,ACC-3826,Nakatomi Industries,billing@nakatomi.com,EMEA,,paid,2025-06-11,0,1.0,24750.0,False,24750.0
494e562d313032393139,INV-102919,ACC-7900,Acme LLC,billing@acme.com,,Fintech,paid,2024-07-10,0,4.0,2082.0,False,2082.0
494e562d313030353238,INV-100528,ACC-8853,Wonka Corp,billing@wonka.com,,Logistics,paid,2022-05-06,1,2.0,4950.0,False,4950.0
494e562d313032383734,INV-102874,ACC-1498,Massive Dynamic Ltd,billing@massive.com,LATAM,Education,paid,2024-10-19,0,1.0,2450.0,False,2450.0
494e562d313032393230,INV-102920,ACC-5103,Globex LLC,billing@globex.com,,Media,paid,2021-08-19,0,4.0,5292.0,False,441.0
494e562d313033333239,INV-103329,ACC-6994,Dunder Labs,,LATAM,Energy,refunded,2025-09-22,0,,-226314.0,False,0.0
494e562d313034313138,INV-104118,ACC-6537,Wonka LLC,billing@wonka.com,APAC,Healthcare,paid,2023-11-25,0,4.0,560.07,False,560.07
494e562d313030333630,INV-100360,ACC-7185,Hooli Partners,billing@hooli.com,LATAM,Gaming,paid,2023-08-30,0,5.0,529.2,False,529.2
494e562d313031373733,INV-101773,ACC-9517,Cyberdyne Ltd,,LATAM,Energy,paid,2023-05-25,1,3.0,1225.0,False,1225.0
494e562d313033373632,INV-103762,ACC-8709,Cyberdyne Labs,billing@cyberdyne.com,,Energy,paid,2024-09-11,0,5.0,445.5,False,445.5
494e562d313030373236,INV-100726,ACC-7515,Aperture Corp,billing@aperture.com,EMEA,Logistics,paid,2022-06-11,0,5.0,24500.0,False,2041.6666666666667
494e562d313034323631,INV-104261,ACC-2195,Globex Group,billing@globex.com,LATAM,,paid,2025-06-12,0,5.0,142884.0,False,11025.0
494e562d313032383538,INV-102858,ACC-3295,Aperture Group,billing@aperture.com,APAC,Media,refunded,2022-12-25,0,4.0,-4762.8,False,0.0
494e562d313030393433,INV-100943,ACC-1256,Umbrella Ltd,billing@umbrella.com,LATAM,Logistics,paid,2024-12-25,0,3.0,-3969.0,False,36.75
494e562d313030323535,INV-100255,ACC-4747,Prestige Partners,billing@prestige.com,LATAM,Energy,paid,2024-03-09,0,5.0,29900.0,False,2491.6666666666665
494e562d313034393336,INV-104936,ACC-9593,Dunder Co,billing@dunder.com,EMEA,,paid,2023-11-02,0,4.0,99000.0,False,8250.0
494e562d313031303237,INV-101027,ACC-2132,Globex LLC,billing@globex.com,,Travel,paid,2022-05-11,0,2.0,24750.0,False,24750.0
494e562d313034393137,INV-104917,ACC-8682,Globex Labs,billing@globex.com,LATAM,Travel,paid,2026-07-17,0,5.0,12250.0,False,1020.8333333333334
494e562d313031303033,INV-101003,ACC-5539,Pied Piper Partners,billing@pied.com,EMEA,Gaming,paid,2024-11-03,0,5.0,267.3,False,267.3
494e562d313030343736,INV-100476,ACC-8917,Acme Partners,billing@acme.com,APAC,Logistics,paid,2025-04-06,0,4.0,74750.0,False,74750.0
494e562d313030323833,INV-100283,ACC-6269,Stark Group,billing@stark.com,LATAM,Gaming,paid,2022-12-09,1,5.0,1225.0,False,1225.0
494e562d313034323139,INV-104219,ACC-5836,Prestige Labs,billing@prestige.com,EMEA,Gaming,paid,2026-10-16,0,4.0,34875.36,False,2691.0
494e562d313031313936,INV-101196,ACC-4374,Vandelay Partners,billing@vandelay.com,EMEA,Healthcare,paid,2025-02-05,0,1.0,-74480.0,False,326.6666666666667
494e562d313033353932,INV-103592,ACC-7095,Soylent Corp,billing@soylent.com,,Travel,paid,2023-01-15,0,3.0,8718.84,False,8073.0
494e562d313033323930,INV-103290,ACC-1046,Prestige Holdings,,EMEA,Education,refunded,2023-03-12,0,5.0,-122500.0,False,0.0
494e562d313030383730,INV-100870,ACC-4799,Wayne Inc,billing@wayne.com,APAC,Travel,paid,2024-04-20,0,5.0,149500.0,False,12458.333333333334
494e562d313034353432,INV-104542,ACC-7190,Oscorp Group,billing@oscorp.com,EMEA,Education,paid,2026-03-02,0,3.0,24750.0,False,24750.0
494e562d313034363136,INV-104616,ACC-1390,Wayne Corp,billing@wayne.com,LATAM,Healthcare,paid,2024-01-11,0,,2970.0,False,247.5
494e562d313031393439,INV-101949,ACC-2704,Nakatomi Industries,billing@nakatomi.com,APAC,Travel,paid,2022-03-15,0,4.0,4900.0,False,408.3333333333333
494e562d313030323433,INV-100243,ACC-2578,Soylent Holdings,billing@soylent.com,,Education,paid,2025-01-01,0,,247500.0,False,20625.0
494e562d313033313830,INV-103180,ACC-9667,Aperture LLC,billing@aperture.com,,Manufacturing,paid,2024-05-26,0,5.0,490.0,True,490.0
494e562d313030383237,INV-100827,ACC-9463,Acme Group,billing@acme.com,EMEA,Media,paid,2025-03-03,0,4.0,7475.0,False,7475.0
494e562d313031343739,INV-101479,ACC-6293,Globex LLC,billing@globex.com,LATAM,Education,paid,2025-11-17,0,4.0,29900.0,False,29900.0
494e562d313031343733,INV-101473,ACC-6899,Stark LLC,billing@stark.com,APAC,Gaming,paid,2022-12-02,0,5.0,-170031.96000000002,False,937.125
494e562d313034353833,INV-104583,ACC-1555,Aperture Co,billing@aperture.com,,Education,paid,2025-04-12,1,4.0,2450.0,False,2450.0
494e562d313033383832,INV-103882,ACC-4424,Oscorp Holdings,billing@oscorp.com,LATAM,,paid,2023-12-10,0,,4340.3139,False,3417.57
494e562d313031313834,INV-101184,ACC-2981,Aperture LLC,billing@aperture.com,LATAM,Energy,paid,2024-10-12,0,5.0,4950.0,False,412.5
494e562d313032353333,INV-102533,ACC-1105,Gekko Industries,billing@gekko.com,,Travel,paid,2025-01-27,0,4.0,4900.0,False,408.3333333333333
494e562d313034343431,INV-104441,ACC-5813,Umbrella Co,billing@umbrella.com,EMEA,,paid,2023-03-05,1,4.0,7903.21,False,6223.0
494e562d313032363536,INV-102656,ACC-3596,Umbrella Co,billing@umbrella.com,LATAM,Education,paid,2024-06-04,0,5.0,2103.75,False,2103.75
494e562d313030373133,INV-100713,ACC-9113,Umbrella Co,billing@umbrella.com,EMEA,Logistics,paid,2023-10-12,0,5.0,3112.0,True,3112.0
494e562d313032323638,INV-102268,ACC-2649,Initech Group,billing@initech.com,LATAM,Education,refunded,2023-11-30,0,,-490.0,False,0.0
494e562d313034393937,INV-104997,ACC-5236,Umbrella Labs,billing@umbrella.com,APAC,Gaming,paid,2022-04-04,0,3.0,992.25,False,992.25
494e562d313033323030,INV-103200,ACC-8865,Aperture Holdings,billing@aperture.com,APAC,,paid,2025-08-10,0,3.0,-150480.0,False,660.0
494e562d313034353933,INV-104593,ACC-8877,Vandelay LLC,billing@vandelay.com,LATAM,Retail,paid,2024-07-20,0,4.0,1470.0,False,122.5
494e562d313031383733,INV-101873,ACC-4531,Prestige LLC,billing@prestige.com,EMEA,Healthcare,paid,2026-06-29,0,5.0,-58905.0,False,350.625
494e562d313030353035,INV-100505,ACC-9499,Soylent Group,billing@soylent.com,APAC,Logistics,paid,2026-07-27,0,2.0,241128.55000000002,False,15822.083333333334
494e562d313033323237,INV-103227,ACC-9721,Wayne Industries,billing@wayne.com,EMEA,Media,paid,2025-06-06,0,4.0,29900.0,False,2491.6666666666665
494e562d313031333139,INV-101319,ACC-9195,Gekko Labs,billing@gekko.com,,Retail,paid,2026-10-12,0,5.0,7903.21,False,6223.0
494e562d313032343335,INV-102435,ACC-2890,Stark Co,billing@stark.com,LATAM,Education,paid,2024-08-26,0,3.0,4900.0,False,4900.0
494e562d313034323836,INV-104286,ACC-7749,Gekko Industries,billing@gekko.com,,Media,paid,2021-08-11,0,,9900.0,True,9900.0
494e562d313032333539,INV-102359,ACC-6230,Globex LLC,billing@globex.com,EMEA,Energy,paid,2022-03-30,1,4.0,534.6,False,534.6
494e562d313030363136,INV-100616,ACC-5967,Massive Dynamic LLC,billing@massive.com,LATAM,Energy,paid,2024-08-07,0,4.0,220.5,False,220.5
494e562d313032303931,INV-102091,ACC-4507,Tyrell Partners,billing@tyrell.com,LATAM,,paid,2026-02-21,0,3.0,267.0,False,267.0
494e562d313032363236,INV-102626,ACC-5130,Aperture Co,billing@aperture.com,,Energy,refunded,2025-12-17,0,4.0,-48755.52,False,0.0
494e562d313032393839,INV-102989,ACC-8334,Hooli Industries,billing@hooli.com,,Media,paid,2024-06-03,1,3.0,22425.0,False,22425.0
494e562d313030343633,INV-100463,ACC-7800,Pied Piper Co,billing@pied.com,LATAM,Travel,paid,2026-03-12,0,5.0,29900.0,False,29900.0
494e562d313034353932,INV-104592,ACC-3967,Prestige Corp,billing@prestige.com,LATAM,,paid,2025-06-02,0,1.0,4900.0,False,4900.0
494e562d313031383539,INV-101859,ACC-2853,Prestige LLC,billing@prestige.com,EMEA,Healthcare,paid,2025-12-25,0,,-372400.0,False,1633.3333333333333
494e562d313033343239,INV-103429,ACC-5036,Oscorp Corp,billing@oscorp.com,APAC,Gaming,paid,2024-10-03,0,3.0,1714.608,False,132.29999999999998
494e562d313031303035,INV-101005,ACC-3732,Soylent Partners,billing@soylent.com,APAC,Education,paid,2023-02-05,0,3.0,9800.0,False,9800.0
494e562d313033393338,INV-103938,ACC-2908,Dunder Group,billing@dunder.com,EMEA,Healthcare,paid,2024-09-21,0,3.0,2990.0,False,2990.0
494e562d313033303334,INV-103034,ACC-7629,Nakatomi Corp,billing@nakatomi.com,EMEA,Healthcare,refunded,2022-11-13,0,1.0,-11547.36,False,0.0
494e562d313032373036,INV-102706,ACC-4027,Vandelay Industries,billing@vandelay.com,LATAM,Healthcare,paid,2026-04-02,0,3.0,9900.0,False,9900.0
494e562d313034323438,INV-104248,ACC-3338,Dunder Labs,billing@dunder.com,EMEA,Manufacturing,paid,2023-03-17,0,4.0,15558.0,False,1296.5
494e562d313034343537,INV-104457,ACC-4721,Globex Holdings,billing@globex.com,,Education,paid,2025-11-19,0,3.0,490.0,False,490.0
494e562d313030303932,INV-100092,ACC-2712,Acme Co,billing@acme.com,,Retail,paid,2024-04-15,1,5.0,147.0,False,147.0
494e562d313032373639,INV-102769,ACC-2965,Tyrell Industries,,LATAM,Manufacturing,paid,2022-10-20,1,2.0,122500.0,False,10208.333333333334
494e562d313030373635,INV-100765,ACC-8864,Prestige Labs,billing@prestige.com,LATAM,Healthcare,paid,2022-12-05,0,2.0,2990.0,False,2990.0
494e562d313033393638,INV-103968,ACC-3727,Oscorp Corp,billing@oscorp.com,LATAM,Manufacturing,paid,2022-07-20,0,5.0,1323.0,False,1323.0
494e562d313032353439,INV-102549,ACC-3887,Wonka Ltd,billing@wonka.com,,Fintech,paid,2025-05-13,0,,49000.0,False,4083.3333333333335
494e562d313032353139,INV-102519,ACC-8977,Hooli Partners,billing@hooli.com,,Retail,paid,2024-03-28,0,,-40095.0,False,371.25
494e562d313032383333,INV-102833,ACC-6017,Massive Dynamic Co,billing@massive.com,EMEA,,paid,2025-05-15,0,2.0,-6067729.8,False,20955.0
494e562d313032343932,INV-102492,ACC-2395,Initech Corp,billing@initech.com,APAC,Fintech,paid,2024-03-26,0,,29062.8,False,29062.8
494e562d313031333930,INV-101390,ACC-1845,Dunder Labs,billing@dunder.com,APAC,Logistics,paid,2024-08-30,0,5.0,-39690.0,False,367.5
494e562d313030303238,INV-100028,ACC-9090,Dunder Ltd,billing@dunder.com,EMEA,Energy,paid,2025-11-15,0,4.0,-8820.0,False,30.625
494e562d313030343031,INV-100401,ACC-1732,Tyrell Ltd,billing@tyrell.com,APAC,,paid,2025-05-29,0,4.0,297.0,False,297.0
494e562d313032323535,INV-102255,ACC-2770,Oscorp Inc,billing@oscorp.com,APAC,Manufacturing,paid,2025-12-08,0,,2990.0,False,249.16666666666666
494e562d313031343734,INV-101474,ACC-4471,Hooli Partners,billing@hooli.com,APAC,Gaming,paid,2023-08-25,0,4.0,490.0,False,490.0
494e562d313034373739,INV-104779,ACC-2377,Cyberdyne Industries,billing@cyberdyne.com,LATAM,Energy,paid,2023-08-15,0,5.0,12250.0,False,12250.0
494e562d313034383136,INV-104816,ACC-5512,Initech Partners,,,Healthcare,paid,2026-10-08,0,4.0,-882000.0,False,3062.5
494e562d313033303637,INV-103067,ACC-9872,Soylent Ltd,billing@soylent.com,LATAM,Logistics,paid,2026-06-27,0,1.0,392.0,False,392.0
494e562d313032353032,INV-102502,ACC-9566,Initech Holdings,billing@initech.com,EMEA,Education,paid,2023-10-26,0,2.0,399192.75,False,26193.75
494e562d313033373938,INV-103798,ACC-9151,Vandelay Group,,LATAM,Retail,paid,2024-02-02,0,4.0,90.88,False,90.88
494e562d313032393636,INV-102966,ACC-2772,Aperture Inc,billing@aperture.com,EMEA,Retail,paid,2023-02-06,0,3.0,12250.0,False,1020.8333333333334
494e562d313033393430,INV-103940,ACC-5302,Umbrella Labs,billing@umbrella.com,APAC,Logistics,paid,2026-02-01,1,3.0,-4544800.0,False,19933.333333333332
494e562d313031363731,INV-101671,ACC-6807,Acme Inc,billing@acme.com,,Energy,paid,2022-12-29,0,3.0,29900.0,False,2491.6666666666665
494e562d313033363939,INV-103699,ACC-1024,Acme LLC,billing@acme.com,,Travel,paid,2023-09-30,0,4.0,490.0,False,490.0
494e562d313030343036,INV-100406,ACC-8816,Nakatomi Holdings,billing@nakatomi.com,,Manufacturing,paid,2024-08-09,0,3.0,534.6,False,534.6
494e562d313032393635,INV-102965,ACC-7688,Dunder LLC,billing@dunder.com,EMEA,Healthcare,paid,2024-08-14,0,4.0,171.4608,False,158.76
494e562d313030303833,INV-100083,ACC-8471,Vandelay Ltd,billing@vandelay.com,LATAM,Fintech,paid,2024-01-16,0,1.0,49000.0,False,4083.3333333333335
494e562d313031383935,INV-101895,ACC-1499,Oscorp Labs,billing@oscorp.com,,Energy,paid,2023-01-04,0,4.0,742.5,False,742.5
494e562d313033363031,INV-103601,ACC-1655,Initech LLC,billing@initech.com,APAC,Healthcare,paid,2025-06-25,0,4.0,4900.0,False,408.3333333333333
494e562d313031383631,INV-101861,ACC-2296,Wayne Group,billing@wayne.com,LATAM,Media,paid,2023-04-03,0,4.0,3393.1352,False,2671.76
494e562d313032373738,INV-102778,ACC-6229,Prestige Group,billing@prestige.com,APAC,Retail,paid,2022-09-25,0,2.0,2970.0,False,247.5
494e562d313030383833,INV-100883,ACC-2237,Oscorp Inc,billing@oscorp.com,APAC,Logistics,paid,2023-07-19,0,2.0,4900.0,False,408.3333333333333
494e562d313033333330,INV-103330,ACC-9576,Globex LLC,billing@globex.com,EMEA,Media,paid,2024-07-27,0,,122500.0,False,10208.333333333334
494e562d313030343431,INV-100441,ACC-9107,Wonka Labs,billing@wonka.com,LATAM,Education,paid,2025-02-28,0,2.0,8910.0,False,8910.0
494e562d313032353833,INV-102583,ACC-6476,Umbrella LLC,billing@umbrella.com,LATAM,Education,paid,2023-09-29,1,3.0,4900.0,False,408.3333333333333
494e562d313030323533,INV-100253,ACC-5489,Nakatomi Inc,billing@nakatomi.com,APAC,Energy,refunded,2023-11-19,1,,-4150167.84,False,0.0
494e562d313030373033,INV-100703,ACC-6730,Hooli Industries,billing@hooli.com,APAC,Travel,paid,2024-06-25,0,5.0,-44112.0,False,153.16666666666666
494e562d313032373537,INV-102757,ACC-4119,Soylent Labs,billing@soylent.com,APAC,Travel,paid,2024-07-04,0,,12250.0,False,1020.8333333333334
494e562d313034323033,INV-104203,ACC-9470,Stark Group,billing@stark.com,APAC,Retail,refunded,2024-11-16,1,4.0,-12707.5,False,0.0
494e562d313032333435,INV-102345,ACC-2687,Acme Holdings,billing@acme.com,LATAM,Energy,paid,2026-04-09,0,1.0,12250.0,False,1020.8333333333334
494e562d313032323436,INV-102246,ACC-8575,Massive Dynamic Co,billing@massive.com,,,paid,2023-03-19,1,1.0,132.3,False,132.3
494e562d313033333030,INV-103300,ACC-6709,Cyberdyne Corp,billing@cyberdyne.com,,Healthcare,paid,2023-03-30,0,,490.0,False,490.0
494e562d313031393130,INV-101910,ACC-6729,Globex Industries,billing@globex.com,APAC,Energy,paid,2023-07-09,0,5.0,2392.0,False,2392.0
494e562d313032323338,INV-102238,ACC-1493,Acme Ltd,billing@acme.com,APAC,Energy,paid,2023-09-04,1,1.0,-992250.0,False,9187.5
494e562d313034303030,INV-104000,ACC-9318,Aperture LLC,billing@aperture.com,APAC,Education,paid,2024-04-11,0,1.0,-291550.0,False,1735.4166666666667
494e562d313034373632,INV-104762,ACC-1980,Pied Piper Co,billing@pied.com,LATAM,Fintech,paid,2026-06-08,0,5.0,2970.0,False,247.5
494e562d313034343539,INV-104459,ACC-3135,Oscorp LLC,billing@oscorp.com,EMEA,Retail,paid,2021-03-05,1,3.0,24750.0,False,24750.0
494e562d313030313436,INV-100146,ACC-9468,Wayne Inc,billing@wayne.com,EMEA,Manufacturing,refunded,2024-02-13,1,5.0,-747500.0,False,0.0
494e562d313031353731,INV-101571,ACC-8270,Vandelay Corp,billing@vandelay.com,EMEA,Energy,paid,2022-01-04,0,1.0,490.0,False,490.0
494e562d313033303238,INV-103028,ACC-5434,Gekko Inc,billing@gekko.com,,Travel,paid,2026-03-20,1,2.0,62865.0,False,5238.75
494e562d313031303132,INV-101012,ACC-8304,Aperture Inc,billing@aperture.com,APAC,Media,refunded,2022-08-23,0,4.0,-99000.0,False,0.0
494e562d313032303230,INV-102020,ACC-3278,Hooli Group,billing@hooli.com,LATAM,Gaming,refunded,2021-11-19,0,2.0,-14950.0,False,0.0
494e562d313032313535,INV-102155,ACC-6509,Aperture Industries,billing@aperture.com,EMEA,Energy,paid,2023-08-05,0,5.0,1323.0,False,1323.0
494e562d313031383736,INV-101876,ACC-9762,Cyberdyne Holdings,billing@cyberdyne.com,LATAM,Logistics,paid,2022-12-05,0,5.0,495.0,False,495.0
494e562d313033353536,INV-103556,ACC-9983,Tyrell Ltd,billing@tyrell.com,EMEA,Energy,paid,2021-07-13,0,5.0,49.0,False,49.0
494e562d313033323534,INV-103254,ACC-7692,Gekko Co,billing@gekko.com,LATAM,Fintech,paid,2022-10-25,0,,2691.0,False,2691.0
494e562d313034363335,INV-104635,ACC-4941,Massive Dynamic Co,billing@massive.com,,Manufacturing,paid,2025-02-08,0,,2990.0,False,2990.0
494e562d313031383734,INV-101874,ACC-8062,Globex Ltd,billing@globex.com,LATAM,Education,paid,2025-08-18,0,,2475.0,False,2475.0
494e562d313030323834,INV-100284,ACC-6864,Aperture Partners,billing@aperture.com,APAC,Manufacturing,paid,2023-03-28,0,4.0,49.0,False,49.0
494e562d313032313534,INV-102154,ACC-6622,Tyrell Group,billing@tyrell.com,APAC,Manufacturing,paid,2026-08-07,0,5.0,280.04,False,280.04
494e562d313031373035,INV-101705,ACC-8815,Hooli Industries,billing@hooli.com,LATAM,Logistics,paid,2026-08-29,0,4.0,490.0,False,490.0
494e562d313030393534,INV-100954,ACC-4686,Oscorp Industries,billing@oscorp.com,EMEA,Education,paid,2023-09-13,0,2.0,299.0,False,299.0
494e562d313032373132,INV-102712,ACC-2373,Cyberdyne Corp,billing@cyberdyne.com,APAC,Fintech,paid,2023-12-18,1,5.0,495.0,False,495.0
494e562d313032313938,INV-102198,ACC-8694,Umbrella Ltd,billing@umbrella.com,,Gaming,paid,2022-07-19,0,4.0,17437.68,False,1345.5
494e562d313034393739,INV-104979,ACC-1166,Wonka LLC,billing@wonka.com,EMEA,Logistics,paid,2024-01-07,0,5.0,49500.0,False,4125.0
494e562d313030333330,INV-100330,ACC-4748,Nakatomi Ltd,billing@nakatomi.com,LATAM,Retail,paid,2021-12-27,0,2.0,-42865.200000000004,False,396.90000000000003
494e562d313033313330,INV-103130,ACC-8715,Tyrell Labs,billing@tyrell.com,APAC,Logistics,paid,2023-11-27,0,2.0,1225.0,False,1225.0
494e562d313031323833,INV-101283,ACC-6096,Oscorp Partners,billing@oscorp.com,APAC,Retail,paid,2024-04-11,0,4.0,2646.0,False,2646.0
494e562d313033363533,INV-103653,ACC-9759,Nakatomi Industries,billing@nakatomi.com,APAC,Education,paid,2023-09-29,0,3.0,29900.0,False,29900.0
494e562d313032333434,INV-102344,ACC-8344,Gekko Corp,billing@gekko.com,EMEA,Healthcare,paid,2023-09-08,1,3.0,5292.0,False,5292.0
494e562d313032313038,INV-102108,ACC-1903,Hooli Partners,billing@hooli.com,LATAM,Travel,paid,2024-07-16,0,3.0,80730.0,False,6727.5
494e562d313032393338,INV-102938,ACC-1494,Gekko Labs,billing@gekko.com,,Gaming,refunded,2024-03-02,0,3.0,-12250.0,False,0.0
494e562d313032393432,INV-102942,ACC-6505,Dunder Industries,billing@dunder.com,,,paid,2022-10-09,0,,3920.0,False,3920.0
494e562d313030353233,INV-100523,ACC-1462,Acme Corp,billing@acme.com,APAC,,paid,2021-12-25,0,5.0,897.0,False,897.0
494e562d313033393133,INV-103913,ACC-8227,Soylent Industries,billing@soylent.com,APAC,Logistics,paid,2024-07-18,1,5.0,968.76,False,968.76
494e562d313033343135,INV-103415,ACC-6684,Nakatomi Group,billing@nakatomi.com,EMEA,Travel,paid,2024-01-29,0,4.0,1856.25,False,1856.25
494e562d313033373332,INV-103732,ACC-4786,Vandelay Industries,,APAC,Healthcare,paid,2024-10-03,0,4.0,24750.0,False,2062.5
494e562d313032363834,INV-102684,ACC-6329,Umbrella Corp,billing@umbrella.com,EMEA,,paid,2023-03-08,0,4.0,534.6,False,534.6
494e562d313033383830,INV-103880,ACC-1210,Cyberdyne Labs,billing@cyberdyne.com,,,paid,2023-05-13,0,4.0,9900.0,False,9900.0
494e562d313033323836,INV-103286,ACC-4522,Vandelay Group,billing@vandelay.com,APAC,Logistics,paid,2022-02-06,0,5.0,149500.0,False,12458.333333333334
494e562d313031313138,INV-101118,ACC-1439,Stark Industries,billing@stark.com,,Gaming,paid,2025-07-16,0,2.0,247500.0,False,20625.0
494e562d313034343332,INV-104432,ACC-8622,Umbrella Holdings,billing@umbrella.com,LATAM,Logistics,paid,2024-06-28,1,4.0,2475.0,False,2475.0
494e562d313030383233,INV-100823,ACC-7016,Prestige Co,billing@prestige.com,APAC,Media,paid,2022-08-27,0,5.0,106.92,False,106.92
494e562d313030303638,INV-100068,ACC-8225,Vandelay Inc,billing@vandelay.com,LATAM,Gaming,paid,2023-04-30,1,3.0,2082.0,False,2082.0
494e562d313031333539,INV-101359,ACC-8498,Nakatomi Co,billing@nakatomi.com,,Travel,paid,2023-08-08,0,,11547.36,False,891.0
494e562d313032393337,INV-102937,ACC-9019,Oscorp Group,billing@oscorp.com,LATAM,Fintech,paid,2024-02-12,0,3.0,1225.0,False,1225.0
494e562d313033373930,INV-103790,ACC-4268,Globex Industries,billing@globex.com,,,paid,2027-01-07,0,3.0,320.76,False,320.76
494e562d313031313232,INV-101122,ACC-9400,Stark Industries,billing@stark.com,,Logistics,paid,2023-10-15,0,3.0,392.0,False,392.0
494e562d313034373838,INV-104788,ACC-1904,Hooli Inc,billing@hooli.com,LATAM,Education,paid,2025-09-01,0,5.0,20047.5,False,20047.5
494e562d313032323936,INV-102296,ACC-6326,Soylent Group,billing@soylent.com,EMEA,Manufacturing,paid,2025-07-30,1,3.0,288684.0,False,22275.0
494e562d313031333136,INV-101316,ACC-5047,Umbrella Industries,billing@umbrella.com,EMEA,Manufacturing,paid,2023-02-08,0,2.0,-89100.0,False,309.375
494e562d313033353539,INV-103559,ACC-2406,Gekko Inc,billing@gekko.com,EMEA,Fintech,paid,2025-07-19,0,,1555.75,False,1555.75
494e562d313031363530,INV-101650,ACC-8057,Oscorp Inc,billing@oscorp.com,APAC,Media,paid,2022-08-20,0,,-99225.0,False,918.75
494e562d313030313035,INV-100105,ACC-3877,Globex Holdings,billing@globex.com,,Logistics,paid,2022-02-12,0,4.0,220.5,False,220.5
494e562d313034313833,INV-104183,ACC-7337,Stark Corp,billing@stark.com,LATAM,Media,paid,2021-08-31,0,2.0,490.0,False,40.833333333333336
494e562d313031353236,INV-101526,ACC-6853,Vandelay Co,,EMEA,Retail,paid,2026-01-23,0,4.0,2990.0,False,2990.0
494e562d313033363936,INV-103696,ACC-6300,Initech Group,billing@initech.com,LATAM,Logistics,paid,2026-12-31,0,4.0,495.0,False,495.0
494e562d313030333532,INV-100352,ACC-5410,Globex Group,billing@globex.com,LATAM,Logistics,paid,2025-02-08,0,,490.0,False,40.833333333333336
494e562d313032303738,INV-102078,ACC-1031,Soylent Group,billing@soylent.com,EMEA,Travel,refunded,2023-11-11,0,4.0,-63537.5,False,0.0
494e562d313033383039,INV-103809,ACC-5246,Cyberdyne Co,billing@cyberdyne.com,LATAM,Fintech,paid,2024-03-05,0,4.0,1470.0,False,122.5
494e562d313034353832,INV-104582,ACC-1007,Oscorp Ltd,billing@oscorp.com,EMEA,Gaming,paid,2023-03-14,1,2.0,10462.608,False,807.3000000000001
494e562d313031383336,INV-101836,ACC-8219,Hooli Inc,billing@hooli.com,APAC,Retail,paid,2025-06-21,0,5.0,1714.608,False,132.29999999999998
494e562d313033333730,INV-103370,ACC-5157,Gekko LLC,billing@gekko.com,EMEA,Media,paid,2024-09-16,0,4.0,-5831.0,False,34.708333333333336
494e562d313032313630,INV-102160,ACC-4092,Stark Industries,billing@stark.com,APAC,Media,paid,2025-10-03,0,3.0,990.0,False,82.5
494e562d313031343437,INV-101447,ACC-4195,Dunder Partners,billing@dunder.com,,Gaming,paid,2022-10-28,0,5.0,2082.5,False,2082.5
494e562d313032313933,INV-102193,ACC-8617,Acme Co,billing@acme.com,LATAM,Travel,paid,2024-10-23,0,5.0,12250.0,False,12250.0
494e562d313031393530,INV-101950,ACC-9482,Acme Inc,billing@acme.com,EMEA,Retail,paid,2023-05-22,0,,529.0,False,529.0
494e562d313034343333,INV-104433,ACC-1952,Umbrella Corp,billing@umbrella.com,APAC,Logistics,paid,2026-10-13,0,4.0,990.0,False,82.5
494e562d313033343036,INV-103406,ACC-7457,Initech Ltd,billing@initech.com,,Travel,paid,2022-07-15,0,,147.0,False,147.0
494e562d313030333232,INV-100322,ACC-2594,Prestige Labs,billing@prestige.com,,Logistics,paid,2025-02-23,1,3.0,490.0,False,40.833333333333336
494e562d313032303539,INV-102059,ACC-4265,Wayne Partners,billing@wayne.com,APAC,,paid,2026-06-13,0,3.0,14950.0,False,1245.8333333333333
494e562d313034373530,INV-104750,ACC-9002,Gekko Holdings,billing@gekko.com,APAC,Media,paid,2024-01-22,1,3.0,-889525.0,False,5294.791666666667
494e562d313031383034,INV-101804,ACC-2925,Vandelay Inc,billing@vandelay.com,LATAM,Energy,paid,2024-11-08,0,4.0,28576.800000000003,False,2205.0
494e562d313030393234,INV-100924,ACC-9993,Pied Piper Co,billing@pied.com,,Healthcare,paid,2025-11-25,0,,42.0,False,42.0
494e562d313030393635,INV-100965,ACC-2871,Initech Ltd,billing@initech.com,LATAM,Travel,paid,2025-10-04,0,5.0,2205.0,False,2205.0
494e562d313032343735,INV-102475,ACC-2715,Hooli Ltd,billing@hooli.com,LATAM,Logistics,paid,2022-04-24,0,,7475.0,False,7475.0
494e562d313030363337,INV-100637,ACC-2061,Wayne Corp,billing@wayne.com,EMEA,Media,paid,2024-09-04,0,4.0,122500.0,False,10208.333333333334
494e562d313032383939,INV-102899,ACC-1078,Stark Labs,billing@stark.com,APAC,Manufacturing,paid,2025-10-23,0,2.0,-19845.0,False,183.75
494e562d313032353733,INV-102573,ACC-3145,Cyberdyne Industries,billing@cyberdyne.com,APAC,,paid,2024-01-12,0,4.0,-175519.872,False,712.8000000000001
494e562d313033373030,INV-103700,ACC-2023,Oscorp Group,billing@oscorp.com,,Logistics,paid,2022-05-12,1,5.0,183.75,False,183.75
494e562d313034393532,INV-104952,ACC-6187,Dunder LLC,billing@dunder.com,APAC,Manufacturing,paid,2022-10-07,0,5.0,-2800350.0,False,9723.4375
494e562d313032333333,INV-102333,ACC-7668,Dunder Corp,billing@dunder.com,EMEA,Logistics,paid,2026-11-16,0,5.0,19800.0,False,19800.0
494e562d313033393730,INV-103970,ACC-5431,Massive Dynamic Inc,billing@massive.com,LATAM,Logistics,paid,2025-11-20,0,2.0,49.0,False,49.0
494e562d313032323832,INV-102282,ACC-4784,Prestige LLC,billing@prestige.com,EMEA,Media,paid,2024-08-16,0,3.0,161460.0,False,13455.0
494e562d313032353831,INV-102581,ACC-4105,Prestige LLC,billing@prestige.com,LATAM,Gaming,paid,2023-09-04,0,4.0,12250.0,False,12250.0
494e562d313031313939,INV-101199,ACC-2178,Prestige Labs,billing@prestige.com,LATAM,Fintech,paid,2024-03-07,0,,2370.963,False,155.57500000000002
494e562d313034323533,INV-104253,ACC-7152,Oscorp Holdings,billing@oscorp.com,APAC,Retail,paid,2024-03-16,0,4.0,5292.0,False,5292.0
494e562d313032323034,INV-102204,ACC-9539,Soylent Industries,billing@soylent.com,LATAM,,paid,2024-02-22,0,5.0,2990.0,False,2990.0
494e562d313034363035,INV-104605,ACC-4580,Oscorp Ltd,billing@oscorp.com,EMEA,Travel,paid,2022-12-15,0,5.0,990.0,False,82.5
494e562d313032343033,INV-102403,ACC-1560,Globex Co,billing@globex.com,APAC,Manufacturing,paid,2025-12-09,0,5.0,842.0,False,842.0
494e562d313034323333,INV-104233,ACC-5205,Cyberdyne Group,billing@cyberdyne.com,LATAM,Media,paid,2024-04-10,1,4.0,49500.0,False,4125.0
494e562d313031323036,INV-101206,ACC-4255,Prestige Group,billing@prestige.com,,Energy,paid,2025-06-08,0,1.0,5346.0,False,5346.0
494e562d313030383532,INV-100852,ACC-5214,Wonka Partners,billing@wonka.com,APAC,Manufacturing,paid,2023-04-09,0,2.0,1372.41,False,1372.41
494e562d313030323038,INV-100208,ACC-8917,Globex Partners,billing@globex.com,,Gaming,paid,2022-11-27,0,2.0,10692.0,False,10692.0
494e562d313033383834,INV-103884,ACC-8719,Umbrella Industries,billing@umbrella.com,LATAM,Healthcare,paid,2024-08-31,0,4.0,3675.0,False,3675.0
494e562d313034353037,INV-104507,ACC-1618,Umbrella Holdings,billing@umbrella.com,LATAM,Logistics,paid,2024-04-30,0,4.0,1866.9,False,155.57500000000002
494e562d313032303138,INV-102018,ACC-3013,Cyberdyne Partners,billing@cyberdyne.com,,Media,paid,2026-06-14,0,3.0,1556.0,False,1556.0
494e562d313033353735,INV-103575,ACC-9674,Nakatomi Co,billing@nakatomi.com,EMEA,Media,paid,2023-10-09,0,5.0,122500.0,False,10208.333333333334
494e562d313031323330,INV-101230,ACC-9432,Initech Group,billing@initech.com,LATAM,Logistics,paid,2024-06-23,0,4.0,-992250.0,False,9187.5
494e562d313031373437,INV-101747,ACC-3776,Pied Piper Ltd,billing@pied.com,,Healthcare,paid,2023-11-16,0,5.0,5292.0,False,441.0
494e562d313032333630,INV-102360,ACC-3385,Umbrella Co,billing@umbrella.com,LATAM,Gaming,paid,2024-11-19,0,1.0,5346.0,False,5346.0
494e562d313031363132,INV-101612,ACC-4055,Gekko Labs,billing@gekko.com,APAC,Gaming,paid,2022-08-18,0,5.0,3797.3,False,316.44166666666666
494e562d313031343731,INV-101471,ACC-9195,Wayne Industries,billing@wayne.com,LATAM,Education,paid,2023-12-26,0,5.0,-400950.0,False,3712.5
494e562d313034353132,INV-104512,ACC-2596,Oscorp Holdings,billing@oscorp.com,EMEA,Logistics,paid,2025-12-10,0,1.0,24750.0,False,2062.5
494e562d313031333331,INV-101331,ACC-1127,Massive Dynamic Inc,billing@massive.com,EMEA,Gaming,paid,2024-08-10,0,4.0,252.45,False,252.45
494e562d313033343835,INV-103485,ACC-1674,Aperture Ltd,billing@aperture.com,,,refunded,2025-03-11,0,3.0,-49.0,False,0.0
494e562d313033353633,INV-103563,ACC-2049,Cyberdyne Co,,APAC,Education,paid,2024-01-06,0,3.0,4950.0,False,412.5
494e562d313031353430,INV-101540,ACC-2675,Dunder Partners,billing@dunder.com,APAC,Education,paid,2026-05-28,0,2.0,12250.0,False,1020.8333333333334
494e562d313031313335,INV-101135,ACC-2010,Tyrell Corp,billing@tyrell.com,APAC,,paid,2022-04-18,0,4.0,74750.0,False,74750.0
494e562d313033393534,INV-103954,ACC-8752,Tyrell Industries,billing@tyrell.com,EMEA,,paid,2024-11-19,0,,14950.0,False,1245.8333333333333
494e562d313031373938,INV-101798,ACC-8991,Stark Group,billing@stark.com,EMEA,Travel,paid,2024-06-28,0,4.0,-589050.0,False,3506.25
494e562d313031373930,INV-101790,ACC-6985,Globex Corp,billing@globex.com,LATAM,Manufacturing,paid,2021-12-21,0,4.0,247500.0,False,20625.0
494e562d313034303233,INV-104023,ACC-1329,Prestige LLC,billing@prestige.com,APAC,Travel,paid,2025-01-11,0,4.0,74.25,False,74.25
494e562d313032323631,INV-102261,ACC-2234,Dunder Partners,billing@dunder.com,,Travel,paid,2022-12-09,0,3.0,1069.2,False,1069.2
494e562d313032373538,INV-102758,ACC-5943,Nakatomi Ltd,billing@nakatomi.com,APAC,Energy,paid,2026-07-15,0,3.0,99000.0,False,8250.0
494e562d313033303431,INV-103041,ACC-8142,Umbrella Partners,billing@umbrella.com,EMEA,Gaming,paid,2025-08-20,0,5.0,2450.0,False,2450.0
494e562d313030313339,INV-100139,ACC-6592,Wonka Inc,billing@wonka.com,LATAM,Manufacturing,paid,2023-08-06,0,3.0,-58310.0,False,347.0833333333333
494e562d313032313937,INV-102197,ACC-8491,Nakatomi Labs,billing@nakatomi.com,,Travel,paid,2024-01-19,0,,4900.0,False,408.3333333333333
494e562d313031303431,INV-101041,ACC-2347,Hooli Inc,,APAC,Education,paid,2024-11-09,0,2.0,39919.275,False,2619.375
494e562d313033363735,INV-103675,ACC-5907,Stark Holdings,billing@stark.com,EMEA,Energy,paid,2023-03-14,0,,4900.0,False,408.3333333333333
494e562d313030343136,INV-100416,ACC-2785,Tyrell Co,billing@tyrell.com,EMEA,Retail,paid,2021-11-12,0,5.0,495.0,False,495.0
494e562d313034363539,INV-104659,ACC-9567,Tyrell Group,billing@tyrell.com,APAC,Manufacturing,paid,2024-03-19,1,3.0,2990.0,False,249.16666666666666
494e562d313034333632,INV-104362,ACC-6860,Oscorp Labs,billing@oscorp.com,EMEA,Fintech,paid,2027-02-25,1,3.0,490.0,False,490.0
494e562d313030393839,INV-100989,ACC-2274,Tyrell Labs,billing@tyrell.com,LATAM,Healthcare,paid,2024-03-11,0,5.0,155575.0,False,12964.583333333334
494e562d313034373437,INV-104747,ACC-5900,Wonka Holdings,,EMEA,Gaming,paid,2024-01-19,1,5.0,37973.0,False,3164.4166666666665
494e562d313034393132,INV-104912,ACC-1805,Dunder Corp,,,Education,paid,2023-08-17,0,3.0,9900.0,False,825.0
494e562d313031333833,INV-101383,ACC-3061,Tyrell Holdings,billing@tyrell.com,APAC,Fintech,paid,2024-03-21,0,4.0,2990.0,False,2990.0
494e562d313032303332,INV-102032,ACC-2847,Gekko Partners,billing@gekko.com,,Travel,paid,2024-11-27,1,4.0,2450.0,True,2450.0
494e562d313030343933,INV-100493,ACC-7752,Gekko Holdings,billing@gekko.com,EMEA,Education,paid,2023-03-29,0,3.0,1975.8025,False,1555.75
494e562d313032393137,INV-102917,ACC-7333,Oscorp Partners,billing@oscorp.com,APAC,Healthcare,paid,2026-02-09,0,2.0,1495.0,False,1495.0
494e562d313034333233,INV-104323,ACC-5243,Aperture Corp,billing@aperture.com,APAC,Manufacturing,paid,2023-12-19,0,4.0,9900.0,False,825.0
494e562d313033353330,INV-103530,ACC-7310,Wayne Labs,billing@wayne.com,EMEA,Education,paid,2023-12-12,0,5.0,4950.0,False,412.5
494e562d313031303936,INV-101096,ACC-3974,Tyrell Corp,billing@tyrell.com,EMEA,Retail,refunded,2025-05-03,0,3.0,-4900.0,False,0.0
494e562d313032303533,INV-102053,ACC-1215,Vandelay Industries,billing@vandelay.com,APAC,Education,paid,2023-03-16,0,4.0,122500.0,False,10208.333333333334
494e562d313032393236,INV-102926,ACC-9184,Wayne Industries,billing@wayne.com,EMEA,Travel,paid,2027-02-04,1,2.0,7920.0,False,7920.0
494e562d313033313434,INV-103144,ACC-4137,Cyberdyne Holdings,billing@cyberdyne.com,EMEA,Gaming,paid,2023-12-04,0,2.0,24500.0,False,2041.6666666666667
494e562d313031343834,INV-101484,ACC-4874,Vandelay Group,billing@vandelay.com,APAC,,paid,2023-12-29,0,,24500.0,False,2041.6666666666667
494e562d313032373836,INV-102786,ACC-8420,Cyberdyne Inc,billing@cyberdyne.com,,Retail,paid,2024-02-09,0,,-24219.0,False,224.25
494e562d313032333334,INV-102334,ACC-9196,Massive Dynamic Labs,billing@massive.com,LATAM,Media,paid,2023-12-16,0,5.0,122500.0,False,10208.333333333334
494e562d313030303130,INV-100010,ACC-8508,Initech Inc,billing@initech.com,,Gaming,paid,2023-05-29,0,5.0,237.6,False,237.6
494e562d313034373235,INV-104725,ACC-8948,Globex Holdings,billing@globex.com,EMEA,Energy,paid,2025-06-25,0,5.0,571.5360000000001,False,44.1
494e562d313030383136,INV-100816,ACC-8596,Vandelay Group,billing@vandelay.com,EMEA,Healthcare,paid,2021-09-30,0,5.0,490.0,False,40.833333333333336
494e562d313031303239,INV-101029,ACC-6103,Initech Co,billing@initech.com,APAC,Gaming,refunded,2021-12-02,0,3.0,-2450.0,False,0.0
494e562d313030383635,INV-100865,ACC-3746,Oscorp Labs,billing@oscorp.com,EMEA,Healthcare,paid,2024-10-20,1,3.0,-88200.0,False,306.25
494e562d313030363738,INV-100678,ACC-3216,Soylent Group,billing@soylent.com,APAC,Travel,paid,2024-04-30,0,5.0,990.0,False,82.5
494e562d313033373531,INV-103751,ACC-5258,Wayne Holdings,,EMEA,Energy,paid,2026-08-12,0,4.0,-605475.0,False,5606.25
494e562d313031363433,INV-101643,ACC-7427,Wonka Group,billing@wonka.com,APAC,Media,paid,2025-11-23,0,1.0,186.69,False,186.69
494e562d313030343734,INV-100474,ACC-7270,Pied Piper Corp,billing@pied.com,APAC,Gaming,refunded,2022-11-09,1,5.0,-952560.0,False,0.0
494e562d313031343532,INV-101452,ACC-4581,Acme Corp,billing@acme.com,LATAM,Fintech,paid,2023-05-01,0,4.0,-2205000.0,False,7656.25
494e562d313030343236,INV-100426,ACC-3990,Umbrella LLC,billing@umbrella.com,APAC,Retail,paid,2023-04-01,0,3.0,2673.0,False,2673.0
494e562d313034323437,INV-104247,ACC-5771,Cyberdyne Holdings,billing@cyberdyne.com,EMEA,Retail,refunded,2023-10-18,0,4.0,-2450.0,False,0.0
494e562d313033383831,INV-103881,ACC-6449,Dunder Industries,billing@dunder.com,APAC,Logistics,paid,2025-12-20,0,1.0,990.0,False,990.0
494e562d313034373335,INV-104735,ACC-7712,Umbrella Industries,billing@umbrella.com,EMEA,Retail,paid,2023-04-09,0,5.0,-882000.0,False,3062.5
494e562d313032303636,INV-102066,ACC-6277,Hooli Holdings,billing@hooli.com,APAC,Manufacturing,paid,2022-11-18,0,,-130782.59999999999,False,1210.95
494e562d313034393330,INV-104930,ACC-1380,Tyrell LLC,billing@tyrell.com,APAC,Education,paid,2023-05-23,0,2.0,-50406.299999999996,False,466.72499999999997
494e562d313031313632,INV-101162,ACC-8118,Soylent Co,billing@soylent.com,APAC,Travel,paid,2024-04-17,0,,245.0,False,245.0
494e562d313032363039,INV-102609,ACC-9114,Oscorp Industries,billing@oscorp.com,,Gaming,paid,2022-09-27,0,5.0,1225.0,False,1225.0
494e562d313032333534,INV-102354,ACC-2389,Umbrella Holdings,billing@umbrella.com,,Media,paid,2025-10-07,0,4.0,49.0,False,49.0
494e562d313031363632,INV-101662,ACC-9914,Wonka Inc,billing@wonka.com,LATAM,Energy,paid,2023-11-16,0,,962.28,False,962.28
494e562d313032303438,INV-102048,ACC-3992,Dunder Group,billing@dunder.com,LATAM,Logistics,paid,2022-07-03,0,4.0,4950.0,False,412.5
494e562d313031393934,INV-101994,ACC-5400,Vandelay Group,billing@vandelay.com,,Logistics,paid,2025-08-25,0,1.0,12250.0,False,1020.8333333333334
494e562d313030303138,INV-100018,ACC-8206,Wonka Holdings,billing@wonka.com,LATAM,,paid,2025-02-03,1,3.0,4900.0,False,408.3333333333333
494e562d313032303039,INV-102009,ACC-3087,Acme Labs,,APAC,Gaming,paid,2024-08-17,0,5.0,1470.0,False,122.5
494e562d313033353336,INV-103536,ACC-9870,Aperture Group,billing@aperture.com,EMEA,Fintech,paid,2023-09-21,0,,490.0,False,490.0
494e562d313030383239,INV-100829,ACC-3505,Cyberdyne Co,billing@cyberdyne.com,APAC,Education,paid,2022-10-22,0,2.0,990.0,False,990.0
494e562d313034303337,INV-104037,ACC-3583,Gekko Corp,billing@gekko.com,EMEA,Manufacturing,paid,2023-02-07,0,,122500.0,False,10208.333333333334
494e562d313033343636,INV-103466,ACC-4710,Dunder Labs,billing@dunder.com,LATAM,Manufacturing,paid,2024-05-10,0,5.0,490.0,False,40.833333333333336
494e562d313034333132,INV-104312,ACC-4405,Stark Partners,billing@stark.com,EMEA,Education,paid,2025-09-03,1,,22720.5,False,22720.5
494e562d313032363739,INV-102679,ACC-5635,Vandelay Co,billing@vandelay.com,,Fintech,paid,2024-07-03,0,4.0,2970.0,False,247.5
494e562d313031363439,INV-101649,ACC-5648,Wonka Ltd,,EMEA,,paid,2024-04-07,1,,8073.0,False,8073.0
494e562d313032353335,INV-102535,ACC-2650,Wayne Partners,billing@wayne.com,EMEA,Energy,paid,2025-06-11,1,5.0,1714.608,False,132.29999999999998
494e562d313031313536,INV-101156,ACC-4951,Cyberdyne Corp,billing@cyberdyne.com,EMEA,Healthcare,paid,2023-06-14,1,3.0,49000.0,False,4083.3333333333335
494e562d313032353631,INV-102561,ACC-7776,Hooli Corp,billing@hooli.com,,Retail,paid,2026-06-01,0,5.0,2205.0,True,2205.0
494e562d313031343332,INV-101432,ACC-5547,Tyrell Group,billing@tyrell.com,,Education,paid,2024-01-05,0,4.0,441.0,False,441.0
494e562d313031303534,INV-101054,ACC-1857,Massive Dynamic Holdings,billing@massive.com,,Energy,paid,2025-06-27,1,4.0,4900.0,False,408.3333333333333
494e562d313033363535,INV-103655,ACC-5204,Nakatomi Partners,billing@nakatomi.com,,Manufacturing,paid,2024-04-07,0,5.0,24750.0,False,24750.0
494e562d313033353939,INV-103599,ACC-1096,Wonka Group,billing@wonka.com,LATAM,Manufacturing,paid,2024-01-24,1,3.0,12250.0,False,1020.8333333333334
494e562d313031383438,INV-101848,ACC-7818,Vandelay LLC,billing@vandelay.com,LATAM,,paid,2023-10-23,0,5.0,299000.0,False,24916.666666666668
494e562d313034373238,INV-104728,ACC-3783,Soylent Industries,billing@soylent.com,EMEA,Gaming,paid,2025-06-19,0,3.0,2450.0,False,204.16666666666666
494e562d313030373738,INV-100778,ACC-9685,Wonka Industries,billing@wonka.com,EMEA,Energy,paid,2022-05-05,1,5.0,490.0,False,40.833333333333336
494e562d313034373636,INV-104766,ACC-3629,Pied Piper Partners,,APAC,Fintech,paid,2022-07-19,0,5.0,49.0,False,49.0
494e562d313031343131,INV-101411,ACC-6436,Stark Ltd,billing@stark.com,,Fintech,paid,2026-05-30,1,3.0,39516.05,False,2592.9166666666665
494e562d313033373832,INV-103782,ACC-7258,Initech LLC,,EMEA,Fintech,paid,2026-05-27,0,5.0,124.95,False,124.95
494e562d313032353434,INV-102544,ACC-4524,Nakatomi Group,billing@nakatomi.com,APAC,Logistics,paid,2024-04-21,0,5.0,24750.0,False,24750.0
494e562d313031353132,INV-101512,ACC-3326,Massive Dynamic Partners,billing@massive.com,EMEA,Healthcare,paid,2025-04-29,0,2.0,14950.0,False,14950.0
494e562d313033333638,INV-103368,ACC-1098,Hooli Co,billing@hooli.com,APAC,Media,paid,2023-06-27,1,,9187.5,False,9187.5
494e562d313032393433,INV-102943,ACC-6731,Stark Partners,billing@stark.com,LATAM,Education,refunded,2025-07-14,0,5.0,-44.1,True,0.0
494e562d313034373539,INV-104759,ACC-2091,Stark Inc,billing@stark.com,EMEA,Energy,paid,2025-10-01,1,5.0,-801900.0,False,7425.0
494e562d313033383531,INV-103851,ACC-6308,Initech Inc,billing@initech.com,,Retail,refunded,2025-08-02,0,5.0,-299.0,False,0.0
494e562d313031353733,INV-101573,ACC-3718,Massive Dynamic Industries,billing@massive.com,,Manufacturing,paid,2022-05-07,0,5.0,49000.0,False,4083.3333333333335
494e562d313034363938,INV-104698,ACC-9765,Gekko Co,billing@gekko.com,,Healthcare,paid,2024-09-17,1,2.0,147.0,False,147.0
494e562d313030333030,INV-100300,ACC-3572,Nakatomi Labs,billing@nakatomi.com,APAC,Travel,paid,2023-01-09,0,5.0,871884.0,False,67275.0
494e562d313033363537,INV-103657,ACC-7746,Wonka Corp,billing@wonka.com,LATAM,Logistics,refunded,2024-08-01,1,5.0,-245.0,False,0.0
494e562d313032323039,INV-102209,ACC-7367,Wonka Labs,billing@wonka.com,APAC,Education,paid,2025-01-01,0,5.0,990.0,False,990.0
494e562d313031363337,INV-101637,ACC-6300,Vandelay Holdings,billing@vandelay.com,EMEA,Energy,paid,2022-07-24,0,,49.0,False,49.0
494e562d313030343232,INV-100422,ACC-2281,Cyberdyne Ltd,billing@cyberdyne.com,APAC,Energy,paid,2024-04-29,1,4.0,16146.0,False,1345.5
494e562d313033393234,INV-103924,ACC-1681,Umbrella LLC,billing@umbrella.com,APAC,Gaming,paid,2023-08-26,0,4.0,990.0,False,990.0
494e562d313030383332,INV-100832,ACC-6761,Initech Holdings,billing@initech.com,LATAM,Logistics,paid,2022-06-08,0,,44.1,False,44.1
494e562d313033373436,INV-103746,ACC-7908,Globex LLC,billing@globex.com,APAC,Retail,paid,2024-04-21,0,5.0,6223.0,False,6223.0
494e562d313034343233,INV-104423,ACC-3292,Soylent Partners,billing@soylent.com,LATAM,Logistics,paid,2023-03-19,0,4.0,49.0,False,49.0
494e562d313030393736,INV-100976,ACC-6006,Oscorp Group,billing@oscorp.com,EMEA,Manufacturing,paid,2023-08-31,0,4.0,-19845.0,False,183.75
494e562d313033323838,INV-103288,ACC-2879,Tyrell Ltd,billing@tyrell.com,LATAM,Gaming,refunded,2026-03-15,0,3.0,-9900.0,False,0.0
494e562d313034363339,INV-104639,ACC-2545,Cyberdyne Group,billing@cyberdyne.com,APAC,Logistics,paid,2026-06-23,0,3.0,25415.0,False,25415.0
494e562d313034333531,INV-104351,ACC-6502,Gekko Partners,billing@gekko.com,LATAM,Media,paid,2022-11-20,0,2.0,14950.0,False,14950.0
494e562d313030343038,INV-100408,ACC-7054,Pied Piper Inc,billing@pied.com,APAC,Healthcare,paid,2022-12-02,0,5.0,-231472.08000000002,False,1984.5
494e562d313033393335,INV-103935,ACC-3995,Wonka Holdings,billing@wonka.com,EMEA,Gaming,paid,2021-11-09,0,3.0,529.2,False,529.2
494e562d313030373730,INV-100770,ACC-6748,Nakatomi LLC,billing@nakatomi.com,EMEA,Fintech,paid,2023-04-29,0,,4900.0,False,408.3333333333333
494e562d313034323730,INV-104270,ACC-5324,Hooli Co,billing@hooli.com,EMEA,Gaming,paid,2025-03-13,0,2.0,10692.0,False,891.0
494e562d313032343931,INV-102491,ACC-2796,Aperture Co,billing@aperture.com,APAC,Travel,paid,2022-12-09,0,5.0,49500.0,False,4125.0
494e562d313033383431,INV-103841,ACC-6763,Wayne Corp,billing@wayne.com,,Education,paid,2022-09-02,0,5.0,891.0,True,891.0
494e562d313031373534,INV-101754,ACC-8835,Globex Group,billing@globex.com,,Energy,paid,2024-11-19,0,4.0,4410.0,False,4410.0
494e562d313031383939,INV-101899,ACC-8654,Wayne Ltd,billing@wayne.com,LATAM,Energy,paid,2025-07-01,0,5.0,99000.0,False,8250.0
494e562d313032313936,INV-102196,ACC-5888,Wonka Corp,billing@wonka.com,APAC,Logistics,paid,2027-01-25,0,4.0,36.75,False,36.75
494e562d313031323233,INV-101223,ACC-6826,Wayne Industries,billing@wayne.com,LATAM,Education,paid,2025-04-27,0,,-718547.1024000001,False,1964.5316666666668
494e562d313031373638,INV-101768,ACC-1854,Aperture Labs,billing@aperture.com,LATAM,Energy,paid,2024-01-08,0,5.0,24500.0,False,2041.6666666666667
494e562d313034373832,INV-104782,ACC-7368,Wonka Ltd,billing@wonka.com,APAC,,paid,2026-05-23,0,5.0,-37240.0,False,163.33333333333334
494e562d313030353230,INV-100520,ACC-3551,Wonka Co,billing@wonka.com,EMEA,,paid,2024-02-16,0,,299.0,False,299.0
494e562d313031313534,INV-101154,ACC-8731,Hooli Ltd,billing@hooli.com,EMEA,Healthcare,paid,2025-11-08,0,5.0,9900.0,False,9900.0
494e562d313034373133,INV-104713,ACC-7714,Wonka Labs,billing@wonka.com,EMEA,Healthcare,paid,2027-04-29,0,,2450.0,False,2450.0
494e562d313030333132,INV-100312,ACC-1462,Globex Industries,billing@globex.com,LATAM,Education,paid,2027-01-28,1,2.0,6286.0,False,523.8333333333334
494e562d313033353337,INV-103537,ACC-8998,Oscorp LLC,billing@oscorp.com,LATAM,Gaming,paid,2023-08-17,1,5.0,529.2,False,529.2
494e562d313034303335,INV-104035,ACC-5883,Vandelay Industries,billing@vandelay.com,APAC,Travel,paid,2021-09-27,0,5.0,-1862000.0,False,8166.666666666667
494e562d313034393833,INV-104983,ACC-4063,Cyberdyne Holdings,billing@cyberdyne.com,LATAM,Education,paid,2024-07-24,0,4.0,62865.0,False,5238.75
494e562d313030373136,INV-100716,ACC-1351,Hooli Corp,billing@hooli.com,EMEA,Retail,paid,2024-02-13,0,4.0,245.0,False,245.0
494e562d313032333535,INV-102355,ACC-8673,Umbrella Partners,billing@umbrella.com,LATAM,,paid,2021-11-17,0,3.0,-106743.0,False,635.375
494e562d313032363638,INV-102668,ACC-1457,Oscorp Industries,billing@oscorp.com,EMEA,Gaming,paid,2025-12-01,0,5.0,1470.0,False,122.5
494e562d313031353633,INV-101563,ACC-9176,Vandelay Inc,billing@vandelay.com,LATAM,Healthcare,paid,2021-09-21,0,1.0,798.3855,False,628.65
494e562d313031373532,INV-101752,ACC-4445,Umbrella Labs,billing@umbrella.com,EMEA,Gaming,paid,2026-03-06,0,3.0,571.5360000000001,False,44.1
494e562d313030373331,INV-100731,ACC-6352,Aperture Inc,billing@aperture.com,APAC,Logistics,paid,2025-10-15,0,1.0,299.0,False,299.0
494e562d313030303538,INV-100058,ACC-7981,Gekko Partners,billing@gekko.com,EMEA,Retail,refunded,2021-07-13,0,4.0,-14288.400000000001,False,0.0
494e562d313034303039,INV-104009,ACC-1665,Initech Partners,billing@initech.com,LATAM,Energy,paid,2025-03-08,1,5.0,297.0,False,297.0
494e562d313030383438,INV-100848,ACC-1061,Umbrella Inc,billing@umbrella.com,,Education,paid,2024-05-28,1,5.0,742.5,False,742.5
494e562d313030313030,INV-100100,ACC-3161,Nakatomi Group,billing@nakatomi.com,LATAM,Healthcare,paid,2025-02-06,1,4.0,14950.0,False,1245.8333333333333
494e562d313033363631,INV-103661,ACC-2069,Gekko Industries,billing@gekko.com,APAC,Manufacturing,paid,2024-08-18,0,1.0,-242190.0,False,2242.5
494e562d313030333537,INV-100357,ACC-5560,Pied Piper LLC,billing@pied.com,EMEA,Retail,paid,2023-04-22,0,4.0,-44100.0,False,153.125
494e562d313033353732,INV-103572,ACC-3093,Umbrella Industries,billing@umbrella.com,,Logistics,paid,2025-01-28,0,3.0,49500.0,False,4125.0
494e562d313030313537,INV-100157,ACC-7892,Nakatomi Ltd,billing@nakatomi.com,,Media,paid,2024-07-03,0,4.0,155575.0,False,12964.583333333334
494e562d313034353632,INV-104562,ACC-5372,Prestige Group,billing@prestige.com,EMEA,,paid,2026-02-24,1,2.0,5980.0,False,5980.0
494e562d313033323238,INV-103228,ACC-9417,Stark Ltd,billing@stark.com,EMEA,Gaming,paid,2022-11-18,0,1.0,4900.0,False,4900.0
494e562d313030353833,INV-100583,ACC-2258,Nakatomi Inc,,EMEA,Manufacturing,paid,2026-02-12,0,,-11296964.0,False,67243.83333333333
494e562d313032343631,INV-102461,ACC-3296,Stark Labs,billing@stark.com,APAC,Fintech,paid,2025-03-24,0,5.0,-17820.0,False,61.875
494e562d313031383238,INV-101828,ACC-9876,Oscorp Labs,billing@oscorp.com,APAC,Travel,paid,2026-11-22,0,4.0,8073.0,False,8073.0
494e562d313030353834,INV-100584,ACC-1214,Oscorp Ltd,billing@oscorp.com,APAC,Fintech,paid,2025-11-24,1,5.0,12250.0,False,1020.8333333333334
494e562d313030343331,INV-100431,ACC-7131,Soylent Ltd,billing@soylent.com,EMEA,Logistics,paid,2025-10-20,0,3.0,980.0,False,980.0
494e562d313034323232,INV-104222,ACC-4367,Wonka Inc,billing@wonka.com,APAC,Manufacturing,paid,2022-03-19,0,5.0,-2691000.0,False,9343.75
494e562d313033373236,INV-103726,ACC-7566,Tyrell Co,billing@tyrell.com,EMEA,Media,paid,2024-12-31,0,2.0,-9404.908800000001,False,44.080000000000005
494e562d313034383634,INV-104864,ACC-6462,Nakatomi Inc,billing@nakatomi.com,EMEA,,paid,2025-05-22,0,4.0,4900.0,False,408.3333333333333
494e562d313031393933,INV-101993,ACC-1284,Wayne Inc,billing@wayne.com,EMEA,Fintech,paid,2021-08-05,0,3.0,147.0,False,147.0
494e562d313031323533,INV-101253,ACC-2861,Oscorp Labs,billing@oscorp.com,,Manufacturing,paid,2026-04-23,0,2.0,6223.0,False,518.5833333333334
494e562d313034313136,INV-104116,ACC-1817,Acme Partners,billing@acme.com,APAC,Manufacturing,paid,2024-06-09,0,,74750.0,False,6229.166666666667
494e562d313032313633,INV-102163,ACC-6004,Soylent Ltd,billing@soylent.com,APAC,Manufacturing,paid,2024-05-23,1,3.0,2450.0,False,2450.0
494e562d313031343231,INV-101421,ACC-7119,Hooli Partners,billing@hooli.com,APAC,Gaming,paid,2026-06-03,0,5.0,122500.0,False,10208.333333333334
494e562d313031313531,INV-101151,ACC-5995,Cyberdyne LLC,billing@cyberdyne.com,APAC,Education,paid,2024-02-13,1,5.0,74750.0,False,6229.166666666667
494e562d313033353638,INV-103568,ACC-8946,Pied Piper Partners,billing@pied.com,LATAM,Retail,paid,2022-10-04,0,5.0,4950.0,False,412.5
494e562d313033393438,INV-103948,ACC-2524,Dunder Partners,billing@dunder.com,LATAM,Education,paid,2022-02-03,1,4.0,52920.0,False,4410.0
494e562d313031353634,INV-101564,ACC-5419,Acme Labs,billing@acme.com,,Logistics,paid,2024-04-08,1,4.0,-198450.0,False,1837.5
494e562d313033313939,INV-103199,ACC-7201,Aperture Corp,billing@aperture.com,LATAM,,paid,2022-10-06,0,,3111.5,False,259.2916666666667
494e562d313034383534,INV-104854,ACC-5227,Wonka Labs,billing@wonka.com,,Travel,paid,2023-09-08,0,4.0,223.0,False,223.0
494e562d313034383032,INV-104802,ACC-8646,Oscorp Co,billing@oscorp.com,APAC,,paid,2024-11-17,1,5.0,445.5,False,445.5
494e562d313031343530,INV-101450,ACC-6178,Prestige Co,billing@prestige.com,LATAM,Travel,paid,2021-08-12,0,5.0,1225.0,False,1225.0
494e562d313032303037,INV-102007,ACC-4912,Wonka Partners,billing@wonka.com,LATAM,Retail,paid,2024-03-11,0,5.0,147.0,False,147.0
494e562d313032373533,INV-102753,ACC-3778,Wonka Group,billing@wonka.com,APAC,Energy,paid,2023-05-22,0,5.0,1039.2624,False,962.28
494e562d313032373530,INV-102750,ACC-5828,Acme Ltd,billing@acme.com,LATAM,Media,paid,2024-09-25,0,4.0,99000.0,False,8250.0
494e562d313030323635,INV-100265,ACC-5961,Oscorp Co,billing@oscorp.com,EMEA,Education,paid,2023-01-15,0,1.0,24750.0,False,2062.5
494e562d313032343239,INV-102429,ACC-3646,Dunder Group,billing@dunder.com,LATAM,Fintech,paid,2024-11-06,0,5.0,5715.360000000001,False,441.0
494e562d313034363536,INV-104656,ACC-7072,Acme LLC,billing@acme.com,EMEA,Gaming,paid,2025-02-22,0,3.0,1743.768,False,1614.6
494e562d313034383231,INV-104821,ACC-7122,Tyrell Co,billing@tyrell.com,APAC,Logistics,paid,2023-10-07,0,5.0,8415.0,False,8415.0
494e562d313032313639,INV-102169,ACC-4278,Wayne Partners,billing@wayne.com,,Travel,paid,2024-06-28,0,5.0,4900.0,False,408.3333333333333
494e562d313032393234,INV-102924,ACC-7329,Stark Inc,billing@stark.com,LATAM,Fintech,refunded,2025-10-17,0,1.0,-31115.0,False,0.0
494e562d313033353032,INV-103502,ACC-2856,Tyrell Labs,billing@tyrell.com,LATAM,,paid,2023-08-27,0,4.0,2990.0,False,249.16666666666666
494e562d313033393636,INV-103966,ACC-6762,Oscorp Group,billing@oscorp.com,APAC,Manufacturing,refunded,2025-10-04,0,4.0,-980.0,False,0.0
494e562d313030363533,INV-100653,ACC-7420,Pied Piper Inc,billing@pied.com,,,paid,2021-10-21,0,1.0,3229.2,False,3229.2
494e562d313033363235,INV-103625,ACC-7259,Stark Partners,billing@stark.com,APAC,Fintech,paid,2023-10-21,0,5.0,-86605.2,False,801.9
494e562d313030303037,INV-100007,ACC-7939,Nakatomi Industries,billing@nakatomi.com,,Energy,paid,2023-07-28,0,4.0,49.0,False,49.0
494e562d313033363532,INV-103652,ACC-9054,Massive Dynamic Industries,billing@massive.com,,Energy,refunded,2021-08-05,0,4.0,-891.0,False,0.0
494e562d313031313532,INV-101152,ACC-8552,Stark Holdings,billing@stark.com,LATAM,Healthcare,paid,2024-09-23,0,4.0,2227.5,False,2227.5
494e562d313034393535,INV-104955,ACC-2633,Tyrell Corp,billing@tyrell.com,APAC,Media,paid,2022-06-19,0,2.0,-3233461.275,False,23574.375
494e562d313032343532,INV-102452,ACC-5562,Initech Partners,billing@initech.com,EMEA,Manufacturing,paid,2023-10-22,0,1.0,-198450.0,False,1837.5
494e562d313034353637,INV-104567,ACC-3685,Initech Corp,billing@initech.com,,Media,paid,2025-06-16,0,5.0,396.0,False,396.0
494e562d313032303032,INV-102002,ACC-5661,Acme Group,billing@acme.com,,Retail,paid,2022-10-06,0,,4410.0,False,4410.0
494e562d313033323438,INV-103248,ACC-9199,Massive Dynamic Partners,billing@massive.com,EMEA,Retail,paid,2024-05-06,0,,10692.0,False,891.0
494e562d313033363234,INV-103624,ACC-8493,Wonka Group,billing@wonka.com,EMEA,Education,paid,2023-01-23,0,3.0,96.23,False,96.23
494e562d313032323931,INV-102291,ACC-2282,Aperture Corp,billing@aperture.com,APAC,Media,paid,2023-08-02,1,4.0,5292.0,False,441.0
494e562d313033363233,INV-103623,ACC-5686,Initech LLC,billing@initech.com,LATAM,Healthcare,refunded,2022-07-18,0,5.0,-346.4208,False,0.0
494e562d313030363732,INV-100672,ACC-4175,Soylent Group,billing@soylent.com,,Healthcare,paid,2022-10-26,0,3.0,9900.0,False,825.0
494e562d313032353038,INV-102508,ACC-1930,Pied Piper Inc,billing@pied.com,,Travel,paid,2023-03-05,0,,132300.0,False,11025.0
494e562d313033353039,INV-103509,ACC-6923,Initech LLC,billing@initech.com,LATAM,Retail,refunded,2025-02-21,0,4.0,-299.0,False,0.0
494e562d313032323632,INV-102262,ACC-3553,Prestige Industries,billing@prestige.com,APAC,Travel,paid,2025-07-09,0,5.0,4165.0,False,4165.0
494e562d313031383334,INV-101834,ACC-8287,Gekko LLC,billing@gekko.com,LATAM,Manufacturing,paid,2023-08-10,1,2.0,416.5,False,416.5
494e562d313032373039,INV-102709,ACC-2669,Cyberdyne Labs,billing@cyberdyne.com,LATAM,Logistics,paid,2021-11-07,0,3.0,2082.5,False,2082.5
494e562d313034323231,INV-104221,ACC-5943,Umbrella Corp,billing@umbrella.com,APAC,,paid,2026-01-16,1,5.0,106.92,False,106.92
494e562d313033373735,INV-103775,ACC-1616,Gekko Holdings,billing@gekko.com,,Education,paid,2021-07-21,0,4.0,99.0,False,99.0
494e562d313033373532,INV-103752,ACC-5124,Umbrella Inc,billing@umbrella.com,,Manufacturing,paid,2025-07-21,0,5.0,142884.0,False,11025.0
494e562d313030323936,INV-100296,ACC-5528,Prestige LLC,billing@prestige.com,EMEA,Gaming,paid,2023-04-02,0,4.0,897.0,False,897.0
494e562d313032363830,INV-102680,ACC-3936,Vandelay Inc,billing@vandelay.com,,Education,paid,2024-11-04,0,4.0,-94048.19900000001,False,440.79583333333335
494e562d313034323036,INV-104206,ACC-6326,Hooli Holdings,billing@hooli.com,EMEA,Manufacturing,paid,2024-07-07,0,3.0,9900.0,False,825.0
494e562d313030333632,INV-100362,ACC-7484,Gekko Labs,,EMEA,Logistics,paid,2023-07-19,0,1.0,5292.0,True,441.0
494e562d313033313937,INV-103197,ACC-5058,Tyrell Partners,billing@tyrell.com,APAC,Media,paid,2024-08-17,0,5.0,12250.0,False,1020.8333333333334
494e562d313032303633,INV-102063,ACC-3270,Dunder Holdings,billing@dunder.com,EMEA,Energy,paid,2025-07-05,0,,49000.0,False,4083.3333333333335
494e562d313033363335,INV-103635,ACC-5981,Pied Piper Inc,billing@pied.com,,Fintech,paid,2021-12-03,1,3.0,-11907.0,False,110.25
494e562d313034333736,INV-104376,ACC-8998,Aperture LLC,billing@aperture.com,LATAM,Fintech,paid,2026-10-15,0,3.0,74750.0,False,74750.0
494e562d313034333334,INV-104334,ACC-4593,Gekko Corp,billing@gekko.com,,Retail,refunded,2022-09-07,0,5.0,-106920.0,False,0.0
494e562d313033373633,INV-103763,ACC-1234,Gekko Co,billing@gekko.com,LATAM,Fintech,paid,2024-02-13,0,5.0,-121095.0,False,1121.25
494e562d313034323134,INV-104214,ACC-5569,Cyberdyne Co,billing@cyberdyne.com,APAC,Gaming,paid,2022-09-02,0,3.0,790.3209999999999,False,622.3
494e562d313033313933,INV-103193,ACC-5057,Cyberdyne Labs,billing@cyberdyne.com,APAC,Gaming,refunded,2022-11-30,0,3.0,-74750.0,False,0.0
494e562d313032313739,INV-102179,ACC-8525,Massive Dynamic Labs,billing@massive.com,LATAM,Energy,paid,2023-09-05,0,1.0,10692.0,False,10692.0
494e562d313034363135,INV-104615,ACC-5734,Stark Co,billing@stark.com,APAC,Travel,paid,2024-08-22,0,2.0,41.65,False,41.65
494e562d313031343938,INV-101498,ACC-3433,Oscorp Corp,billing@oscorp.com,LATAM,Healthcare,paid,2023-04-29,0,3.0,990.0,False,990.0
494e562d313031393931,INV-101991,ACC-8980,Umbrella LLC,billing@umbrella.com,EMEA,Healthcare,paid,2024-11-03,0,,24500.0,False,2041.6666666666667
494e562d313034323335,INV-104235,ACC-8821,Soylent Labs,billing@soylent.com,EMEA,Logistics,paid,2024-11-27,0,3.0,14950.0,False,14950.0
494e562d313030323137,INV-100217,ACC-9015,Massive Dynamic Group,billing@massive.com,EMEA,Travel,paid,2022-05-18,1,,6223.0,False,518.5833333333334
494e562d313034313938,INV-104198,ACC-3902,Gekko Partners,billing@gekko.com,LATAM,Travel,refunded,2024-03-16,0,5.0,-1587.6,False,0.0
494e562d313032363537,INV-102657,ACC-2319,Gekko LLC,billing@gekko.com,LATAM,Fintech,refunded,2023-12-27,0,5.0,-11547.36,False,0.0
494e562d313033303739,INV-103079,ACC-5861,Nakatomi Co,billing@nakatomi.com,LATAM,Gaming,paid,2026-02-20,0,5.0,110.25,False,110.25
494e562d313033333832,INV-103382,ACC-9673,Stark LLC,billing@stark.com,EMEA,Media,paid,2023-11-02,1,4.0,161460.0,False,13455.0
494e562d313034333032,INV-104302,ACC-9260,Vandelay Holdings,billing@vandelay.com,LATAM,Energy,paid,2024-04-21,0,5.0,5292.0,False,441.0
494e562d313034313933,INV-104193,ACC-9378,Dunder Group,billing@dunder.com,LATAM,,paid,2025-01-06,1,5.0,841.5,False,841.5
494e562d313031353231,INV-101521,ACC-7374,Soylent Co,billing@soylent.com,LATAM,Education,paid,2023-12-12,0,4.0,-3740467.5,False,22264.6875
494e562d313032333538,INV-102358,ACC-7488,Vandelay Inc,billing@vandelay.com,APAC,Retail,paid,2024-01-23,0,5.0,-2338340.4,False,20047.5
494e562d313034393037,INV-104907,ACC-3861,Initech LLC,billing@initech.com,,Fintech,paid,2027-05-03,1,4.0,245.0,False,245.0
494e562d313030313931,INV-100191,ACC-9456,Prestige Labs,billing@prestige.com,LATAM,Energy,paid,2024-03-12,0,1.0,9900.0,False,825.0
494e562d313034313538,INV-104158,ACC-2149,Dunder Industries,billing@dunder.com,LATAM,Media,paid,2026-03-07,0,4.0,990.0,False,990.0
494e562d313031303733,INV-101073,ACC-1064,Gekko Co,billing@gekko.com,,Travel,refunded,2022-06-14,0,2.0,-8415.0,False,0.0
494e562d313034343136,INV-104416,ACC-1628,Stark Holdings,billing@stark.com,LATAM,Logistics,paid,2025-03-20,0,5.0,122500.0,False,10208.333333333334
494e562d313034333030,INV-104300,ACC-9467,Hooli Corp,billing@hooli.com,APAC,Healthcare,paid,2022-10-20,0,4.0,-1457750.0,False,8677.083333333334
494e562d313030303630,INV-100060,ACC-3828,Initech Co,billing@initech.com,,Manufacturing,paid,2023-11-17,0,3.0,-147251.52,False,645.84
494e562d313031383732,INV-101872,ACC-5172,Soylent Labs,billing@soylent.com,LATAM,,paid,2024-11-25,0,3.0,490.0,False,490.0
494e562d313032373834,INV-102784,ACC-4576,Initech Industries,billing@initech.com,APAC,Logistics,paid,2024-10-12,0,4.0,14288.400000000001,False,1102.5
494e562d313032323335,INV-102235,ACC-1400,Vandelay Partners,billing@vandelay.com,APAC,Healthcare,paid,2025-03-26,0,5.0,2475.0,False,2475.0
494e562d313034343034,INV-104404,ACC-3416,Hooli Inc,billing@hooli.com,LATAM,Energy,paid,2023-11-29,0,3.0,299000.0,False,24916.666666666668
494e562d313034363430,INV-104640,ACC-6408,Oscorp Partners,billing@oscorp.com,LATAM,Media,paid,2023-09-29,0,5.0,990.0,False,990.0
494e562d313033313339,INV-103139,ACC-5840,Massive Dynamic Industries,billing@massive.com,,Travel,paid,2025-11-02,1,1.0,14950.0,False,14950.0
494e562d313034343933,INV-104493,ACC-8122,Initech Co,billing@initech.com,LATAM,Retail,paid,2022-06-11,0,5.0,12250.0,False,1020.8333333333334
494e562d313034303231,INV-104021,ACC-1668,Soylent Labs,billing@soylent.com,APAC,Media,paid,2025-10-25,0,5.0,29900.0,False,2491.6666666666665
494e562d313030313732,INV-100172,ACC-8418,Gekko Partners,billing@gekko.com,EMEA,Retail,paid,2022-05-13,0,5.0,4900.0,False,4900.0
494e562d313033353934,INV-103594,ACC-7468,Initech Holdings,billing@initech.com,LATAM,Gaming,paid,2024-03-02,0,4.0,2450.0,False,204.16666666666666
494e562d313031303533,INV-101053,ACC-8793,Soylent Holdings,billing@soylent.com,EMEA,Logistics,paid,2023-01-26,0,2.0,807300.0,False,67275.0
494e562d313034303130,INV-104010,ACC-4568,Wayne Ltd,billing@wayne.com,EMEA,Manufacturing,paid,2023-02-03,1,,1470.0,True,122.5
494e562d313030353534,INV-100554,ACC-5483,Globex LLC,billing@globex.com,LATAM,Gaming,paid,2023-09-11,0,4.0,4009.5,False,4009.5
494e562d313031363339,INV-101639,ACC-5551,Prestige Partners,billing@prestige.com,LATAM,Gaming,paid,2022-05-04,0,4.0,87188.40000000001,False,80730.0
494e562d313034303438,INV-104048,ACC-9237,Initech Labs,billing@initech.com,,Manufacturing,paid,2024-11-10,0,4.0,297.0,False,297.0
494e562d313034383630,INV-104860,ACC-4596,Prestige Labs,billing@prestige.com,LATAM,Manufacturing,paid,2027-04-06,0,5.0,24750.0,False,24750.0
494e562d313030393535,INV-100955,ACC-2366,Soylent Partners,billing@soylent.com,LATAM,Education,paid,2023-06-30,0,2.0,267300.0,False,22275.0
494e562d313030333538,INV-100358,ACC-8396,Initech Holdings,billing@initech.com,EMEA,Education,paid,2023-02-16,0,4.0,34875.36,False,2691.0
494e562d313033333130,INV-103310,ACC-1013,Vandelay LLC,billing@vandelay.com,,Healthcare,paid,2025-05-09,0,5.0,24750.0,False,24750.0
494e562d313030383138,INV-100818,ACC-7175,Acme Labs,billing@acme.com,,,paid,2027-01-13,0,5.0,3229.0,False,3229.0
494e562d313033363530,INV-103650,ACC-3685,Umbrella Ltd,billing@umbrella.com,,Healthcare,paid,2026-07-18,0,4.0,7475.0,False,7475.0
494e562d313034353930,INV-104590,ACC-2949,Umbrella Labs,billing@umbrella.com,APAC,Travel,paid,2023-12-03,0,4.0,11025.0,False,11025.0
494e562d313032393235,INV-102925,ACC-6384,Hooli Corp,billing@hooli.com,,Gaming,paid,2023-12-12,0,3.0,132300.0,False,11025.0
494e562d313033383135,INV-103815,ACC-9844,Gekko Group,billing@gekko.com,,Travel,paid,2024-11-02,0,1.0,577.368,False,534.6
494e562d313032353832,INV-102582,ACC-4161,Cyberdyne Inc,billing@cyberdyne.com,EMEA,Education,paid,2021-07-31,0,1.0,-1178100.0,False,7012.5
494e562d313034363435,INV-104645,ACC-1053,Umbrella Holdings,billing@umbrella.com,,Healthcare,paid,2025-02-19,0,5.0,132.3,False,132.3
494e562d313033313030,INV-103100,ACC-1409,Vandelay Ltd,billing@vandelay.com,LATAM,Retail,paid,2026-06-13,0,4.0,12250.0,False,1020.8333333333334
494e562d313031363435,INV-101645,ACC-9595,Tyrell Labs,billing@tyrell.com,,Logistics,refunded,2023-02-23,0,1.0,-49.0,False,0.0
494e562d313034313335,INV-104135,ACC-1414,Vandelay Co,billing@vandelay.com,LATAM,Manufacturing,paid,2023-05-01,0,4.0,445.5,False,445.5
494e562d313030383336,INV-100836,ACC-1770,Cyberdyne Ltd,billing@cyberdyne.com,LATAM,Retail,paid,2025-10-15,0,3.0,490.0,False,490.0
494e562d313034353137,INV-104517,ACC-3896,Acme Ltd,billing@acme.com,EMEA,Healthcare,paid,2024-12-30,0,3.0,52.92,False,52.92
494e562d313034313932,INV-104192,ACC-8182,Tyrell Group,billing@tyrell.com,,Media,paid,2023-08-30,0,2.0,577.368,False,534.6
494e562d313033323039,INV-103209,ACC-6982,Nakatomi Corp,billing@nakatomi.com,EMEA,,paid,2025-11-11,0,5.0,49000.0,False,4083.3333333333335
494e562d313032333332,INV-102332,ACC-2251,Hooli Corp,billing@hooli.com,EMEA,Gaming,paid,2024-09-04,0,1.0,897.0,False,897.0
494e562d313030363135,INV-100615,ACC-8201,Prestige Corp,billing@prestige.com,,Logistics,paid,2024-10-24,0,5.0,26910.0,False,26910.0
494e562d313030323334,INV-100234,ACC-5742,Hooli Labs,billing@hooli.com,APAC,Education,paid,2022-08-07,0,5.0,-80190.0,False,742.5
494e562d313031393333,INV-101933,ACC-7595,Gekko Group,billing@gekko.com,LATAM,Logistics,paid,2023-11-13,0,1.0,990.0,False,990.0
494e562d313032343436,INV-102446,ACC-8046,Hooli Corp,billing@hooli.com,EMEA,Travel,paid,2027-03-19,0,4.0,49500.0,False,4125.0
494e562d313034353533,INV-104553,ACC-8909,Aperture Holdings,billing@aperture.com,EMEA,Manufacturing,paid,2024-04-21,1,1.0,4950.0,False,4950.0
494e562d313033363935,INV-103695,ACC-4191,Gekko Group,billing@gekko.com,APAC,Education,paid,2022-05-21,0,5.0,32292.0,False,2691.0
494e562d313033393933,INV-103993,ACC-3644,Massive Dynamic Co,billing@massive.com,,Manufacturing,refunded,2022-07-04,0,4.0,-990.0,False,0.0
494e562d313032323235,INV-102225,ACC-3752,Prestige Group,billing@prestige.com,EMEA,Retail,paid,2022-09-28,0,,-11907.0,False,110.25
494e562d313030363932,INV-100692,ACC-1438,Aperture Corp,billing@aperture.com,LATAM,Manufacturing,paid,2026-08-12,0,3.0,9900.0,False,9900.0
494e562d313030393132,INV-100912,ACC-8395,Umbrella LLC,billing@umbrella.com,APAC,Energy,paid,2023-07-14,1,5.0,149500.0,False,12458.333333333334
494e562d313031353239,INV-101529,ACC-9417,Wonka LLC,billing@wonka.com,LATAM,Retail,refunded,2024-05-15,1,4.0,-416.5,False,0.0
494e562d313031363838,INV-101688,ACC-9515,Oscorp Inc,billing@oscorp.com,EMEA,Gaming,paid,2024-12-18,0,4.0,4900.0,False,4900.0
494e562d313031323938,INV-101298,ACC-9368,Nakatomi Partners,billing@nakatomi.com,APAC,Healthcare,paid,2026-11-23,0,5.0,24750.0,False,2062.5
494e562d313033373937,INV-103797,ACC-2015,Stark Partners,billing@stark.com,EMEA,Manufacturing,paid,2023-04-18,0,2.0,1495.0,False,1495.0
494e562d313034333134,INV-104314,ACC-8149,Stark Group,billing@stark.com,EMEA,Manufacturing,paid,2022-10-23,0,3.0,4572.2880000000005,False,4233.6
494e562d313030363836,INV-100686,ACC-7263,Oscorp Ltd,billing@oscorp.com,APAC,Gaming,paid,2025-12-16,0,5.0,14950.0,False,14950.0
494e562d313033303530,INV-103050,ACC-1110,Soylent Industries,billing@soylent.com,,Manufacturing,paid,2022-09-23,1,5.0,990.0,False,990.0
494e562d313033333538,INV-103358,ACC-4687,Vandelay Inc,billing@vandelay.com,APAC,Media,paid,2024-01-29,0,1.0,3771.9,False,314.325
494e562d313034353239,INV-104529,ACC-5064,Nakatomi Ltd,billing@nakatomi.com,LATAM,Retail,paid,2023-12-29,1,5.0,132.3,False,132.3
494e562d313033383439,INV-103849,ACC-3755,Dunder Labs,billing@dunder.com,EMEA,Energy,paid,2023-09-15,0,5.0,-24219.0,False,224.25
494e562d313034313031,INV-104101,ACC-2344,Cyberdyne Co,billing@cyberdyne.com,,Healthcare,paid,2024-11-23,0,4.0,24750.0,False,24750.0
494e562d313032353934,INV-102594,ACC-3156,Gekko Holdings,,EMEA,Healthcare,paid,2024-01-18,0,4.0,990.0,False,990.0
494e562d313034343737,INV-104477,ACC-7986,Umbrella Group,billing@umbrella.com,EMEA,Education,paid,2025-01-10,0,3.0,26730.0,False,2227.5
494e562d313034303933,INV-104093,ACC-8669,Dunder Industries,billing@dunder.com,APAC,Gaming,paid,2026-08-06,1,5.0,4900.0,False,4900.0
494e562d313034333234,INV-104324,ACC-4510,Hooli Group,billing@hooli.com,APAC,Healthcare,paid,2021-04-15,0,4.0,490.0,False,490.0
494e562d313032353634,INV-102564,ACC-7610,Initech Group,billing@initech.com,EMEA,Fintech,paid,2025-12-28,0,5.0,1225.0,False,1225.0
494e562d313032343536,INV-102456,ACC-4275,Dunder Partners,billing@dunder.com,LATAM,Media,paid,2023-12-05,0,,99.0,False,99.0
494e562d313030373231,INV-100721,ACC-1138,Aperture Holdings,,LATAM,Fintech,paid,2024-02-05,0,1.0,-26460.0,False,91.875
494e562d313032323236,INV-102226,ACC-6572,Umbrella Group,billing@umbrella.com,APAC,Travel,paid,2024-04-23,1,3.0,-74480.0,False,326.6666666666667
494e562d313032303833,INV-102083,ACC-8637,Gekko Co,billing@gekko.com,LATAM,Gaming,paid,2024-08-24,0,,-2205000.0,False,7656.25
494e562d313034343738,INV-104478,ACC-5432,Wayne LLC,billing@wayne.com,APAC,Retail,paid,2023-12-07,1,1.0,396.9,False,396.9
494e562d313033333238,INV-103328,ACC-9413,Vandelay Ltd,billing@vandelay.com,,Healthcare,paid,2024-07-05,0,5.0,49000.0,False,4083.3333333333335
494e562d313032383332,INV-102832,ACC-4928,Dunder Holdings,billing@dunder.com,EMEA,,paid,2024-12-11,1,4.0,20047.5,False,20047.5
494e562d313034353937,INV-104597,ACC-6090,Acme Holdings,billing@acme.com,,,paid,2024-09-10,1,4.0,4900.0,False,4900.0
494e562d313034323439,INV-104249,ACC-6454,Initech Group,,LATAM,,paid,2023-11-27,1,,1837.5,False,1837.5
494e562d313034373835,INV-104785,ACC-7855,Oscorp Industries,billing@oscorp.com,,Media,paid,2024-02-09,0,3.0,12250.0,False,1020.8333333333334
494e562d313030323536,INV-100256,ACC-4385,Soylent Labs,billing@soylent.com,LATAM,,paid,2024-01-20,0,3.0,-178200.0,False,618.75
494e562d313032313036,INV-102106,ACC-7351,Acme LLC,billing@acme.com,,Retail,paid,2024-12-03,0,5.0,4286.52,False,3969.0
494e562d313033353731,INV-103571,ACC-4718,Vandelay Holdings,billing@vandelay.com,LATAM,Logistics,paid,2022-10-09,1,5.0,9900.0,False,825.0
494e562d313034363030,INV-104600,ACC-8588,Globex Labs,billing@globex.com,EMEA,Retail,paid,2026-02-03,1,3.0,-882000.0,False,3062.5
494e562d313034343039,INV-104409,ACC-9859,Umbrella Partners,billing@umbrella.com,LATAM,Healthcare,refunded,2025-04-09,0,5.0,-2945250.0,False,0.0
494e562d313032383434,INV-102844,ACC-5529,Wonka Labs,billing@wonka.com,,Fintech,paid,2025-03-31,0,,-577182.0,False,2531.5
494e562d313030353135,INV-100515,ACC-7108,Vandelay Labs,billing@vandelay.com,EMEA,Retail,paid,2022-06-27,0,1.0,571.5360000000001,False,44.1
494e562d313031343537,INV-101457,ACC-1329,Massive Dynamic Ltd,billing@massive.com,LATAM,Manufacturing,refunded,2025-06-10,0,5.0,-24750.0,False,0.0
494e562d313030373239,INV-100729,ACC-5880,Acme Co,billing@acme.com,,,paid,2025-02-28,1,5.0,2990.0,False,249.16666666666666
494e562d313032303637,INV-102067,ACC-6216,Oscorp LLC,billing@oscorp.com,,Gaming,paid,2023-07-31,0,3.0,29900.0,False,2491.6666666666665
494e562d313031393237,INV-101927,ACC-4495,Initech Inc,billing@initech.com,EMEA,Gaming,paid,2023-12-14,0,5.0,1495.0,False,1495.0
494e562d313031313435,INV-101145,ACC-1392,Massive Dynamic Labs,billing@massive.com,EMEA,,paid,2024-04-16,0,5.0,74750.0,False,74750.0
494e562d313034353635,INV-104565,ACC-9489,Vandelay Partners,billing@vandelay.com,EMEA,Education,paid,2022-11-08,0,3.0,31432.0,False,31432.0
494e562d313030353232,INV-100522,ACC-6751,Massive Dynamic Partners,billing@massive.com,EMEA,Travel,paid,2024-04-22,1,2.0,29900.0,False,29900.0
494e562d313030333033,INV-100303,ACC-1618,Vandelay Labs,billing@vandelay.com,,Travel,paid,2023-11-06,0,4.0,2450.0,False,204.16666666666666
494e562d313032353930,INV-102590,ACC-5987,Soylent Labs,billing@soylent.com,EMEA,Logistics,paid,2024-08-05,0,5.0,208.25,False,208.25
494e562d313034333933,INV-104393,ACC-8024,Nakatomi Group,billing@nakatomi.com,,Energy,paid,2024-06-11,0,5.0,14288.400000000001,False,13230.0
494e562d313033333133,INV-103313,ACC-1577,Nakatomi Partners,billing@nakatomi.com,LATAM,Media,refunded,2023-08-21,1,,-147.0,False,0.0
494e562d313034313531,INV-104151,ACC-9357,Gekko Industries,billing@gekko.com,LATAM,Healthcare,paid,2025-06-09,0,,24750.0,False,2062.5
494e562d313034373132,INV-104712,ACC-3188,Stark Group,billing@stark.com,LATAM,Logistics,paid,2025-04-09,1,2.0,490.0,False,40.833333333333336
494e562d313031303635,INV-101065,ACC-9463,Stark LLC,billing@stark.com,APAC,Media,paid,2024-01-11,1,5.0,67275.0,False,67275.0
494e562d313032323135,INV-102215,ACC-4914,Gekko Ltd,billing@gekko.com,,Education,paid,2023-04-07,0,2.0,2450.0,False,2450.0
494e562d313030353934,INV-100594,ACC-4310,Aperture Ltd,billing@aperture.com,,Energy,paid,2025-06-01,1,5.0,4900.0,False,408.3333333333333
494e562d313031333238,INV-101328,ACC-2366,Oscorp Industries,billing@oscorp.com,,Healthcare,paid,2024-09-01,0,3.0,-294525.0,False,1753.125
494e562d313034343835,INV-104485,ACC-4592,Nakatomi Group,billing@nakatomi.com,,Retail,paid,2023-07-02,0,1.0,288684.0,False,22275.0
494e562d313034363836,INV-104686,ACC-3097,Cyberdyne LLC,billing@cyberdyne.com,EMEA,Fintech,paid,2024-11-13,0,5.0,490.0,False,40.833333333333336
494e562d313034343538,INV-104458,ACC-3297,Soylent Co,billing@soylent.com,EMEA,Healthcare,paid,2023-01-24,0,5.0,490.0,False,490.0
494e562d313034363738,INV-104678,ACC-8256,Acme Co,billing@acme.com,LATAM,Energy,paid,2026-04-02,0,5.0,49000.0,False,4083.3333333333335
494e562d313034303632,INV-104062,ACC-3596,Hooli Group,,,Logistics,paid,2025-04-15,0,2.0,-19845.0,False,183.75
494e562d313031303137,INV-101017,ACC-2573,Massive Dynamic Co,billing@massive.com,LATAM,Retail,paid,2022-09-08,0,5.0,4900.0,False,4900.0
494e562d313030323730,INV-100270,ACC-9311,Prestige Inc,billing@prestige.com,EMEA,Healthcare,paid,2025-11-06,0,3.0,132.3,False,132.3
494e562d313031363035,INV-101605,ACC-2646,Initech Industries,billing@initech.com,EMEA,Logistics,paid,2022-08-30,0,5.0,208.25,False,208.25
494e562d313030303836,INV-100086,ACC-8161,Globex LLC,billing@globex.com,LATAM,Healthcare,paid,2024-07-18,0,4.0,12250.0,False,1020.8333333333334
494e562d313034373333,INV-104733,ACC-3754,Acme Holdings,billing@acme.com,EMEA,Logistics,paid,2024-11-21,1,5.0,-39690.0,False,367.5
494e562d313030323431,INV-100241,ACC-3937,Pied Piper Industries,billing@pied.com,EMEA,Healthcare,paid,2024-03-05,0,2.0,4900.0,False,4900.0
494e562d313031373137,INV-101717,ACC-2091,Gekko Ltd,billing@gekko.com,APAC,Energy,paid,2023-06-23,0,,15557.5,False,15557.5
494e562d313033363337,INV-103637,ACC-1397,Gekko Labs,billing@gekko.com,EMEA,Healthcare,paid,2021-11-01,0,1.0,622.0,False,622.0
494e562d313033303933,INV-103093,ACC-9182,Dunder Inc,billing@dunder.com,LATAM,Travel,paid,2023-07-08,1,2.0,245.0,False,245.0
494e562d313030353632,INV-100562,ACC-1275,Massive Dynamic LLC,billing@massive.com,LATAM,Manufacturing,paid,2026-06-18,0,3.0,264.48,False,264.48
494e562d313030393637,INV-100967,ACC-5998,Umbrella Labs,billing@umbrella.com,,Education,refunded,2023-11-22,1,3.0,-9900.0,False,0.0
494e562d313031313837,INV-101187,ACC-5229,Massive Dynamic Holdings,billing@massive.com,LATAM,Travel,paid,2025-02-27,0,3.0,-136344.0,False,598.0
494e562d313033363839,INV-103689,ACC-1525,Prestige Ltd,billing@prestige.com,APAC,Travel,refunded,2026-10-12,0,4.0,-5831.0,False,0.0
494e562d313033373031,INV-103701,ACC-6272,Massive Dynamic LLC,,APAC,Gaming,paid,2026-05-10,1,5.0,4900.0,False,408.3333333333333
494e562d313030383634,INV-100864,ACC-5251,Massive Dynamic Industries,billing@massive.com,LATAM,,paid,2025-07-27,0,1.0,-441000.0,False,1531.25
494e562d313031383436,INV-101846,ACC-6748,Prestige Co,billing@prestige.com,,Travel,paid,2024-08-05,1,4.0,490.0,False,490.0
494e562d313034333636,INV-104366,ACC-8192,Aperture Labs,billing@aperture.com,LATAM,Education,paid,2024-11-11,0,5.0,299.0,False,299.0
494e562d313032353734,INV-102574,ACC-8002,Initech Group,billing@initech.com,,Healthcare,paid,2025-09-21,1,3.0,107.0,False,107.0
494e562d313032353236,INV-102526,ACC-9568,Tyrell Holdings,billing@tyrell.com,EMEA,Education,paid,2026-07-06,0,1.0,990.0,False,82.5
494e562d313034383835,INV-104885,ACC-4173,Acme Labs,billing@acme.com,APAC,,paid,2023-06-11,0,3.0,-64016.001000000004,False,466.72499999999997
494e562d313032303431,INV-102041,ACC-4503,Prestige Corp,billing@prestige.com,APAC,Manufacturing,refunded,2024-07-23,0,1.0,-49.0,False,0.0
494e562d313031393739,INV-101979,ACC-4511,Umbrella LLC,billing@umbrella.com,LATAM,Energy,paid,2024-09-14,0,,99.0,False,99.0
494e562d313033303936,INV-103096,ACC-1690,Acme LLC,billing@acme.com,APAC,Manufacturing,paid,2022-07-27,0,1.0,264.6,False,264.6
494e562d313034353237,INV-104527,ACC-6319,Massive Dynamic Corp,billing@massive.com,EMEA,Retail,paid,2025-02-11,0,4.0,2857.6800000000003,False,220.5
494e562d313030383631,INV-100861,ACC-3115,Dunder Ltd,,APAC,Gaming,paid,2022-09-15,0,4.0,747500.0,False,62291.666666666664
494e562d313034353337,INV-104537,ACC-7410,Massive Dynamic Partners,billing@massive.com,EMEA,Energy,paid,2023-11-16,1,4.0,990.0,False,990.0
494e562d313032363838,INV-102688,ACC-7190,Wayne Industries,billing@wayne.com,APAC,Healthcare,paid,2023-03-20,0,5.0,12250.0,False,1020.8333333333334
494e562d313033363737,INV-103677,ACC-6185,Acme Labs,billing@acme.com,LATAM,Healthcare,paid,2023-12-23,0,4.0,245.0,False,245.0
494e562d313032393833,INV-102983,ACC-3380,Umbrella Co,billing@umbrella.com,APAC,Retail,paid,2021-04-09,1,2.0,128.5956,False,119.07
494e562d313033383030,INV-103800,ACC-6443,Aperture Co,billing@aperture.com,APAC,Gaming,paid,2022-11-30,1,1.0,4900.0,False,4900.0
494e562d313030353634,INV-100564,ACC-1046,Umbrella Partners,billing@umbrella.com,APAC,Energy,paid,2026-11-02,1,4.0,297.0,False,297.0
494e562d313033393439,INV-103949,ACC-9796,Oscorp Group,billing@oscorp.com,APAC,Travel,paid,2025-09-22,0,4.0,7983.8550000000005,False,6286.5
494e562d313033303337,INV-103037,ACC-5899,Gekko Partners,billing@gekko.com,EMEA,Retail,paid,2024-03-17,0,5.0,-24270.9192,False,83.82000000000001
494e562d313030343438,INV-100448,ACC-9761,Stark Ltd,billing@stark.com,EMEA,Retail,paid,2023-12-17,0,3.0,807.3,False,807.3
494e562d313034373936,INV-104796,ACC-9748,Soylent Ltd,billing@soylent.com,LATAM,Gaming,paid,2021-12-05,0,5.0,1225.0,False,1225.0
494e562d313032303231,INV-102021,ACC-2277,Stark Holdings,billing@stark.com,EMEA,Media,paid,2024-12-08,0,4.0,490.0,False,490.0
494e562d313033303735,INV-103075,ACC-8267,Aperture Co,billing@aperture.com,APAC,Education,paid,2025-11-03,0,3.0,24750.0,False,24750.0
494e562d313030303835,INV-100085,ACC-8790,Wonka Group,billing@wonka.com,LATAM,Gaming,paid,2025-11-02,1,3.0,790.3209999999999,False,622.3
494e562d313031333735,INV-101375,ACC-6825,Initech Ltd,billing@initech.com,EMEA,Education,refunded,2024-03-13,0,5.0,-15557.5,False,0.0
494e562d313034373032,INV-104702,ACC-3211,Umbrella Group,billing@umbrella.com,,Education,paid,2022-05-14,0,5.0,2990.0,False,249.16666666666666
494e562d313031303735,INV-101075,ACC-6097,Acme Inc,billing@acme.com,EMEA,Travel,paid,2025-10-12,0,5.0,-64669.2255,False,471.4875
494e562d313032313635,INV-102165,ACC-5588,Massive Dynamic Holdings,billing@massive.com,APAC,Energy,paid,2023-06-05,0,4.0,14288.400000000001,False,13230.0
494e562d313030383931,INV-100891,ACC-1538,Oscorp LLC,,,Manufacturing,paid,2023-12-23,0,5.0,158.76,False,158.76
494e562d313032323339,INV-102239,ACC-2770,Nakatomi LLC,billing@nakatomi.com,LATAM,Energy,paid,2025-02-10,0,5.0,149500.0,False,12458.333333333334
494e562d313030363631,INV-100661,ACC-5507,Cyberdyne Labs,,,Energy,refunded,2025-11-07,0,4.0,-1495.0,False,0.0
494e562d313030383331,INV-100831,ACC-1420,Pied Piper Labs,billing@pied.com,,Gaming,paid,2024-10-18,0,5.0,2450.0,False,2450.0
494e562d313032383532,INV-102852,ACC-1138,Globex Inc,billing@globex.com,LATAM,Gaming,paid,2026-08-15,1,1.0,74.25,False,74.25
494e562d313032373138,INV-102718,ACC-2937,Wayne Ltd,billing@wayne.com,,,paid,2023-05-11,0,,14950.0,False,1245.8333333333333
494e562d313034323532,INV-104252,ACC-9178,Nakatomi Labs,billing@nakatomi.com,LATAM,Healthcare,paid,2022-09-19,0,3.0,4900.0,False,408.3333333333333
494e562d313034383030,INV-104800,ACC-5036,Initech Industries,billing@initech.com,LATAM,Travel,paid,2025-04-22,0,5.0,-24219.0,True,224.25
494e562d313033333939,INV-103399,ACC-9121,Acme Partners,billing@acme.com,EMEA,Logistics,paid,2022-09-08,0,1.0,99000.0,False,8250.0
494e562d313034303538,INV-104058,ACC-1751,Acme LLC,billing@acme.com,LATAM,Education,paid,2024-08-30,1,5.0,-200475.0,False,1856.25
494e562d313032363031,INV-102601,ACC-3778,Prestige Co,billing@prestige.com,LATAM,Fintech,paid,2024-08-19,0,4.0,-29155.0,False,173.54166666666666
494e562d313034363130,INV-104610,ACC-3826,Cyberdyne Inc,billing@cyberdyne.com,,Logistics,paid,2026-03-16,1,5.0,4900.0,False,408.3333333333333
494e562d313032303632,INV-102062,ACC-3631,Aperture Partners,billing@aperture.com,APAC,Energy,paid,2021-12-10,0,4.0,4900.0,False,408.3333333333333
494e562d313030363137,INV-100617,ACC-2908,Pied Piper Partners,billing@pied.com,,Manufacturing,paid,2024-01-04,0,5.0,4900.0,False,4900.0
494e562d313032303139,INV-102019,ACC-3716,Nakatomi Ltd,billing@nakatomi.com,LATAM,Retail,paid,2024-03-07,0,4.0,24750.0,False,24750.0
494e562d313030383231,INV-100821,ACC-5412,Stark Holdings,billing@stark.com,EMEA,Media,paid,2021-12-15,1,4.0,1960.0,False,1960.0
494e562d313032363337,INV-102637,ACC-7244,Hooli Industries,billing@hooli.com,,Manufacturing,paid,2024-05-12,0,4.0,2475.0,False,2475.0
494e562d313030313330,INV-100130,ACC-4430,Gekko Holdings,billing@gekko.com,,Logistics,paid,2024-10-01,1,5.0,4950.0,False,412.5
494e562d313033323036,INV-103206,ACC-2687,Aperture Partners,billing@aperture.com,,Media,paid,2023-07-26,0,3.0,196.0,False,196.0
494e562d313032353232,INV-102522,ACC-5694,Wayne Industries,billing@wayne.com,,Manufacturing,paid,2024-06-24,0,5.0,-75240.0,False,330.0
494e562d313030323335,INV-100235,ACC-8872,Tyrell Partners,billing@tyrell.com,APAC,Education,paid,2021-09-26,0,3.0,9900.0,False,9900.0
494e562d313030373935,INV-100795,ACC-1761,Hooli Partners,billing@hooli.com,EMEA,,paid,2022-10-31,0,3.0,12250.0,False,1020.8333333333334
494e562d313031353939,INV-101599,ACC-5005,Aperture Inc,billing@aperture.com,EMEA,Fintech,paid,2023-02-11,0,5.0,39919.275,False,31432.5
494e562d313030393030,INV-100900,ACC-4757,Hooli Corp,billing@hooli.com,,Media,paid,2023-05-07,0,5.0,245.0,False,245.0
494e562d313032343331,INV-102431,ACC-1532,Prestige Holdings,billing@prestige.com,EMEA,Media,paid,2023-09-12,0,2.0,171.4608,False,158.76
494e562d313033343336,INV-103436,ACC-7122,Cyberdyne Partners,billing@cyberdyne.com,,Travel,refunded,2022-09-02,0,,-1975.8025,False,0.0
494e562d313034303831,INV-104081,ACC-2487,Soylent Co,billing@soylent.com,APAC,Retail,paid,2023-06-29,0,1.0,3037.84,False,3037.84
494e562d313030323537,INV-100257,ACC-2196,Oscorp Holdings,,LATAM,Media,paid,2026-05-06,0,1.0,-7448.0,False,32.666666666666664
494e562d313032333036,INV-102306,ACC-3827,Prestige Ltd,billing@prestige.com,LATAM,Retail,paid,2025-02-06,0,1.0,299.0,False,299.0
494e562d313032333839,INV-102389,ACC-2659,Wayne Holdings,billing@wayne.com,,Retail,paid,2025-08-21,0,,-45144.0,False,198.0
494e562d313031373637,INV-101767,ACC-9140,Gekko Ltd,billing@gekko.com,LATAM,Media,paid,2025-04-10,0,4.0,12250.0,False,12250.0
494e562d313031373633,INV-101763,ACC-3078,Pied Piper Inc,billing@pied.com,LATAM,,paid,2026-07-14,0,3.0,4900.0,False,408.3333333333333
494e562d313034383831,INV-104881,ACC-8197,Hooli Partners,billing@hooli.com,LATAM,,paid,2026-01-15,0,4.0,49000.0,False,4083.3333333333335
494e562d313031313237,INV-101127,ACC-9853,Hooli Partners,billing@hooli.com,LATAM,Gaming,refunded,2024-08-09,0,4.0,-272.65,False,0.0
494e562d313033313935,INV-103195,ACC-2351,Wonka Group,billing@wonka.com,APAC,Energy,paid,2024-12-21,0,5.0,-1625184.0,False,7128.0
494e562d313033383930,INV-103890,ACC-3733,Oscorp Industries,billing@oscorp.com,LATAM,Education,paid,2024-04-09,0,5.0,3969.0,False,3969.0
494e562d313032303237,INV-102027,ACC-7115,Gekko LLC,billing@gekko.com,LATAM,Gaming,paid,2023-08-29,0,1.0,34875.36,False,2691.0
494e562d313033353634,INV-103564,ACC-9358,Oscorp Holdings,billing@oscorp.com,EMEA,Media,paid,2024-05-09,0,2.0,1470.0,False,122.5
494e562d313034363333,INV-104633,ACC-5947,Stark Corp,billing@stark.com,APAC,Media,paid,2025-09-02,0,4.0,9187.5,False,9187.5
494e562d313034323830,INV-104280,ACC-3645,Pied Piper Holdings,billing@pied.com,EMEA,Logistics,paid,2024-01-17,1,2.0,245.0,False,245.0
494e562d313033333932,INV-103392,ACC-8468,Massive Dynamic Holdings,billing@massive.com,EMEA,Manufacturing,paid,2025-01-29,0,3.0,990.0,False,990.0
494e562d313030363138,INV-100618,ACC-6968,Umbrella Corp,billing@umbrella.com,APAC,Gaming,paid,2025-01-24,0,5.0,49.0,False,49.0
494e562d313033323334,INV-103234,ACC-4681,Vandelay LLC,billing@vandelay.com,LATAM,Energy,paid,2024-11-10,0,2.0,495.0,False,495.0
494e562d313033373935,INV-103795,ACC-4121,Pied Piper Group,billing@pied.com,LATAM,Manufacturing,paid,2027-01-24,0,,24750.0,False,24750.0
494e562d313034373534,INV-104754,ACC-9091,Wonka Corp,billing@wonka.com,LATAM,Energy,paid,2024-09-30,0,4.0,2990.0,False,249.16666666666666
494e562d313031323933,INV-101293,ACC-3132,Wonka LLC,billing@wonka.com,,Gaming,paid,2025-06-03,0,4.0,990.0,False,990.0
494e562d313032313034,INV-102104,ACC-9170,Wonka Holdings,billing@wonka.com,LATAM,Gaming,paid,2022-06-04,1,4.0,49000.0,False,4083.3333333333335
494e562d313034333336,INV-104336,ACC-7520,Nakatomi LLC,billing@nakatomi.com,LATAM,Logistics,paid,2022-10-27,0,4.0,12250.0,False,1020.8333333333334
494e562d313032393431,INV-102941,ACC-8069,Umbrella Inc,billing@umbrella.com,APAC,Travel,paid,2024-06-27,0,5.0,49.0,False,49.0
494e562d313030383130,INV-100810,ACC-8892,Cyberdyne Industries,billing@cyberdyne.com,LATAM,Retail,paid,2022-10-24,0,5.0,577.368,False,534.6
494e562d313032363138,INV-102618,ACC-8638,Stark Ltd,billing@stark.com,EMEA,Fintech,paid,2025-05-24,0,5.0,490.0,False,490.0
494e562d313034313731,INV-104171,ACC-8057,Acme Corp,billing@acme.com,EMEA,Healthcare,paid,2026-02-23,1,1.0,49500.0,False,4125.0
494e562d313033333338,INV-103338,ACC-2223,Oscorp Group,billing@oscorp.com,APAC,Logistics,paid,2024-07-31,0,4.0,990.0,False,990.0
494e562d313031393835,INV-101985,ACC-5548,Oscorp Labs,billing@oscorp.com,EMEA,Travel,paid,2021-11-12,0,4.0,4950.0,False,4950.0
494e562d313032393239,INV-102929,ACC-5582,Globex Corp,billing@globex.com,EMEA,Gaming,refunded,2025-01-07,0,4.0,-8718.84,False,0.0
494e562d313032373131,INV-102711,ACC-4865,Umbrella Co,billing@umbrella.com,,Healthcare,paid,2022-09-26,0,3.0,132300.0,False,11025.0
494e562d313030393035,INV-100905,ACC-8277,Cyberdyne Corp,billing@cyberdyne.com,EMEA,Travel,paid,2024-08-13,0,3.0,2450.0,False,2450.0
494e562d313032333837,INV-102387,ACC-5580,Initech Ltd,,LATAM,Education,paid,2025-06-16,0,2.0,74750.0,False,6229.166666666667
494e562d313034373537,INV-104757,ACC-6671,Wayne Holdings,billing@wayne.com,APAC,Education,paid,2023-03-19,1,4.0,2970.0,False,247.5
494e562d313034383031,INV-104801,ACC-4526,Globex Ltd,billing@globex.com,LATAM,Media,paid,2024-09-11,0,5.0,2990.0,False,2990.0
494e562d313031353832,INV-101582,ACC-8260,Wayne Labs,billing@wayne.com,LATAM,Gaming,paid,2023-07-15,0,5.0,2082.5,False,2082.5
494e562d313031393132,INV-101912,ACC-7537,Cyberdyne Group,billing@cyberdyne.com,,Education,refunded,2023-01-21,0,3.0,-24500.0,False,0.0
494e562d313033303830,INV-103080,ACC-8647,Vandelay Labs,billing@vandelay.com,LATAM,Healthcare,paid,2025-10-11,0,,29900.0,False,2491.6666666666665
494e562d313032313734,INV-102174,ACC-4835,Massive Dynamic Corp,billing@massive.com,LATAM,Manufacturing,refunded,2026-09-14,0,5.0,-10462.608,False,0.0
494e562d313030313534,INV-100154,ACC-7649,Wonka Ltd,billing@wonka.com,,Manufacturing,paid,2025-09-08,0,3.0,49000.0,False,4083.3333333333335
494e562d313030383938,INV-100898,ACC-8396,Cyberdyne Labs,billing@cyberdyne.com,EMEA,Logistics,paid,2023-04-17,0,,2082.5,False,2082.5
494e562d313031303336,INV-101036,ACC-4304,Hooli Holdings,billing@hooli.com,LATAM,Travel,paid,2023-03-11,0,1.0,490.0,False,490.0
494e562d313032313834,INV-102184,ACC-6453,Prestige Co,billing@prestige.com,LATAM,Energy,paid,2025-07-03,0,1.0,-2381400.0,False,8268.75
494e562d313031363237,INV-101627,ACC-1851,Hooli Group,billing@hooli.com,,Media,paid,2022-04-02,0,2.0,29900.0,False,29900.0
494e562d313033363130,INV-103610,ACC-4899,Prestige Corp,billing@prestige.com,,Travel,paid,2023-03-11,0,5.0,297.0,False,297.0
494e562d313033343735,INV-103475,ACC-7613,Umbrella Group,billing@umbrella.com,,Logistics,paid,2024-04-26,0,1.0,891.0,False,891.0
494e562d313031313433,INV-101143,ACC-4574,Soylent Group,billing@soylent.com,LATAM,Manufacturing,paid,2025-08-22,0,2.0,-8660.52,False,80.19
494e562d313031383839,INV-101889,ACC-7945,Hooli Co,billing@hooli.com,,Education,paid,2022-12-18,0,3.0,-150480.0,False,660.0
494e562d313030393334,INV-100934,ACC-5983,Globex LLC,billing@globex.com,,Manufacturing,paid,2023-03-12,0,4.0,990.0,False,82.5
494e562d313034303633,INV-104063,ACC-7959,Initech Ltd,,LATAM,Healthcare,paid,2025-05-05,1,4.0,99000.0,False,8250.0
494e562d313032323035,INV-102205,ACC-5905,Dunder Labs,billing@dunder.com,LATAM,Logistics,paid,2023-09-16,0,4.0,63.220600000000005,False,49.78
494e562d313030313332,INV-100132,ACC-3017,Dunder Corp,,,Education,paid,2025-01-05,0,1.0,-9525.599999999999,False,33.074999999999996
494e562d313033323035,INV-103205,ACC-4658,Soylent Group,billing@soylent.com,,Retail,paid,2026-06-15,0,,742.5,False,742.5
494e562d313030393939,INV-100999,ACC-9668,Soylent Inc,billing@soylent.com,LATAM,Retail,paid,2026-05-01,0,4.0,4900.0,False,4900.0
494e562d313033393932,INV-103992,ACC-5295,Dunder Group,billing@dunder.com,APAC,Manufacturing,paid,2021-07-16,1,1.0,379.73,False,379.73
494e562d313030373439,INV-100749,ACC-3977,Pied Piper Co,billing@pied.com,LATAM,,paid,2024-02-26,0,4.0,122500.0,False,10208.333333333334
494e562d313034363732,INV-104672,ACC-5757,Hooli Partners,billing@hooli.com,,Manufacturing,paid,2024-04-11,0,4.0,2450.0,False,2450.0
494e562d313033373534,INV-103754,ACC-2585,Oscorp Labs,billing@oscorp.com,EMEA,Energy,paid,2023-04-16,1,3.0,4950.0,False,412.5
494e562d313031343236,INV-101426,ACC-2731,Globex Corp,billing@globex.com,LATAM,Media,paid,2021-11-14,0,4.0,-53460.0,False,185.625
494e562d313031313134,INV-101114,ACC-3484,Aperture Co,,,Energy,paid,2026-10-17,1,5.0,3960.0,False,3960.0
494e562d313034353138,INV-104518,ACC-1150,Nakatomi Co,billing@nakatomi.com,LATAM,Retail,paid,2022-03-06,1,4.0,19758.025,False,1296.4583333333333
494e562d313034353837,INV-104587,ACC-5406,Dunder Industries,billing@dunder.com,,Gaming,paid,2025-07-25,0,3.0,897.0,False,897.0
494e562d313030373831,INV-100781,ACC-3327,Massive Dynamic Industries,billing@massive.com,APAC,Fintech,paid,2021-08-30,0,1.0,1587.6,False,132.29999999999998
494e562d313030363736,INV-100676,ACC-6776,Hooli LLC,billing@hooli.com,,Travel,paid,2023-01-15,0,5.0,8970.0,False,747.5
494e562d313033383632,INV-103862,ACC-6558,Dunder Inc,billing@dunder.com,LATAM,Healthcare,paid,2024-08-24,0,2.0,2450.0,False,204.16666666666666
494e562d313030313235,INV-100125,ACC-4963,Umbrella Inc,billing@umbrella.com,EMEA,Travel,paid,2024-07-19,0,2.0,4165.0,False,4165.0
494e562d313030333734,INV-100374,ACC-6134,Dunder Ltd,billing@dunder.com,APAC,Education,paid,2025-12-20,0,3.0,12573.0,False,12573.0
494e562d313034383633,INV-104863,ACC-6483,Initech Industries,billing@initech.com,LATAM,Energy,paid,2023-11-14,1,4.0,147.0,False,147.0
494e562d313032303530,INV-102050,ACC-8439,Wayne Holdings,billing@wayne.com,APAC,Energy,paid,2023-08-02,0,2.0,-93533.616,False,801.9
494e562d313031383930,INV-101890,ACC-9893,Prestige Labs,billing@prestige.com,LATAM,Retail,paid,2024-08-27,1,5.0,247500.0,False,20625.0
494e562d313034313734,INV-104174,ACC-2866,Wonka Ltd,billing@wonka.com,LATAM,Logistics,paid,2023-12-14,1,4.0,495.0,False,495.0
494e562d313034373939,INV-104799,ACC-9382,Umbrella Co,billing@umbrella.com,APAC,Education,paid,2023-12-30,1,5.0,1046.2608,False,968.76
494e562d313031363136,INV-101616,ACC-8600,Nakatomi Co,billing@nakatomi.com,APAC,Logistics,paid,2025-07-13,1,4.0,427.68,False,427.68
494e562d313033343935,INV-103495,ACC-2195,Aperture Labs,billing@aperture.com,LATAM,Gaming,paid,2023-09-29,0,4.0,490.0,False,40.833333333333336
494e562d313031303730,INV-101070,ACC-6375,Soylent Co,billing@soylent.com,LATAM,Retail,paid,2024-04-07,0,5.0,908.82,False,908.82
494e562d313030373931,INV-100791,ACC-1227,Nakatomi Partners,billing@nakatomi.com,,Education,paid,2022-08-31,0,1.0,2450.0,False,204.16666666666666
494e562d313032313638,INV-102168,ACC-2607,Umbrella Corp,billing@umbrella.com,EMEA,,paid,2021-11-02,1,5.0,490.0,False,40.833333333333336
494e562d313031343632,INV-101462,ACC-1579,Nakatomi Group,billing@nakatomi.com,EMEA,Manufacturing,paid,2025-07-26,0,5.0,7475.0,False,7475.0
494e562d313032383433,INV-102843,ACC-5324,Pied Piper Corp,billing@pied.com,LATAM,Logistics,paid,2023-10-11,0,5.0,497.84,False,497.84
494e562d313030333235,INV-100325,ACC-2922,Umbrella Group,billing@umbrella.com,,Gaming,paid,2025-02-10,1,4.0,265.0,False,265.0
494e562d313032353431,INV-102541,ACC-7677,Oscorp Holdings,billing@oscorp.com,EMEA,Education,paid,2024-07-27,0,3.0,44.98,False,44.98
494e562d313031363134,INV-101614,ACC-5060,Initech Holdings,billing@initech.com,,Media,refunded,2021-09-11,1,4.0,-5773.68,False,0.0
494e562d313033333439,INV-103349,ACC-5516,Globex LLC,billing@globex.com,LATAM,Energy,paid,2023-01-15,1,4.0,897.0,False,897.0
494e562d313034363937,INV-104697,ACC-8015,Wonka Group,billing@wonka.com,APAC,Media,paid,2024-11-21,0,3.0,8415.0,False,8415.0
494e562d313031353431,INV-101541,ACC-2144,Pied Piper Inc,billing@pied.com,LATAM,Education,paid,2024-08-16,0,5.0,1291.68,False,1291.68
494e562d313033363430,INV-103640,ACC-7226,Hooli Holdings,billing@hooli.com,,Education,paid,2023-03-09,0,2.0,-102876.48000000001,False,330.75
494e562d313030373330,INV-100730,ACC-7645,Massive Dynamic Holdings,billing@massive.com,LATAM,Media,paid,2025-06-30,0,5.0,4900.0,False,408.3333333333333
494e562d313032393734,INV-102974,ACC-1694,Cyberdyne Partners,billing@cyberdyne.com,,Gaming,paid,2023-10-22,1,4.0,49000.0,False,4083.3333333333335
494e562d313031373738,INV-101778,ACC-4250,Globex Holdings,billing@globex.com,EMEA,Media,paid,2025-07-02,0,3.0,3111.5,False,259.2916666666667
494e562d313032383236,INV-102826,ACC-4187,Acme Ltd,billing@acme.com,,Fintech,paid,2025-08-29,0,2.0,12250.0,False,1020.8333333333334
494e562d313030353936,INV-100596,ACC-7509,Stark Inc,billing@stark.com,APAC,Education,paid,2024-06-02,0,4.0,949325.0,False,79110.41666666667
494e562d313031363538,INV-101658,ACC-3298,Aperture Co,billing@aperture.com,EMEA,Healthcare,paid,2022-07-20,0,,-198450.0,False,1837.5
494e562d313032303035,INV-102005,ACC-9370,Oscorp Inc,billing@oscorp.com,,Education,paid,2025-04-26,0,2.0,24750.0,False,24750.0
494e562d313030343230,INV-100420,ACC-6009,Nakatomi Partners,billing@nakatomi.com,APAC,Travel,paid,2024-01-21,1,5.0,490.0,False,490.0
494e562d313034343932,INV-104492,ACC-5358,Globex Partners,billing@globex.com,LATAM,Fintech,paid,2022-08-31,1,5.0,4900.0,False,408.3333333333333
494e562d313031373034,INV-101704,ACC-8521,Vandelay Group,billing@vandelay.com,,Logistics,paid,2025-04-15,0,2.0,4900.0,False,408.3333333333333
494e562d313030303039,INV-100009,ACC-1931,Dunder Corp,billing@dunder.com,APAC,Media,paid,2024-11-19,0,1.0,1196.0,False,1196.0
494e562d313030353736,INV-100576,ACC-7210,Tyrell Industries,billing@tyrell.com,EMEA,Fintech,paid,2025-09-29,0,5.0,9900.0,False,825.0
494e562d313030313232,INV-100122,ACC-9561,Gekko Inc,billing@gekko.com,LATAM,Media,paid,2026-05-05,1,4.0,3960.0,False,3960.0
494e562d313034313934,INV-104194,ACC-6012,Wonka Ltd,billing@wonka.com,LATAM,Healthcare,paid,2025-12-22,0,5.0,4900.0,False,408.3333333333333
494e562d313034303938,INV-104098,ACC-1017,Umbrella Labs,billing@umbrella.com,EMEA,Logistics,paid,2022-09-02,0,2.0,482.25710000000004,False,379.73
494e562d313034383735,INV-104875,ACC-9257,Wayne Inc,billing@wayne.com,EMEA,Energy,paid,2024-06-15,0,3.0,-4455000.0,False,15468.75
494e562d313034303035,INV-104005,ACC-4577,Massive Dynamic LLC,,APAC,Education,paid,2025-02-01,0,2.0,529.2,False,529.2
494e562d313030313834,INV-100184,ACC-6254,Tyrell Group,billing@tyrell.com,,Healthcare,paid,2023-08-06,0,3.0,622.3,False,51.85833333333333
494e562d313034303235,INV-104025,ACC-6599,Soylent Ltd,billing@soylent.com,,Media,paid,2024-03-24,0,5.0,14950.0,False,1245.8333333333333
494e562d313031313032,INV-101102,ACC-6423,Wonka Industries,billing@wonka.com,APAC,Retail,paid,2023-02-17,0,2.0,22425.0,False,22425.0
494e562d313033383732,INV-103872,ACC-6823,Aperture Corp,billing@aperture.com,,Travel,paid,2022-06-06,0,,147.0,False,147.0
494e562d313034373231,INV-104721,ACC-3430,Massive Dynamic Labs,billing@massive.com,,Education,paid,2025-02-07,1,1.0,8910.0,False,8910.0
494e562d313032333730,INV-102370,ACC-8488,Nakatomi Labs,billing@nakatomi.com,LATAM,Healthcare,refunded,2024-07-07,0,3.0,-622.3,False,0.0
494e562d313030363237,INV-100627,ACC-2759,Tyrell Co,billing@tyrell.com,APAC,Logistics,paid,2022-04-06,1,,1470.0,False,122.5
494e562d313032353639,INV-102569,ACC-5614,Umbrella Industries,billing@umbrella.com,APAC,Healthcare,paid,2024-08-10,0,4.0,-23147.208000000002,False,198.45000000000002
494e562d313032373030,INV-102700,ACC-5773,Acme Group,billing@acme.com,,Gaming,paid,2023-08-30,0,5.0,29900.0,False,29900.0
494e562d313033343836,INV-103486,ACC-8097,Oscorp Corp,billing@oscorp.com,APAC,Media,paid,2022-07-12,0,4.0,12573.0,False,12573.0
494e562d313034373935,INV-104795,ACC-4655,Gekko Inc,billing@gekko.com,EMEA,,paid,2022-10-01,0,4.0,416.5,False,416.5
494e562d313033313032,INV-103102,ACC-9946,Initech LLC,,,Gaming,paid,2025-06-24,0,4.0,949325.0,False,79110.41666666667
494e562d313033353534,INV-103554,ACC-3588,Pied Piper Corp,billing@pied.com,,Fintech,paid,2021-08-01,0,,529.2,False,44.1
494e562d313034343638,INV-104468,ACC-8192,Tyrell Labs,billing@tyrell.com,,Logistics,paid,2025-08-28,0,4.0,285.76800000000003,False,264.6
494e562d313034363438,INV-104648,ACC-9588,Wayne Holdings,billing@wayne.com,LATAM,,refunded,2025-05-15,0,2.0,-8019.0,False,0.0
494e562d313032363639,INV-102669,ACC-2917,Oscorp Corp,billing@oscorp.com,LATAM,,paid,2024-02-12,0,4.0,2103.75,False,2103.75
494e562d313030303939,INV-100099,ACC-9756,Tyrell LLC,billing@tyrell.com,,Healthcare,paid,2026-07-25,0,4.0,4900.0,False,408.3333333333333
494e562d313032383331,INV-102831,ACC-9093,Hooli Industries,billing@hooli.com,LATAM,Logistics,paid,2023-09-01,0,,-372400.0,False,1633.3333333333333
494e562d313031393638,INV-101968,ACC-4470,Prestige Holdings,billing@prestige.com,EMEA,Manufacturing,paid,2025-05-18,0,,495.0,False,495.0
494e562d313031313732,INV-101172,ACC-8291,Dunder Group,billing@dunder.com,LATAM,Media,paid,2023-12-24,0,3.0,1225.0,False,1225.0
494e562d313030323232,INV-100222,ACC-2901,Pied Piper Ltd,billing@pied.com,LATAM,,paid,2022-07-13,0,3.0,49000.0,False,4083.3333333333335
494e562d313032383636,INV-102866,ACC-2079,Stark Holdings,billing@stark.com,,Manufacturing,paid,2025-04-28,0,4.0,320.76,False,320.76
494e562d313031363234,INV-101624,ACC-8985,Soylent Corp,billing@soylent.com,,,paid,2025-04-28,0,3.0,897.0,False,897.0
494e562d313034383238,INV-104828,ACC-8279,Wonka Group,billing@wonka.com,APAC,Fintech,refunded,2026-03-22,0,2.0,-29900.0,False,0.0
494e562d313031313539,INV-101159,ACC-9860,Pied Piper Holdings,billing@pied.com,LATAM,Logistics,paid,2024-10-13,0,4.0,2450.0,False,204.16666666666666
494e562d313033313237,INV-103127,ACC-8996,Cyberdyne Labs,billing@cyberdyne.com,EMEA,Travel,paid,2022-11-18,1,4.0,1270.75,True,1270.75
494e562d313031343538,INV-101458,ACC-8165,Dunder Group,billing@dunder.com,LATAM,Fintech,paid,2023-03-27,0,4.0,-53820.0,False,186.875
494e562d313032363533,INV-102653,ACC-2376,Cyberdyne Industries,billing@cyberdyne.com,APAC,Manufacturing,paid,2024-08-08,0,4.0,299000.0,False,24916.666666666668
494e562d313030363433,INV-100643,ACC-5488,Aperture Labs,billing@aperture.com,LATAM,Energy,paid,2023-05-19,0,4.0,247500.0,True,20625.0
494e562d313032343431,INV-102441,ACC-7151,Gekko Industries,billing@gekko.com,,Travel,paid,2022-04-19,0,5.0,1041.0,False,1041.0
494e562d313030323534,INV-100254,ACC-2347,Wayne Industries,billing@wayne.com,EMEA,Healthcare,paid,2022-06-24,1,,11245.5,False,11245.5
494e562d313031363338,INV-101638,ACC-7220,Gekko Co,billing@gekko.com,LATAM,Travel,paid,2023-07-15,1,4.0,8718.84,False,8073.0
494e562d313032393539,INV-102959,ACC-3937,Soylent Ltd,billing@soylent.com,APAC,Media,paid,2025-07-27,0,,2450.0,False,204.16666666666666
494e562d313034383336,INV-104836,ACC-6012,Pied Piper Corp,billing@pied.com,EMEA,Healthcare,paid,2022-02-20,0,5.0,12250.0,False,12250.0
494e562d313034323739,INV-104279,ACC-2790,Prestige LLC,billing@prestige.com,,Logistics,paid,2023-11-28,0,4.0,4900.0,False,4900.0
494e562d313031323335,INV-101235,ACC-7577,Soylent LLC,billing@soylent.com,EMEA,Healthcare,paid,2021-12-28,0,2.0,10692.0,False,891.0
494e562d313031363733,INV-101673,ACC-6134,Dunder Group,billing@dunder.com,APAC,Manufacturing,paid,2025-09-14,1,4.0,19800.0,False,19800.0
494e562d313032323836,INV-102286,ACC-4144,Oscorp Ltd,billing@oscorp.com,,Logistics,paid,2024-11-08,0,5.0,-74480.0,True,326.6666666666667
494e562d313032353130,INV-102510,ACC-5652,Soylent Group,billing@soylent.com,,Travel,paid,2026-10-10,1,4.0,2857.6800000000003,False,2646.0
494e562d313032373434,INV-102744,ACC-6932,Massive Dynamic Ltd,billing@massive.com,,Logistics,paid,2023-10-03,0,4.0,2475.0,False,2475.0
494e562d313030303631,INV-100061,ACC-2412,Soylent Partners,billing@soylent.com,EMEA,Fintech,paid,2024-10-30,0,4.0,52920.0,False,4410.0
494e562d313030393531,INV-100951,ACC-9613,Dunder Holdings,billing@dunder.com,EMEA,Travel,paid,2022-07-19,0,4.0,49000.0,False,4083.3333333333335
494e562d313032333439,INV-102349,ACC-1466,Hooli Inc,billing@hooli.com,,Healthcare,paid,2024-03-29,0,3.0,242.9028,False,224.91
494e562d313031343337,INV-101437,ACC-5760,Cyberdyne Partners,billing@cyberdyne.com,EMEA,Energy,paid,2025-06-24,0,1.0,534.6,False,534.6
494e562d313033323130,INV-103210,ACC-6263,Tyrell Labs,billing@tyrell.com,LATAM,,paid,2024-03-06,0,,24750.0,False,24750.0
494e562d313032303635,INV-102065,ACC-2107,Stark Partners,billing@stark.com,LATAM,Healthcare,paid,2024-05-06,0,,124.95,False,124.95
494e562d313033343932,INV-103492,ACC-8791,Stark Inc,billing@stark.com,LATAM,Healthcare,paid,2025-01-07,0,3.0,-7448.0,False,32.666666666666664
494e562d313030303733,INV-100073,ACC-2562,Initech Labs,,APAC,,paid,2023-09-12,0,5.0,-396900.0,False,3675.0
494e562d313031323439,INV-101249,ACC-5534,Globex Corp,billing@globex.com,EMEA,Fintech,paid,2026-05-18,0,4.0,9900.0,False,825.0
494e562d313033383338,INV-103838,ACC-6944,Oscorp Labs,billing@oscorp.com,LATAM,Gaming,paid,2024-06-03,0,3.0,6286.5,False,6286.5
494e562d313032393831,INV-102981,ACC-5508,Acme Partners,billing@acme.com,LATAM,Healthcare,paid,2024-11-17,0,5.0,571.5360000000001,False,529.2
494e562d313030383230,INV-100820,ACC-2455,Gekko Holdings,billing@gekko.com,EMEA,Retail,refunded,2024-03-16,0,4.0,-6297.48,False,0.0
494e562d313033303831,INV-103081,ACC-4440,Wonka Industries,billing@wonka.com,APAC,Gaming,paid,2025-04-07,0,5.0,57153.600000000006,False,4410.0
494e562d313031333730,INV-101370,ACC-6944,Acme Ltd,billing@acme.com,APAC,Fintech,paid,2024-02-15,0,4.0,5346.0,False,5346.0
494e562d313033353631,INV-103561,ACC-3996,Stark Corp,billing@stark.com,LATAM,Healthcare,paid,2022-04-30,0,4.0,-58310.0,False,347.0833333333333
494e562d313031313331,INV-101131,ACC-9183,Stark Labs,,LATAM,Fintech,paid,2024-06-22,0,5.0,798.3855,False,628.65
494e562d313033383737,INV-103877,ACC-4729,Wonka LLC,billing@wonka.com,LATAM,Retail,paid,2022-12-01,0,3.0,-99225.0,False,918.75
494e562d313030393338,INV-100938,ACC-2701,Tyrell Inc,billing@tyrell.com,APAC,Retail,paid,2026-04-25,0,4.0,24500.0,False,2041.6666666666667
494e562d313034393737,INV-104977,ACC-7707,Oscorp Co,billing@oscorp.com,APAC,Education,paid,2025-10-21,1,3.0,57.153600000000004,False,52.92
494e562d313031303030,INV-101000,ACC-9082,Cyberdyne Partners,billing@cyberdyne.com,,Fintech,paid,2022-03-07,0,5.0,9900.0,False,825.0
494e562d313031363934,INV-101694,ACC-6958,Wayne Ltd,billing@wayne.com,,Education,paid,2025-05-23,0,4.0,245.0,False,245.0
494e562d313033313832,INV-103182,ACC-1144,Umbrella Partners,billing@umbrella.com,EMEA,Manufacturing,paid,2024-12-27,0,3.0,1470.0,False,122.5
494e562d313033383630,INV-103860,ACC-8584,Prestige Inc,billing@prestige.com,LATAM,Media,paid,2022-02-10,0,5.0,122500.0,False,10208.333333333334
494e562d313031323232,INV-101222,ACC-1341,Stark Partners,billing@stark.com,EMEA,Media,paid,2023-12-29,0,4.0,245.0,False,245.0
494e562d313031393438,INV-101948,ACC-6887,Prestige Partners,billing@prestige.com,LATAM,Gaming,paid,2025-12-28,0,5.0,158.76,False,158.76
494e562d313034323235,INV-104225,ACC-4939,Stark Holdings,billing@stark.com,LATAM,Healthcare,paid,2026-04-25,0,2.0,990.0,False,82.5
494e562d313031323139,INV-101219,ACC-3231,Acme Ltd,billing@acme.com,EMEA,Logistics,paid,2024-12-25,0,4.0,-752400.0,False,3300.0
494e562d313032363239,INV-102629,ACC-4955,Soylent Labs,billing@soylent.com,APAC,Healthcare,refunded,2023-03-20,1,5.0,-897.0,False,0.0
494e562d313031343434,INV-101444,ACC-6468,Hooli Co,billing@hooli.com,LATAM,Manufacturing,paid,2025-09-12,0,3.0,416.5,False,416.5
494e562d313031303331,INV-101031,ACC-5241,Gekko Labs,billing@gekko.com,EMEA,Healthcare,paid,2023-03-14,0,5.0,49000.0,False,4083.3333333333335
494e562d313032333836,INV-102386,ACC-6702,Wayne Holdings,billing@wayne.com,EMEA,Healthcare,paid,2025-05-21,0,5.0,6286.5,False,523.875
494e562d313034303839,INV-104089,ACC-3006,Stark Inc,billing@stark.com,APAC,Energy,paid,2025-08-30,1,4.0,24750.0,False,24750.0
494e562d313030383734,INV-100874,ACC-7959,Acme Corp,billing@acme.com,LATAM,Education,paid,2024-05-22,0,2.0,6458.4,False,6458.4
494e562d313031323432,INV-101242,ACC-5222,Dunder Partners,billing@dunder.com,LATAM,,refunded,2024-06-22,0,4.0,-1131570.0,False,0.0
494e562d313030353633,INV-100563,ACC-3042,Stark Group,billing@stark.com,EMEA,Retail,paid,2024-09-30,0,5.0,9900.0,False,9900.0
494e562d313030313532,INV-100152,ACC-3435,Prestige Co,billing@prestige.com,EMEA,Energy,paid,2025-05-21,0,,490.0,True,490.0
494e562d313030363336,INV-100636,ACC-3900,Prestige Group,billing@prestige.com,LATAM,Media,paid,2026-07-28,0,,13230.0,False,13230.0
494e562d313032373135,INV-102715,ACC-9455,Pied Piper Labs,billing@pied.com,,Retail,paid,2023-11-30,0,,4900.0,False,408.3333333333333
494e562d313031303231,INV-101021,ACC-1412,Soylent Labs,billing@soylent.com,,Healthcare,paid,2021-10-11,0,5.0,-87759.936,False,356.40000000000003
494e562d313032373933,INV-102793,ACC-1308,Soylent Corp,billing@soylent.com,,Healthcare,paid,2023-04-27,1,4.0,-687067.92,False,3786.75
494e562d313032343237,INV-102427,ACC-9357,Initech Ltd,billing@initech.com,EMEA,Travel,paid,2023-12-13,0,5.0,299000.0,False,24916.666666666668
494e562d313033333834,INV-103384,ACC-8025,Pied Piper LLC,billing@pied.com,EMEA,Gaming,paid,2024-01-01,0,5.0,9900.0,False,825.0
494e562d313030303231,INV-100021,ACC-2876,Tyrell Corp,billing@tyrell.com,,Travel,paid,2022-04-29,0,,1257.3,False,1257.3
494e562d313030303535,INV-100055,ACC-1269,Oscorp Ltd,billing@oscorp.com,,Education,paid,2023-11-30,0,5.0,990.0,False,990.0
494e562d313034363433,INV-104643,ACC-1264,Prestige Industries,billing@prestige.com,LATAM,Fintech,paid,2025-04-02,0,4.0,-88200.0,False,306.25
494e562d313034353435,INV-104545,ACC-7955,Cyberdyne Corp,billing@cyberdyne.com,APAC,Media,paid,2023-11-30,0,5.0,171.4608,False,158.76
494e562d313031363738,INV-101678,ACC-6753,Oscorp Industries,billing@oscorp.com,,Education,paid,2024-05-02,0,3.0,495.0,False,495.0
494e562d313034353039,INV-104509,ACC-6871,Vandelay Holdings,billing@vandelay.com,APAC,Retail,paid,2021-07-05,0,2.0,62.23,False,62.23
494e562d313033313632,INV-103162,ACC-6460,Globex Co,billing@globex.com,LATAM,Retail,paid,2024-01-25,0,3.0,529.0,False,44.083333333333336
494e562d313032333735,INV-102375,ACC-5146,Tyrell Ltd,billing@tyrell.com,APAC,Media,paid,2026-06-25,1,5.0,4950.0,False,412.5
494e562d313030373131,INV-100711,ACC-6983,Nakatomi Co,billing@nakatomi.com,EMEA,,paid,2023-06-20,0,1.0,-2615652.0,False,24219.0
494e562d313033303537,INV-103057,ACC-8576,Stark Industries,billing@stark.com,EMEA,Energy,paid,2023-08-10,1,4.0,26460.0,False,2205.0
494e562d313031383638,INV-101868,ACC-6140,Soylent Ltd,billing@soylent.com,APAC,Media,paid,2023-09-15,0,2.0,149500.0,False,12458.333333333334
494e562d313031353737,INV-101577,ACC-5553,Vandelay Ltd,billing@vandelay.com,,Logistics,paid,2024-02-24,0,5.0,3951.605,False,259.2916666666667
494e562d313030383637,INV-100867,ACC-8440,Wayne Partners,billing@wayne.com,APAC,,paid,2026-02-07,0,,7475.0,True,7475.0
494e562d313031343237,INV-101427,ACC-9343,Stark Partners,billing@stark.com,APAC,Energy,refunded,2022-06-23,0,4.0,-7475.0,False,0.0
494e562d313033313336,INV-103136,ACC-4830,Aperture Inc,billing@aperture.com,LATAM,Travel,paid,2024-06-06,0,4.0,990.0,False,990.0
494e562d313031333631,INV-101361,ACC-7923,Nakatomi Corp,billing@nakatomi.com,LATAM,Media,paid,2025-03-07,0,2.0,490.0,False,490.0
494e562d313030333531,INV-100351,ACC-2264,Prestige Partners,billing@prestige.com,APAC,Retail,paid,2022-11-06,1,2.0,322920.0,False,26910.0
494e562d313032363432,INV-102642,ACC-1240,Pied Piper Labs,billing@pied.com,LATAM,,paid,2026-07-28,0,2.0,299000.0,False,24916.666666666668
494e562d313032313230,INV-102120,ACC-9109,Massive Dynamic Ltd,billing@massive.com,LATAM,Retail,paid,2024-05-14,0,2.0,2475.0,False,2475.0
494e562d313032363032,INV-102602,ACC-6175,Massive Dynamic LLC,billing@massive.com,EMEA,Fintech,paid,2024-02-28,0,2.0,9900.0,False,825.0
494e562d313031363131,INV-101611,ACC-3613,Massive Dynamic Ltd,billing@massive.com,LATAM,Retail,paid,2023-04-14,1,4.0,13230.0,False,13230.0
494e562d313030383936,INV-100896,ACC-2821,Wayne Partners,billing@wayne.com,,Education,paid,2021-06-25,0,2.0,2970.0,False,247.5
494e562d313032313130,INV-102110,ACC-4837,Vandelay Ltd,billing@vandelay.com,,Healthcare,refunded,2023-06-17,0,3.0,-245.0,False,0.0
494e562d313033353131,INV-103511,ACC-4387,Cyberdyne Group,billing@cyberdyne.com,EMEA,Fintech,paid,2025-10-05,0,4.0,367.5,False,367.5
494e562d313030343936,INV-100496,ACC-8224,Massive Dynamic Industries,billing@massive.com,EMEA,Healthcare,paid,2023-04-08,1,5.0,11975.7825,False,9429.75
494e562d313034353638,INV-104568,ACC-6179,Acme Ltd,billing@acme.com,,Manufacturing,paid,2027-01-11,1,,529.0,False,44.083333333333336
494e562d313030333933,INV-100393,ACC-8844,Initech Ltd,,,Retail,paid,2024-11-22,0,3.0,299.0,False,299.0
494e562d313034393031,INV-104901,ACC-3941,Aperture Ltd,billing@aperture.com,EMEA,Fintech,paid,2025-05-09,0,3.0,2970.0,False,247.5
494e562d313030333534,INV-100354,ACC-4421,Aperture Group,billing@aperture.com,,Media,paid,2022-11-20,1,4.0,897.0,False,897.0
494e562d313031333438,INV-101348,ACC-6540,Globex Labs,billing@globex.com,APAC,Retail,paid,2022-10-17,1,3.0,-74480.0,False,326.6666666666667
494e562d313034393130,INV-104910,ACC-5743,Gekko Industries,billing@gekko.com,APAC,Logistics,paid,2024-07-09,0,4.0,220.5,False,220.5
494e562d313030303539,INV-100059,ACC-3513,Globex Partners,billing@globex.com,LATAM,Gaming,paid,2023-04-06,0,1.0,24750.0,False,2062.5
494e562d313032343636,INV-102466,ACC-4597,Acme Holdings,billing@acme.com,EMEA,Gaming,paid,2024-05-02,0,4.0,24500.0,False,2041.6666666666667
494e562d313032333237,INV-102327,ACC-6694,Initech Partners,billing@initech.com,,,paid,2023-04-14,0,2.0,5346.0,False,5346.0
494e562d313033343035,INV-103405,ACC-2668,Acme Inc,billing@acme.com,EMEA,Fintech,paid,2024-04-26,0,3.0,-145775.0,False,867.7083333333334
494e562d313031333135,INV-101315,ACC-3849,Pied Piper LLC,billing@pied.com,LATAM,Manufacturing,paid,2023-08-24,0,2.0,490.0,False,490.0
494e562d313034303837,INV-104087,ACC-3568,Hooli Co,billing@hooli.com,APAC,Education,paid,2024-07-04,0,5.0,26460.0,False,2205.0
494e562d313034383834,INV-104884,ACC-7359,Globex Labs,billing@globex.com,LATAM,Fintech,paid,2023-07-26,1,4.0,747500.0,False,62291.666666666664
494e562d313030343139,INV-100419,ACC-9591,Soylent Corp,billing@soylent.com,LATAM,Travel,paid,2022-08-12,0,5.0,990.0,False,82.5
494e562d313030313036,INV-100106,ACC-3734,Globex Co,billing@globex.com,,Gaming,paid,2024-08-31,0,3.0,171.4608,False,158.76
494e562d313033383837,INV-103887,ACC-5086,Umbrella Inc,billing@umbrella.com,,Gaming,paid,2024-03-15,1,4.0,247500.0,False,20625.0
494e562d313033353130,INV-103510,ACC-7390,Dunder Labs,,APAC,Fintech,paid,2026-10-06,0,4.0,1470.0,False,122.5
494e562d313030383630,INV-100860,ACC-9529,Soylent Industries,billing@soylent.com,APAC,Healthcare,paid,2026-06-01,0,5.0,4410.0,False,4410.0
494e562d313033313533,INV-103153,ACC-5090,Soylent Industries,billing@soylent.com,,Energy,paid,2025-04-24,0,,26730.0,False,2227.5
494e562d313034393634,INV-104964,ACC-2750,Tyrell Ltd,billing@tyrell.com,EMEA,Travel,paid,2025-10-30,0,4.0,49.0,False,49.0
494e562d313031323337,INV-101237,ACC-6229,Massive Dynamic Inc,billing@massive.com,EMEA,,paid,2024-12-04,0,3.0,147.0,False,147.0
494e562d313033323730,INV-103270,ACC-9159,Prestige Holdings,billing@prestige.com,,Healthcare,paid,2026-08-06,0,5.0,897.0,False,897.0
494e562d313030303537,INV-100057,ACC-6848,Vandelay Holdings,billing@vandelay.com,APAC,Healthcare,paid,2024-02-13,0,5.0,-653913.0,False,6054.75
494e562d313034323731,INV-104271,ACC-2954,Aperture Group,,EMEA,Media,paid,2027-04-07,0,5.0,4900.0,False,408.3333333333333
494e562d313034333131,INV-104311,ACC-6828,Wayne Group,billing@wayne.com,EMEA,Energy,paid,2023-03-19,0,,3229.2,False,3229.2
494e562d313034303636,INV-104066,ACC-8417,Initech Corp,billing@initech.com,EMEA,Gaming,paid,2024-10-30,0,5.0,-39690.0,False,367.5
494e562d313034363739,INV-104679,ACC-3144,Nakatomi Ltd,billing@nakatomi.com,LATAM,Gaming,paid,2022-07-16,0,3.0,3797.3,False,3797.3
494e562d313031373836,INV-101786,ACC-1069,Initech Labs,billing@initech.com,EMEA,Travel,paid,2023-09-09,0,,-117810.0,False,701.25
494e562d313033303038,INV-103008,ACC-3967,Prestige Corp,billing@prestige.com,,Manufacturing,paid,2024-08-13,0,,529.2,False,529.2
494e562d313032373439,INV-102749,ACC-3120,Initech Corp,billing@initech.com,EMEA,,paid,2025-11-29,0,4.0,1470.0,False,122.5
494e562d313030333435,INV-100345,ACC-3323,Dunder Labs,billing@dunder.com,EMEA,Healthcare,paid,2025-01-30,0,2.0,49.0,False,49.0
494e562d313034313637,INV-104167,ACC-7428,Initech Holdings,billing@initech.com,EMEA,Gaming,paid,2026-11-05,0,3.0,31115.0,False,2592.9166666666665
494e562d313033393037,INV-103907,ACC-2329,Gekko Group,billing@gekko.com,LATAM,,paid,2025-03-18,0,,122500.0,False,10208.333333333334
494e562d313031323931,INV-101291,ACC-4755,Stark Group,billing@stark.com,LATAM,Retail,paid,2024-10-07,1,4.0,2691.0,False,2691.0
494e562d313031323534,INV-101254,ACC-4069,Hooli Labs,billing@hooli.com,EMEA,Manufacturing,paid,2023-04-02,0,4.0,-280034.88,False,972.3433333333334
494e562d313030303935,INV-100095,ACC-3838,Pied Piper Ltd,billing@pied.com,LATAM,Education,paid,2022-05-31,1,4.0,841.5,False,841.5
494e562d313031363734,INV-101674,ACC-1032,Acme Ltd,billing@acme.com,,Fintech,paid,2023-03-29,0,4.0,24750.0,False,24750.0
494e562d313033343030,INV-103400,ACC-9028,Pied Piper Inc,billing@pied.com,EMEA,Healthcare,paid,2021-11-27,1,,367.5,False,367.5
494e562d313032333233,INV-102323,ACC-1105,Cyberdyne Labs,billing@cyberdyne.com,LATAM,Energy,refunded,2022-07-25,1,1.0,-24750.0,False,0.0
494e562d313032323030,INV-102200,ACC-7077,Gekko Holdings,billing@gekko.com,,Fintech,refunded,2022-02-03,0,,-198450.0,False,0.0
494e562d313032353933,INV-102593,ACC-3100,Prestige Partners,billing@prestige.com,LATAM,Fintech,paid,2023-09-11,0,3.0,9900.0,False,825.0
494e562d313034363034,INV-104604,ACC-7892,Cyberdyne Partners,billing@cyberdyne.com,,Energy,paid,2025-03-09,0,4.0,49.0,False,49.0
494e562d313032393538,INV-102958,ACC-1059,Stark Group,billing@stark.com,APAC,Fintech,refunded,2022-08-26,0,4.0,-26460.0,False,0.0
494e562d313033383231,INV-103821,ACC-4141,Dunder Inc,billing@dunder.com,EMEA,Retail,paid,2023-07-30,0,4.0,1225.0,False,1225.0
494e562d313032383232,INV-102822,ACC-6650,Prestige Industries,billing@prestige.com,,Fintech,paid,2026-02-12,0,,171.4608,False,158.76
494e562d313033383336,INV-103836,ACC-8591,Prestige Partners,billing@prestige.com,EMEA,Education,paid,2024-11-23,0,,-198450.0,False,1837.5
494e562d313034333039,INV-104309,ACC-9022,Oscorp LLC,billing@oscorp.com,APAC,Logistics,paid,2024-05-20,0,,49000.0,False,4083.3333333333335
494e562d313031393630,INV-101960,ACC-1468,Vandelay LLC,billing@vandelay.com,APAC,Retail,paid,2025-03-29,0,,24500.0,False,2041.6666666666667
494e562d313031343836,INV-101486,ACC-1472,Massive Dynamic Industries,billing@massive.com,LATAM,Education,paid,2024-02-18,0,3.0,99.0,False,99.0
494e562d313034343131,INV-104411,ACC-1706,Tyrell Inc,billing@tyrell.com,LATAM,Manufacturing,paid,2023-03-19,0,3.0,26910.0,False,26910.0
494e562d313030363031,INV-100601,ACC-5340,Gekko LLC,billing@gekko.com,APAC,Manufacturing,paid,2025-09-05,0,1.0,237.0963,False,186.69
494e562d313032393637,INV-102967,ACC-3455,Stark Corp,billing@stark.com,EMEA,Travel,paid,2024-06-06,0,5.0,2450.0,False,204.16666666666666
494e562d313034333534,INV-104354,ACC-7163,Oscorp Group,billing@oscorp.com,APAC,Media,paid,2022-05-23,1,5.0,99.0,False,99.0
494e562d313032393138,INV-102918,ACC-9699,Initech Ltd,billing@initech.com,LATAM,Healthcare,paid,2023-09-30,0,5.0,3207.6,False,267.3
494e562d313031353035,INV-101505,ACC-3935,Dunder Inc,billing@dunder.com,APAC,Manufacturing,paid,2025-05-10,0,3.0,10692.0,False,891.0
494e562d313030303431,INV-100041,ACC-1710,Dunder Group,billing@dunder.com,EMEA,Healthcare,paid,2025-04-25,1,5.0,-2945250.0,False,17531.25
494e562d313032373231,INV-102721,ACC-7753,Nakatomi Inc,billing@nakatomi.com,EMEA,Energy,refunded,2021-05-02,0,3.0,-1005.84,False,0.0
494e562d313030313135,INV-100115,ACC-4300,Cyberdyne Partners,billing@cyberdyne.com,LATAM,Travel,paid,2026-05-13,0,2.0,-121095.0,False,1121.25
494e562d313030313938,INV-100198,ACC-8577,Prestige Industries,billing@prestige.com,LATAM,Gaming,paid,2023-03-03,0,4.0,990.0,False,82.5
494e562d313034393133,INV-104913,ACC-5979,Massive Dynamic Holdings,billing@massive.com,EMEA,Logistics,paid,2022-12-01,0,4.0,220.5,False,220.5
494e562d313031363333,INV-101633,ACC-6971,Tyrell Co,billing@tyrell.com,APAC,Logistics,paid,2026-02-15,0,1.0,4900.0,False,408.3333333333333
494e562d313032373236,INV-102726,ACC-5095,Umbrella Inc,billing@umbrella.com,LATAM,,paid,2025-10-22,1,,53460.0,False,4455.0
494e562d313034353038,INV-104508,ACC-7289,Soylent Co,billing@soylent.com,APAC,Manufacturing,paid,2022-03-14,0,5.0,5292.0,False,441.0
494e562d313031323136,INV-101216,ACC-7299,Soylent Inc,billing@soylent.com,EMEA,Gaming,paid,2023-11-12,0,4.0,-53010.54720000001,False,215.28
494e562d313031343839,INV-101489,ACC-2218,Vandelay Co,billing@vandelay.com,EMEA,,paid,2024-08-13,1,4.0,2990.0,False,2990.0
494e562d313032393336,INV-102936,ACC-9156,Soylent Labs,billing@soylent.com,APAC,Fintech,paid,2024-07-22,0,5.0,5773.68,False,445.5
494e562d313030383439,INV-100849,ACC-4396,Gekko Inc,billing@gekko.com,LATAM,Media,paid,2023-02-01,0,2.0,9900.0,False,825.0
494e562d313034393236,INV-104926,ACC-6188,Dunder Holdings,billing@dunder.com,,Gaming,paid,2024-08-16,1,4.0,2450.0,False,2450.0
494e562d313033303039,INV-103009,ACC-2841,Cyberdyne Ltd,billing@cyberdyne.com,APAC,Media,paid,2025-06-24,1,4.0,529.2,False,529.2
494e562d313033363437,INV-103647,ACC-9953,Wonka Industries,billing@wonka.com,EMEA,Gaming,paid,2024-01-16,0,2.0,29900.0,False,2491.6666666666665
494e562d313031333337,INV-101337,ACC-1422,Prestige Corp,billing@prestige.com,,Travel,paid,2022-10-19,1,,12250.0,False,12250.0
494e562d313034383439,INV-104849,ACC-2904,Globex LLC,billing@globex.com,LATAM,Media,paid,2025-08-21,0,3.0,284.8,False,284.8
494e562d313030373633,INV-100763,ACC-4265,Initech Corp,billing@initech.com,APAC,Education,paid,2021-03-08,1,5.0,718.5405999999999,False,565.78
494e562d313034353131,INV-104511,ACC-3265,Wayne Labs,billing@wayne.com,EMEA,Gaming,paid,2024-02-08,0,5.0,-198450.0,False,1837.5
494e562d313033333437,INV-103347,ACC-6059,Umbrella Ltd,billing@umbrella.com,EMEA,Travel,paid,2024-11-16,1,4.0,1154.736,False,1069.2
494e562d313030363531,INV-100651,ACC-2755,Gekko Ltd,billing@gekko.com,LATAM,Travel,paid,2024-11-19,0,4.0,1225.0,False,1225.0
494e562d313033353935,INV-103595,ACC-6649,Globex Inc,,LATAM,Education,refunded,2024-07-15,0,5.0,-322920.0,False,0.0
494e562d313034383635,INV-104865,ACC-3842,Umbrella LLC,billing@umbrella.com,EMEA,,paid,2023-07-12,0,3.0,7475.0,False,7475.0
494e562d313032323139,INV-102219,ACC-4702,Cyberdyne Ltd,billing@cyberdyne.com,EMEA,Retail,paid,2023-11-26,0,4.0,6353.75,False,6353.75
494e562d313033313634,INV-103164,ACC-5658,Oscorp Industries,billing@oscorp.com,APAC,,paid,2022-11-24,0,5.0,-145775.0,False,867.7083333333334
494e562d313034393239,INV-104929,ACC-4884,Umbrella Corp,billing@umbrella.com,LATAM,Energy,paid,2025-08-28,0,4.0,34875.36,False,2691.0
494e562d313033353838,INV-103588,ACC-6757,Umbrella Corp,billing@umbrella.com,APAC,Retail,paid,2023-12-02,0,4.0,897.0,False,897.0
494e562d313034333038,INV-104308,ACC-6044,Wayne Ltd,billing@wayne.com,,Travel,paid,2026-01-15,0,,529.2,False,529.2
494e562d313030323239,INV-100229,ACC-6616,Cyberdyne Labs,billing@cyberdyne.com,APAC,Media,paid,2023-02-04,0,4.0,99000.0,False,8250.0
494e562d313033333534,INV-103354,ACC-1777,Hooli Industries,billing@hooli.com,LATAM,Fintech,paid,2026-01-29,0,4.0,29900.0,False,2491.6666666666665
494e562d313033353933,INV-103593,ACC-6671,Hooli LLC,billing@hooli.com,,Media,paid,2025-11-04,0,4.0,529.2,False,44.1
494e562d313030373432,INV-100742,ACC-1277,Wonka Partners,billing@wonka.com,APAC,Travel,paid,2025-03-01,0,4.0,2673.0,False,2673.0
494e562d313033323738,INV-103278,ACC-4938,Nakatomi Holdings,billing@nakatomi.com,EMEA,Logistics,paid,2023-02-01,0,2.0,4950.0,False,4950.0
494e562d313033363639,INV-103669,ACC-8431,Soylent Co,billing@soylent.com,LATAM,Education,paid,2022-11-18,0,5.0,5346.0,False,5346.0
494e562d313033363633,INV-103663,ACC-8812,Prestige Inc,billing@prestige.com,LATAM,Manufacturing,refunded,2026-07-29,0,4.0,-149500.0,False,0.0
494e562d313034313232,INV-104122,ACC-9750,Stark Ltd,billing@stark.com,,Retail,paid,2022-10-04,0,4.0,149500.0,False,12458.333333333334
494e562d313031383739,INV-101879,ACC-7910,Aperture Industries,billing@aperture.com,,Retail,refunded,2024-05-05,0,5.0,-990.0,False,0.0
494e562d313031303736,INV-101076,ACC-9618,Prestige Industries,billing@prestige.com,,Energy,paid,2024-06-06,1,3.0,490.0,False,490.0
494e562d313034373131,INV-104711,ACC-6921,Dunder Holdings,billing@dunder.com,LATAM,Gaming,paid,2023-12-04,0,2.0,565.78,False,565.78
494e562d313033323430,INV-103240,ACC-9290,Massive Dynamic Industries,billing@massive.com,LATAM,Logistics,paid,2026-01-22,0,3.0,1555.75,False,1555.75
494e562d313032313531,INV-102151,ACC-8853,Globex Holdings,billing@globex.com,APAC,Gaming,paid,2026-05-17,0,,122500.0,False,10208.333333333334
494e562d313030393130,INV-100910,ACC-8982,Pied Piper Partners,billing@pied.com,APAC,,paid,2023-07-10,0,4.0,49.0,False,49.0
494e562d313033313536,INV-103156,ACC-4792,Vandelay Ltd,billing@vandelay.com,LATAM,Education,paid,2023-09-30,0,4.0,-1779050.0,False,10589.583333333334
494e562d313032363234,INV-102624,ACC-8908,Pied Piper Corp,billing@pied.com,APAC,Manufacturing,paid,2023-12-09,0,4.0,299.0,False,299.0
494e562d313030373336,INV-100736,ACC-4650,Tyrell Partners,billing@tyrell.com,,Retail,paid,2022-07-29,0,4.0,420.75,False,420.75
494e562d313031323038,INV-101208,ACC-4220,Soylent Co,,,Retail,paid,2025-01-08,0,2.0,-2421900.0,False,22425.0
494e562d313033383331,INV-103831,ACC-5379,Massive Dynamic Partners,billing@massive.com,APAC,Logistics,paid,2026-02-26,1,5.0,490.0,True,490.0
494e562d313031363831,INV-101681,ACC-5673,Massive Dynamic Co,billing@massive.com,,Gaming,paid,2025-03-23,0,,74750.0,False,6229.166666666667
494e562d313034353537,INV-104557,ACC-6396,Globex Industries,billing@globex.com,,Media,paid,2024-05-28,0,4.0,267.3,False,267.3
494e562d313031373134,INV-101714,ACC-5925,Cyberdyne Corp,billing@cyberdyne.com,EMEA,Healthcare,paid,2024-07-27,0,1.0,871884.0,False,67275.0
494e562d313032313935,INV-102195,ACC-2199,Wayne Labs,billing@wayne.com,APAC,Healthcare,paid,2025-08-14,0,5.0,-26062.0416,False,105.83999999999999
494e562d313033373130,INV-103710,ACC-8436,Vandelay Group,billing@vandelay.com,LATAM,Media,paid,2025-07-06,0,5.0,106.92,False,106.92
494e562d313034303530,INV-104050,ACC-3451,Initech Ltd,billing@initech.com,APAC,Media,paid,2024-05-08,0,4.0,3960.0,False,3960.0
494e562d313033333631,INV-103361,ACC-7330,Soylent Corp,billing@soylent.com,,Retail,paid,2024-03-04,0,4.0,449.82,False,449.82
494e562d313034343133,INV-104413,ACC-2164,Globex Partners,billing@globex.com,APAC,Gaming,refunded,2025-07-01,0,3.0,-122500.0,False,0.0
494e562d313032333932,INV-102392,ACC-9883,Wonka Industries,billing@wonka.com,APAC,Travel,paid,2024-11-21,1,1.0,891.0,False,891.0
494e562d313033323135,INV-103215,ACC-3412,Tyrell Industries,billing@tyrell.com,APAC,Energy,paid,2022-08-28,1,1.0,245.0,False,245.0
494e562d313034333437,INV-104347,ACC-9544,Hooli Partners,billing@hooli.com,,,paid,2023-04-25,0,5.0,807300.0,False,67275.0
494e562d313031363030,INV-101600,ACC-2243,Wonka LLC,billing@wonka.com,APAC,Fintech,paid,2025-08-18,0,5.0,990.0,False,82.5
494e562d313032333533,INV-102353,ACC-3787,Soylent Corp,billing@soylent.com,EMEA,Gaming,paid,2023-11-28,0,2.0,2450.0,False,204.16666666666666
494e562d313033343032,INV-103402,ACC-8422,Dunder LLC,billing@dunder.com,LATAM,Retail,paid,2023-03-17,1,5.0,2450.0,False,2450.0
494e562d313030323935,INV-100295,ACC-2388,Tyrell Holdings,billing@tyrell.com,APAC,,paid,2024-08-26,0,4.0,4900.0,False,408.3333333333333
494e562d313034313834,INV-104184,ACC-6765,Hooli Labs,billing@hooli.com,APAC,Logistics,paid,2026-03-19,0,,-35581.0,False,211.79166666666666
494e562d313033323830,INV-103280,ACC-9948,Cyberdyne Co,billing@cyberdyne.com,LATAM,Education,paid,2025-03-19,0,2.0,529.2,False,44.1
494e562d313034353530,INV-104550,ACC-8032,Wayne Inc,billing@wayne.com,,Logistics,paid,2022-11-05,0,,891.0,False,891.0
494e562d313034353734,INV-104574,ACC-5858,Tyrell Partners,billing@tyrell.com,APAC,Retail,paid,2022-10-17,1,4.0,990.0,False,82.5
494e562d313030393631,INV-100961,ACC-9199,Umbrella Ltd,billing@umbrella.com,APAC,Energy,paid,2025-09-23,0,5.0,2205.0,True,2205.0
494e562d313033303239,INV-103029,ACC-5704,Umbrella Labs,billing@umbrella.com,,Retail,paid,2025-01-14,0,4.0,62230.0,False,5185.833333333333
494e562d313033333531,INV-103351,ACC-9181,Hooli Labs,billing@hooli.com,LATAM,Travel,paid,2025-10-03,0,1.0,495.0,False,495.0
494e562d313034343930,INV-104490,ACC-2034,Acme Holdings,billing@acme.com,,Logistics,paid,2026-04-27,0,3.0,441.0,False,441.0
494e562d313031363330,INV-101630,ACC-9777,Nakatomi LLC,billing@nakatomi.com,APAC,Retail,refunded,2026-12-16,0,1.0,-29900.0,False,0.0
494e562d313033313738,INV-103178,ACC-5548,Hooli Holdings,billing@hooli.com,EMEA,Gaming,paid,2024-10-15,0,,1495.0,False,1495.0
494e562d313033323739,INV-103279,ACC-3468,Tyrell Holdings,,,Media,paid,2026-03-17,0,,74.25,False,74.25
494e562d313030303236,INV-100026,ACC-5066,Wayne LLC,billing@wayne.com,EMEA,Manufacturing,paid,2024-04-22,0,5.0,-112014.0,False,388.9375
494e562d313034373137,INV-104717,ACC-5245,Cyberdyne Industries,billing@cyberdyne.com,APAC,Healthcare,paid,2024-11-11,0,4.0,19800.0,False,19800.0
494e562d313030363339,INV-100639,ACC-2546,Prestige Ltd,billing@prestige.com,EMEA,Media,paid,2022-10-26,0,4.0,79.0321,False,62.23
494e562d313031393335,INV-101935,ACC-2891,Oscorp Partners,billing@oscorp.com,EMEA,Travel,paid,2023-06-02,0,4.0,1470.0,False,122.5
494e562d313031363634,INV-101664,ACC-6093,Wonka Industries,billing@wonka.com,LATAM,Energy,paid,2026-01-31,0,,1225.0,False,1225.0
494e562d313032323939,INV-102299,ACC-4261,Prestige Corp,billing@prestige.com,LATAM,Healthcare,paid,2026-02-28,0,4.0,2450.0,False,2450.0
494e562d313032323831,INV-102281,ACC-9041,Prestige Partners,billing@prestige.com,LATAM,Manufacturing,paid,2024-04-25,1,5.0,-74480.0,False,326.6666666666667
494e562d313030353335,INV-100535,ACC-8244,Oscorp Labs,billing@oscorp.com,LATAM,Retail,paid,2024-01-15,0,4.0,495.0,False,495.0
494e562d313032303536,INV-102056,ACC-7616,Gekko Inc,billing@gekko.com,APAC,Travel,paid,2022-12-21,1,,74750.0,False,74750.0
494e562d313031363836,INV-101686,ACC-5715,Dunder Holdings,billing@dunder.com,,Gaming,paid,2023-06-14,1,5.0,1470.0,False,122.5
494e562d313032373130,INV-102710,ACC-6900,Nakatomi Ltd,billing@nakatomi.com,LATAM,Healthcare,paid,2023-12-21,0,5.0,529.0,False,529.0
494e562d313032313737,INV-102177,ACC-6888,Initech Co,billing@initech.com,EMEA,Gaming,paid,2023-10-02,0,,4950.0,False,4950.0
494e562d313032383632,INV-102862,ACC-8939,Umbrella Inc,billing@umbrella.com,,,paid,2022-12-19,0,4.0,2450.0,False,204.16666666666666
494e562d313033383437,INV-103847,ACC-2358,Gekko Industries,billing@gekko.com,EMEA,Education,paid,2023-03-02,0,5.0,-99225.0,False,918.75
494e562d313034363439,INV-104649,ACC-6620,Wayne Industries,billing@wayne.com,LATAM,Retail,paid,2023-10-18,0,,622.0,False,622.0
494e562d313030313133,INV-100113,ACC-9907,Dunder Group,,APAC,Retail,paid,2022-01-30,0,,24750.0,False,2062.5
494e562d313032353736,INV-102576,ACC-4973,Aperture Labs,billing@aperture.com,LATAM,Media,paid,2023-09-11,0,4.0,15557.5,False,1296.4583333333333
494e562d313030353032,INV-100502,ACC-9092,Globex LLC,billing@globex.com,,Travel,refunded,2025-01-11,0,4.0,-490.0,False,0.0
494e562d313034343037,INV-104407,ACC-8497,Dunder Labs,billing@dunder.com,LATAM,Media,paid,2022-09-03,0,4.0,-31487.399999999998,False,187.42499999999998
494e562d313031383335,INV-101835,ACC-5169,Hooli Holdings,billing@hooli.com,,Retail,paid,2026-09-30,0,5.0,571.5360000000001,False,44.1
494e562d313033303230,INV-103020,ACC-1173,Vandelay Corp,billing@vandelay.com,,Education,paid,2026-01-11,0,5.0,16146.0,False,16146.0
494e562d313033353335,INV-103535,ACC-6480,Acme Inc,billing@acme.com,,Manufacturing,paid,2025-04-05,0,3.0,29900.0,False,2491.6666666666665
494e562d313033353832,INV-103582,ACC-3659,Tyrell Group,billing@tyrell.com,APAC,Retail,refunded,2024-02-17,0,4.0,-11907.0,False,0.0
494e562d313030323637,INV-100267,ACC-7834,Initech Holdings,billing@initech.com,APAC,Travel,paid,2024-08-06,0,5.0,-2421900.0,False,22425.0
494e562d313032393032,INV-102902,ACC-8562,Acme Partners,,EMEA,Retail,paid,2024-10-15,0,4.0,149500.0,False,12458.333333333334
494e562d313030363730,INV-100670,ACC-1159,Initech Inc,billing@initech.com,APAC,,refunded,2023-04-23,0,3.0,-29900.0,False,0.0
494e562d313030383736,INV-100876,ACC-4461,Oscorp Corp,billing@oscorp.com,LATAM,Fintech,refunded,2024-03-21,0,1.0,-24131.519999999997,False,0.0
494e562d313031373339,INV-101739,ACC-1766,Dunder Labs,billing@dunder.com,,Logistics,paid,2023-11-26,1,5.0,6286.5,False,6286.5
494e562d313034373839,INV-104789,ACC-7195,Pied Piper Labs,billing@pied.com,LATAM,Gaming,paid,2022-09-12,0,4.0,990.0,False,990.0
494e562d313033393939,INV-103999,ACC-4748,Hooli LLC,billing@hooli.com,EMEA,Retail,paid,2025-06-02,0,3.0,49000.0,False,4083.3333333333335
494e562d313030323937,INV-100297,ACC-9399,Acme Co,billing@acme.com,EMEA,Education,paid,2026-03-22,0,5.0,17437.68,False,16146.0
494e562d313031383032,INV-101802,ACC-2442,Soylent Industries,billing@soylent.com,APAC,Logistics,paid,2022-05-18,0,5.0,89.1,False,89.1
494e562d313033343136,INV-103416,ACC-2257,Gekko Ltd,billing@gekko.com,EMEA,,paid,2022-10-30,0,4.0,-12859.56,False,119.07
494e562d313032333037,INV-102307,ACC-4747,Hooli Industries,billing@hooli.com,EMEA,Retail,paid,2024-03-22,1,3.0,346.4208,False,320.76
494e562d313032373134,INV-102714,ACC-1659,Initech Partners,billing@initech.com,,Energy,paid,2024-12-07,0,5.0,49500.0,False,4125.0
494e562d313033323232,INV-103222,ACC-7352,Tyrell Partners,billing@tyrell.com,APAC,Logistics,paid,2025-12-04,0,5.0,-376200.0,False,1650.0
494e562d313033323231,INV-103221,ACC-2063,Prestige Industries,billing@prestige.com,,Manufacturing,paid,2025-10-20,0,,2475.0,False,2475.0
494e562d313032373338,INV-102738,ACC-5772,Wayne Ltd,billing@wayne.com,EMEA,Fintech,paid,2023-01-07,1,3.0,-11907.0,False,110.25
494e562d313033383137,INV-103817,ACC-3938,Pied Piper Industries,billing@pied.com,,Travel,paid,2022-04-15,0,,-530105.4720000001,False,2152.7999999999997
494e562d313030393536,INV-100956,ACC-2326,Wayne Industries,billing@wayne.com,,Manufacturing,paid,2025-09-06,0,5.0,490.0,False,40.833333333333336
494e562d313034313633,INV-104163,ACC-2838,Stark Inc,billing@stark.com,EMEA,Logistics,paid,2022-07-04,1,1.0,264.6,False,264.6
494e562d313034393437,INV-104947,ACC-2064,Hooli Inc,,LATAM,Gaming,paid,2026-11-11,0,5.0,4900.0,False,408.3333333333333
494e562d313030353533,INV-100553,ACC-5661,Gekko Inc,billing@gekko.com,EMEA,Travel,refunded,2024-09-12,0,4.0,-28376.88,False,0.0
494e562d313032313832,INV-102182,ACC-5698,Vandelay LLC,,,Education,paid,2025-08-01,0,,3960.0,False,3960.0
494e562d313030343137,INV-100417,ACC-5393,Nakatomi Inc,billing@nakatomi.com,,Education,paid,2025-06-10,0,,-1018413.0,False,9429.75
494e562d313031353638,INV-101568,ACC-1824,Oscorp Co,billing@oscorp.com,APAC,Education,paid,2022-07-06,0,5.0,2990.0,False,2990.0
494e562d313034313839,INV-104189,ACC-8427,Aperture Labs,billing@aperture.com,LATAM,Manufacturing,paid,2024-11-29,0,,367.5,False,367.5
494e562d313033393832,INV-103982,ACC-3737,Stark Labs,billing@stark.com,,Media,paid,2025-02-24,0,3.0,990.0,False,82.5
494e562d313031353435,INV-101545,ACC-6253,Acme Inc,billing@acme.com,EMEA,Gaming,paid,2022-07-09,0,5.0,8970.0,False,747.5
494e562d313034363431,INV-104641,ACC-8543,Globex LLC,billing@globex.com,EMEA,Healthcare,paid,2025-06-17,0,3.0,84.15,False,84.15
494e562d313033323934,INV-103294,ACC-2321,Acme LLC,billing@acme.com,EMEA,Manufacturing,paid,2024-09-06,1,3.0,311.15,False,311.15
494e562d313033393831,INV-103981,ACC-3723,Vandelay Holdings,billing@vandelay.com,APAC,Energy,paid,2024-04-05,0,3.0,3229.2,False,3229.2
494e562d313032373139,INV-102719,ACC-5227,Prestige Partners,billing@prestige.com,LATAM,Logistics,paid,2024-03-29,1,4.0,1980.0,False,1980.0
494e562d313034383132,INV-104812,ACC-8966,Tyrell Ltd,billing@tyrell.com,EMEA,Education,paid,2026-12-26,0,5.0,2082.5,False,2082.5
494e562d313031333934,INV-101394,ACC-8779,Soylent Labs,billing@soylent.com,EMEA,Healthcare,paid,2024-04-05,1,5.0,592.7471,False,466.73
494e562d313032313233,INV-102123,ACC-1626,Umbrella Partners,billing@umbrella.com,,Retail,paid,2023-12-01,0,4.0,529.2,False,529.2
494e562d313031373238,INV-101728,ACC-5839,Hooli Group,billing@hooli.com,LATAM,Retail,refunded,2024-10-08,0,1.0,-1587.6,False,0.0
494e562d313034333130,INV-104310,ACC-4303,Nakatomi Co,,APAC,Healthcare,paid,2022-10-29,0,4.0,2205.0,False,2205.0
494e562d313032383531,INV-102851,ACC-5757,Oscorp Industries,billing@oscorp.com,,Logistics,refunded,2025-09-11,0,5.0,-519.6312,False,0.0
494e562d313034343338,INV-104438,ACC-7760,Vandelay Inc,billing@vandelay.com,LATAM,Media,paid,2024-04-13,0,5.0,1225.0,False,1225.0
494e562d313030303632,INV-100062,ACC-9501,Wonka Industries,billing@wonka.com,APAC,,paid,2025-01-24,0,5.0,2990.0,False,2990.0
494e562d313032363434,INV-102644,ACC-7473,Umbrella LLC,,APAC,Fintech,paid,2022-12-05,0,3.0,49000.0,False,4083.3333333333335
494e562d313034353334,INV-104534,ACC-3478,Massive Dynamic Labs,billing@massive.com,LATAM,,paid,2022-12-07,1,5.0,990.0,False,82.5
494e562d313030383533,INV-100853,ACC-5983,Massive Dynamic Ltd,billing@massive.com,EMEA,Manufacturing,paid,2023-09-26,0,,1495.0,False,1495.0
494e562d313033343339,INV-103439,ACC-3112,Dunder Ltd,billing@dunder.com,,Logistics,paid,2023-11-03,0,5.0,13230.0,False,13230.0
494e562d313032313838,INV-102188,ACC-2684,Vandelay Inc,,APAC,Retail,paid,2023-07-27,0,5.0,299.0,False,299.0
494e562d313031383133,INV-101813,ACC-9154,Nakatomi Holdings,billing@nakatomi.com,LATAM,Media,paid,2025-09-08,0,4.0,12250.0,False,1020.8333333333334
494e562d313032383834,INV-102884,ACC-6868,Oscorp LLC,billing@oscorp.com,EMEA,Manufacturing,paid,2024-05-05,1,,122500.0,False,10208.333333333334
494e562d313030353139,INV-100519,ACC-2339,Vandelay Labs,billing@vandelay.com,APAC,Gaming,paid,2023-12-31,0,4.0,74750.0,False,74750.0
494e562d313034393131,INV-104911,ACC-7647,Globex Co,billing@globex.com,LATAM,Logistics,paid,2025-02-11,0,4.0,2450.0,False,204.16666666666666
494e562d313031303832,INV-101082,ACC-2666,Aperture Co,billing@aperture.com,APAC,Media,paid,2024-07-20,0,3.0,-58310.0,False,347.0833333333333
494e562d313034373331,INV-104731,ACC-1597,Nakatomi Corp,billing@nakatomi.com,APAC,Retail,paid,2025-03-12,0,2.0,5346.0,False,445.5
494e562d313033313331,INV-103131,ACC-9397,Initech Inc,billing@initech.com,APAC,Gaming,paid,2024-09-07,0,4.0,990.0,False,82.5
494e562d313033313134,INV-103114,ACC-1749,Umbrella Group,billing@umbrella.com,,Energy,paid,2024-09-18,0,,990.0,False,82.5
494e562d313032343838,INV-102488,ACC-9788,Vandelay Corp,billing@vandelay.com,,Gaming,paid,2026-09-28,1,1.0,-145775.0,False,867.7083333333334
494e562d313033313736,INV-103176,ACC-9274,Initech Co,billing@initech.com,EMEA,Travel,paid,2021-06-08,0,4.0,5292.0,False,5292.0
494e562d313034333338,INV-104338,ACC-7082,Gekko Group,,LATAM,Healthcare,paid,2023-05-26,1,4.0,44.0,False,44.0
494e562d313030313137,INV-100117,ACC-8317,Initech Industries,billing@initech.com,LATAM,Logistics,paid,2025-07-06,0,3.0,490.0,False,490.0
494e562d313034393135,INV-104915,ACC-2021,Tyrell Inc,billing@tyrell.com,,Fintech,paid,2024-12-01,0,5.0,-24219.0,False,224.25
494e562d313033393336,INV-103936,ACC-5987,Vandelay Labs,billing@vandelay.com,,Fintech,paid,2023-01-27,1,3.0,245.0,False,245.0
494e562d313031303135,INV-101015,ACC-9790,Initech Holdings,billing@initech.com,APAC,Logistics,paid,2023-09-05,0,5.0,19758.025,False,1296.4583333333333
494e562d313034373439,INV-104749,ACC-3274,Cyberdyne Ltd,billing@cyberdyne.com,LATAM,Travel,paid,2026-01-26,1,2.0,110.25,False,110.25
494e562d313031343939,INV-101499,ACC-3358,Pied Piper Group,billing@pied.com,EMEA,Energy,paid,2024-10-04,1,5.0,5292.0,False,5292.0
494e562d313034323931,INV-104291,ACC-3171,Aperture Group,billing@aperture.com,,Healthcare,paid,2023-10-09,0,4.0,990.0,False,82.5
494e562d313034343532,INV-104452,ACC-9898,Vandelay Labs,billing@vandelay.com,,Fintech,refunded,2023-03-25,0,5.0,-29900.0,False,0.0
494e562d313033383535,INV-103855,ACC-1928,Umbrella Inc,billing@umbrella.com,,Fintech,paid,2026-08-27,0,4.0,29900.0,False,29900.0
494e562d313032313239,INV-102129,ACC-5481,Nakatomi Co,billing@nakatomi.com,APAC,Education,paid,2024-03-17,1,5.0,299000.0,False,24916.666666666668
494e562d313032313237,INV-102127,ACC-8858,Oscorp LLC,billing@oscorp.com,APAC,Fintech,paid,2023-07-30,0,5.0,297.0,False,297.0
494e562d313030313630,INV-100160,ACC-1941,Dunder Holdings,billing@dunder.com,,Logistics,paid,2023-05-21,0,5.0,299000.0,False,24916.666666666668
494e562d313030313637,INV-100167,ACC-5222,Tyrell Industries,billing@tyrell.com,,Education,paid,2023-08-04,0,5.0,1470.0,False,122.5
494e562d313034303533,INV-104053,ACC-6470,Umbrella Inc,billing@umbrella.com,APAC,Manufacturing,paid,2023-11-29,0,1.0,24750.0,False,24750.0
494e562d313033323437,INV-103247,ACC-9773,Stark Co,billing@stark.com,,,refunded,2024-08-14,0,5.0,-1069.2,False,0.0
494e562d313032323739,INV-102279,ACC-2721,Umbrella Ltd,billing@umbrella.com,LATAM,Gaming,paid,2024-12-14,0,3.0,-7448.0,False,32.666666666666664
494e562d313031383338,INV-101838,ACC-5415,Initech Ltd,billing@initech.com,LATAM,Fintech,paid,2026-07-30,1,3.0,74750.0,False,74750.0
494e562d313031313831,INV-101181,ACC-1218,Umbrella Ltd,billing@umbrella.com,APAC,Retail,paid,2026-06-14,0,4.0,2450.0,False,2450.0
494e562d313034353737,INV-104577,ACC-2990,Massive Dynamic Inc,billing@massive.com,APAC,Education,paid,2022-02-17,0,2.0,4900.0,False,408.3333333333333
494e562d313030373436,INV-100746,ACC-7464,Vandelay Corp,billing@vandelay.com,APAC,Logistics,paid,2024-05-03,0,5.0,128.5956,False,119.07
494e562d313030323234,INV-100224,ACC-5573,Pied Piper Co,,LATAM,,paid,2026-09-25,1,1.0,392.0,False,392.0
494e562d313032393634,INV-102964,ACC-1922,Dunder Corp,billing@dunder.com,LATAM,Healthcare,paid,2023-12-05,0,3.0,1102.5,False,1102.5
494e562d313030393530,INV-100950,ACC-1512,Wonka Co,billing@wonka.com,LATAM,Logistics,paid,2024-03-07,0,3.0,14950.0,False,1245.8333333333333
494e562d313033373634,INV-103764,ACC-9715,Hooli Group,billing@hooli.com,EMEA,Education,paid,2024-02-03,0,4.0,5346.0,False,5346.0
494e562d313030323138,INV-100218,ACC-3822,Soylent Inc,billing@soylent.com,LATAM,Logistics,paid,2026-07-30,0,2.0,3464.208,False,267.3
494e562d313033313635,INV-103165,ACC-8049,Stark Industries,billing@stark.com,APAC,Fintech,paid,2024-02-09,0,1.0,12250.0,False,12250.0
494e562d313031333239,INV-101329,ACC-9090,Vandelay Co,billing@vandelay.com,,Retail,refunded,2021-05-15,0,2.0,-21384.0,False,0.0
494e562d313033373830,INV-103780,ACC-3765,Aperture Partners,billing@aperture.com,,Gaming,paid,2023-09-29,0,5.0,24500.0,False,2041.6666666666667
494e562d313033383133,INV-103813,ACC-9934,Pied Piper Holdings,billing@pied.com,APAC,Education,paid,2021-06-10,0,1.0,9800.0,False,9800.0
494e562d313032353332,INV-102532,ACC-2861,Wonka Corp,billing@wonka.com,LATAM,Retail,paid,2024-05-28,0,4.0,74750.0,False,74750.0
494e562d313030393335,INV-100935,ACC-2464,Vandelay Inc,billing@vandelay.com,EMEA,Logistics,paid,2025-02-17,0,1.0,269.1,False,269.1
494e562d313032313039,INV-102109,ACC-9592,Wonka Industries,billing@wonka.com,LATAM,Education,paid,2024-12-16,1,4.0,29900.0,False,2491.6666666666665
494e562d313030363436,INV-100646,ACC-8883,Dunder Labs,billing@dunder.com,APAC,Fintech,paid,2023-09-08,0,5.0,495.0,False,495.0
494e562d313032343737,INV-102477,ACC-5366,Soylent Corp,billing@soylent.com,EMEA,Retail,paid,2024-05-21,1,1.0,49000.0,False,4083.3333333333335
494e562d313032383137,INV-102817,ACC-9752,Acme Co,billing@acme.com,EMEA,Manufacturing,paid,2022-08-05,0,3.0,-744800.0,False,3266.6666666666665
494e562d313033313637,INV-103167,ACC-4961,Soylent Holdings,billing@soylent.com,LATAM,Fintech,paid,2026-09-17,1,5.0,1225.0,False,1225.0
494e562d313030303737,INV-100077,ACC-1056,Soylent Group,,LATAM,Travel,paid,2024-09-07,0,,115473.6,False,8910.0
494e562d313032353036,INV-102506,ACC-9543,Tyrell Corp,billing@tyrell.com,,Gaming,refunded,2025-01-06,0,4.0,-93533.616,False,0.0
494e562d313032343835,INV-102485,ACC-8911,Umbrella Co,,EMEA,Media,paid,2026-04-26,0,5.0,897.0,False,897.0
494e562d313032363937,INV-102697,ACC-9225,Tyrell Industries,billing@tyrell.com,,Manufacturing,paid,2023-07-25,0,4.0,-145775.0,False,867.7083333333334
494e562d313032393535,INV-102955,ACC-1812,Dunder LLC,billing@dunder.com,EMEA,Fintech,paid,2021-11-22,0,5.0,3207.6,False,267.3
494e562d313032373433,INV-102743,ACC-4568,Prestige Holdings,billing@prestige.com,,Retail,paid,2022-01-02,0,4.0,-12723.480000000001,False,75.735
494e562d313033343435,INV-103445,ACC-9078,Prestige Holdings,billing@prestige.com,APAC,Education,paid,2024-10-28,1,2.0,99000.0,True,8250.0
494e562d313032343635,INV-102465,ACC-1712,Stark Industries,billing@stark.com,LATAM,Travel,paid,2024-11-12,0,4.0,990.0,False,82.5
494e562d313034363133,INV-104613,ACC-1037,Prestige Co,billing@prestige.com,EMEA,Logistics,refunded,2021-11-03,0,4.0,-416.0,False,0.0
494e562d313034303532,INV-104052,ACC-8719,Gekko Co,billing@gekko.com,LATAM,Fintech,refunded,2026-04-24,0,4.0,-6801.2784,False,0.0
494e562d313033353837,INV-103587,ACC-2716,Vandelay Inc,billing@vandelay.com,EMEA,Healthcare,paid,2023-08-03,0,1.0,12250.0,False,1020.8333333333334
494e562d313030343435,INV-100445,ACC-9053,Initech Co,billing@initech.com,APAC,Travel,paid,2024-06-07,0,3.0,24750.0,False,2062.5
494e562d313034393136,INV-104916,ACC-1837,Initech Inc,billing@initech.com,EMEA,Logistics,paid,2025-07-22,0,4.0,238.14,False,238.14
494e562d313034343939,INV-104499,ACC-7812,Dunder Partners,billing@dunder.com,LATAM,Fintech,paid,2023-08-15,0,1.0,19758.025,False,15557.5
494e562d313034373433,INV-104743,ACC-2987,Aperture Holdings,billing@aperture.com,,Education,paid,2024-01-07,0,5.0,2392.0,False,2392.0
494e562d313031383033,INV-101803,ACC-6133,Pied Piper Holdings,billing@pied.com,LATAM,,paid,2024-07-22,0,5.0,-62972.0,False,374.8333333333333
494e562d313034303031,INV-104001,ACC-6137,Prestige Inc,billing@prestige.com,,Healthcare,paid,2025-02-13,0,5.0,367.5,False,367.5
494e562d313034393139,INV-104919,ACC-3970,Massive Dynamic Inc,billing@massive.com,,Manufacturing,refunded,2023-05-20,0,3.0,-5292.0,False,0.0
494e562d313033323337,INV-103237,ACC-1593,Initech Inc,billing@initech.com,APAC,Gaming,paid,2025-10-24,0,5.0,-1862000.0,False,8166.666666666667
494e562d313030333231,INV-100321,ACC-7171,Pied Piper Holdings,billing@pied.com,APAC,Education,paid,2024-01-14,0,3.0,225.0,False,225.0
494e562d313033333236,INV-103326,ACC-3020,Hooli Ltd,billing@hooli.com,APAC,Education,paid,2025-05-22,1,5.0,1837.5,False,1837.5
494e562d313032313033,INV-102103,ACC-9692,Vandelay Group,billing@vandelay.com,,Energy,paid,2022-08-16,0,5.0,490.0,False,40.833333333333336
494e562d313031393436,INV-101946,ACC-7231,Initech Inc,billing@initech.com,,,paid,2023-10-24,0,4.0,1225.0,False,1225.0
494e562d313034323339,INV-104239,ACC-7965,Umbrella Group,billing@umbrella.com,LATAM,Fintech,paid,2023-06-06,0,2.0,4900.0,False,4900.0
494e562d313030363435,INV-100645,ACC-8837,Gekko Labs,billing@gekko.com,APAC,Gaming,paid,2021-12-09,0,,11547.36,False,891.0
494e562d313034323930,INV-104290,ACC-9660,Globex Ltd,billing@globex.com,LATAM,Gaming,paid,2024-02-27,0,3.0,147.0,False,147.0
494e562d313034363434,INV-104644,ACC-7875,Hooli Inc,billing@hooli.com,EMEA,Manufacturing,paid,2022-05-23,0,3.0,26910.0,False,26910.0
494e562d313034393038,INV-104908,ACC-8933,Prestige Corp,billing@prestige.com,APAC,Gaming,paid,2024-01-30,0,2.0,2646.0,False,220.5
494e562d313032363131,INV-102611,ACC-5367,Massive Dynamic Holdings,billing@massive.com,APAC,Gaming,paid,2025-10-10,0,5.0,4900.0,False,4900.0
494e562d313032353837,INV-102587,ACC-1613,Cyberdyne Labs,billing@cyberdyne.com,,Logistics,paid,2023-11-12,0,4.0,9900.0,False,825.0
494e562d313033383237,INV-103827,ACC-9035,Aperture Inc,billing@aperture.com,LATAM,Gaming,paid,2026-10-06,0,,2990.0,False,249.16666666666666
494e562d313033313439,INV-103149,ACC-2003,Wayne Corp,billing@wayne.com,EMEA,,paid,2024-04-29,1,5.0,174376.80000000002,False,13455.0
494e562d313034393735,INV-104975,ACC-4507,Acme Holdings,billing@acme.com,,Manufacturing,paid,2023-02-08,1,5.0,1225.0,False,1225.0
494e562d313033313037,INV-103107,ACC-5506,Massive Dynamic Holdings,billing@massive.com,APAC,Education,paid,2025-06-08,0,3.0,8073.0,False,8073.0
494e562d313030333735,INV-100375,ACC-1468,Hooli Holdings,billing@hooli.com,APAC,,paid,2022-12-16,0,5.0,49000.0,False,4083.3333333333335
494e562d313030373939,INV-100799,ACC-8757,Nakatomi Holdings,,EMEA,Gaming,refunded,2025-09-03,1,,-992250.0,False,0.0
494e562d313033363231,INV-103621,ACC-1072,Hooli Partners,billing@hooli.com,,Education,paid,2025-07-24,0,1.0,529.2,False,529.2
494e562d313031383838,INV-101888,ACC-9313,Prestige Labs,billing@prestige.com,,Energy,paid,2022-12-25,0,3.0,49000.0,False,4083.3333333333335
494e562d313032353430,INV-102540,ACC-3279,Cyberdyne Inc,billing@cyberdyne.com,EMEA,,paid,2023-05-11,0,4.0,124.95,False,124.95
494e562d313034363734,INV-104674,ACC-8894,Aperture Partners,,APAC,Logistics,paid,2022-05-21,0,2.0,-1210950.0,False,11212.5
494e562d313034343234,INV-104424,ACC-8684,Initech LLC,billing@initech.com,EMEA,Healthcare,paid,2025-09-22,0,5.0,1225.0,False,1225.0
494e562d313031303337,INV-101037,ACC-9809,Cyberdyne Co,billing@cyberdyne.com,APAC,Media,paid,2021-05-13,0,4.0,-121095.0,False,1121.25
494e562d313033353632,INV-103562,ACC-9546,Vandelay Corp,billing@vandelay.com,EMEA,Retail,paid,2024-04-08,0,4.0,990.0,False,82.5
494e562d313033303137,INV-103017,ACC-9775,Globex Group,billing@globex.com,,Education,paid,2022-05-04,0,5.0,-34006.39200000001,False,187.42499999999998
494e562d313032313031,INV-102101,ACC-1348,Initech Inc,billing@initech.com,APAC,Media,refunded,2022-10-24,0,5.0,-147.0,False,0.0
494e562d313030303134,INV-100014,ACC-2776,Stark Inc,billing@stark.com,EMEA,Logistics,paid,2023-06-14,0,5.0,24750.0,False,2062.5
494e562d313033303636,INV-103066,ACC-4659,Prestige Industries,billing@prestige.com,LATAM,Energy,paid,2021-03-10,0,3.0,-372400.0,False,1633.3333333333333
494e562d313030323932,INV-100292,ACC-4241,Acme Group,billing@acme.com,,Logistics,paid,2025-01-08,1,3.0,529.2,False,529.2
494e562d313034353934,INV-104594,ACC-6041,Pied Piper Group,billing@pied.com,,Education,paid,2025-01-16,0,5.0,371.25,False,371.25
494e562d313030313336,INV-100136,ACC-3140,Oscorp Inc,billing@oscorp.com,APAC,Gaming,paid,2026-04-10,0,5.0,1470.0,False,122.5
494e562d313034333438,INV-104348,ACC-7364,Hooli Holdings,,LATAM,Media,paid,2025-04-16,0,3.0,79.2,False,79.2
494e562d313033353630,INV-103560,ACC-2494,Gekko Inc,billing@gekko.com,EMEA,,paid,2024-06-07,0,3.0,24750.0,False,24750.0
494e562d313030393830,INV-100980,ACC-6516,Gekko LLC,billing@gekko.com,APAC,Travel,paid,2026-01-06,1,2.0,-198450.0,False,1837.5
494e562d313032373531,INV-102751,ACC-3953,Acme Group,billing@acme.com,LATAM,Education,paid,2025-11-12,0,4.0,-45144.0,False,198.0
494e562d313032333835,INV-102385,ACC-9610,Cyberdyne Holdings,billing@cyberdyne.com,,Education,paid,2023-09-01,0,,2583.36,False,2583.36
494e562d313032363338,INV-102638,ACC-7551,Globex Labs,billing@globex.com,,Retail,paid,2023-07-01,1,4.0,49500.0,False,4125.0
494e562d313032323435,INV-102245,ACC-7235,Initech Corp,billing@initech.com,APAC,,paid,2022-10-29,1,5.0,1225.0,False,1225.0
494e562d313030343332,INV-100432,ACC-1440,Tyrell Co,billing@tyrell.com,EMEA,Media,paid,2025-10-18,1,3.0,245.0,False,245.0
494e562d313032303133,INV-102013,ACC-4273,Vandelay Labs,billing@vandelay.com,,Education,paid,2023-04-30,0,4.0,4900.0,False,408.3333333333333
494e562d313033353031,INV-103501,ACC-4124,Wayne Partners,billing@wayne.com,EMEA,Fintech,paid,2023-06-22,0,5.0,12250.0,False,1020.8333333333334
494e562d313032383131,INV-102811,ACC-9617,Nakatomi Ltd,billing@nakatomi.com,,,paid,2024-02-21,0,5.0,49000.0,False,4083.3333333333335
494e562d313032393237,INV-102927,ACC-1739,Hooli Partners,billing@hooli.com,LATAM,,paid,2025-03-10,0,5.0,-24130.0,False,105.83333333333333
494e562d313030393539,INV-100959,ACC-5022,Initech Co,billing@initech.com,,Energy,paid,2022-02-14,1,4.0,990.0,False,82.5
494e562d313030353030,INV-100500,ACC-2329,Soylent Group,billing@soylent.com,LATAM,Travel,paid,2024-01-26,0,3.0,142.88,False,142.88
494e562d313032373737,INV-102777,ACC-8600,Stark Inc,billing@stark.com,EMEA,,paid,2026-05-09,0,4.0,-88200.0,False,306.25
494e562d313030373434,INV-100744,ACC-2620,Stark Industries,billing@stark.com,LATAM,Gaming,paid,2024-01-22,0,,49500.0,False,4125.0
494e562d313031323236,INV-101226,ACC-4869,Hooli Inc,billing@hooli.com,EMEA,Media,paid,2024-12-24,1,4.0,9900.0,False,9900.0
494e562d313033393135,INV-103915,ACC-4935,Gekko Partners,billing@gekko.com,LATAM,Manufacturing,paid,2021-09-22,0,4.0,490.0,False,490.0
494e562d313030363334,INV-100634,ACC-9407,Tyrell Ltd,billing@tyrell.com,EMEA,Manufacturing,paid,2023-12-21,1,5.0,-1496187.0,False,8905.875
494e562d313034323430,INV-104240,ACC-6260,Initech Labs,billing@initech.com,LATAM,Energy,paid,2022-04-24,0,5.0,4900.0,False,408.3333333333333
494e562d313034383935,INV-104895,ACC-7034,Initech Inc,,EMEA,Fintech,paid,2025-06-01,0,3.0,1866.9,False,155.57500000000002
494e562d313034363633,INV-104663,ACC-3436,Prestige Holdings,billing@prestige.com,LATAM,Manufacturing,paid,2025-06-19,0,5.0,622.3,False,622.3
494e562d313031323331,INV-101231,ACC-8847,Soylent Labs,billing@soylent.com,APAC,,refunded,2024-03-18,1,4.0,-12573.0,False,0.0
494e562d313031313230,INV-101120,ACC-5857,Cyberdyne Industries,billing@cyberdyne.com,LATAM,Media,paid,2023-11-25,0,4.0,-3180870.0,False,18933.75
494e562d313034373236,INV-104726,ACC-6384,Hooli Labs,billing@hooli.com,LATAM,Logistics,paid,2025-04-30,1,,147.0,False,147.0
494e562d313034343533,INV-104453,ACC-5863,Wayne Inc,billing@wayne.com,APAC,Manufacturing,paid,2024-11-25,0,2.0,14950.0,False,1245.8333333333333
494e562d313033343138,INV-103418,ACC-9755,Soylent Ltd,billing@soylent.com,APAC,Retail,paid,2026-01-15,0,1.0,4900.0,False,4900.0
494e562d313032383839,INV-102889,ACC-2927,Oscorp LLC,billing@oscorp.com,EMEA,Manufacturing,paid,2023-10-19,0,,-88200.0,False,306.25
494e562d313031393030,INV-101900,ACC-6304,Aperture LLC,billing@aperture.com,LATAM,Travel,paid,2026-01-12,0,5.0,269.1,False,269.1
494e562d313030353334,INV-100534,ACC-1051,Stark LLC,billing@stark.com,,Gaming,paid,2024-09-24,1,4.0,24500.0,False,2041.6666666666667
494e562d313030373938,INV-100798,ACC-8533,Initech Co,billing@initech.com,,Travel,paid,2024-04-20,1,3.0,560.07,False,560.07
494e562d313032313334,INV-102134,ACC-1490,Vandelay Co,billing@vandelay.com,,Healthcare,paid,2021-10-03,1,5.0,9900.0,False,825.0
494e562d313031353332,INV-101532,ACC-3609,Oscorp Corp,billing@oscorp.com,,Media,paid,2025-07-10,0,,2990.0,False,2990.0
494e562d313030373932,INV-100792,ACC-8517,Hooli Labs,,EMEA,,paid,2024-09-13,0,5.0,2646.0,False,2646.0
494e562d313034393932,INV-104992,ACC-8259,Cyberdyne Industries,billing@cyberdyne.com,APAC,Media,paid,2022-03-08,1,,3797.3,False,3797.3
494e562d313030373134,INV-100714,ACC-5616,Aperture Ltd,billing@aperture.com,,Gaming,paid,2023-08-28,0,3.0,445.5,False,445.5
494e562d313033323234,INV-103224,ACC-3305,Oscorp Group,billing@oscorp.com,,Manufacturing,paid,2024-11-18,0,3.0,-29155.0,False,173.54166666666666
494e562d313031353134,INV-101514,ACC-8513,Wonka LLC,billing@wonka.com,EMEA,Media,paid,2023-06-03,0,4.0,3111.5,False,259.2916666666667
494e562d313033373933,INV-103793,ACC-6882,Hooli Group,billing@hooli.com,,Education,paid,2027-06-23,0,3.0,10692.0,False,891.0
494e562d313031353439,INV-101549,ACC-2138,Cyberdyne Ltd,billing@cyberdyne.com,APAC,Logistics,paid,2022-05-01,0,4.0,49500.0,False,4125.0
494e562d313032313136,INV-102116,ACC-9585,Wayne Corp,billing@wayne.com,,Retail,paid,2023-06-10,1,4.0,149500.0,False,12458.333333333334
494e562d313032323137,INV-102217,ACC-9748,Dunder Labs,billing@dunder.com,APAC,Healthcare,refunded,2025-10-04,0,5.0,-1614.6,False,0.0
494e562d313031393034,INV-101904,ACC-2134,Dunder Corp,billing@dunder.com,APAC,Retail,paid,2025-02-14,0,1.0,122500.0,False,10208.333333333334
494e562d313034383836,INV-104886,ACC-5881,Gekko Partners,billing@gekko.com,LATAM,Education,paid,2023-07-12,0,4.0,-1457750.0,False,8677.083333333334
494e562d313032373232,INV-102722,ACC-7801,Soylent Partners,billing@soylent.com,EMEA,Healthcare,paid,2023-07-19,0,3.0,80730.0,False,80730.0
494e562d313031383738,INV-101878,ACC-9034,Wonka Ltd,billing@wonka.com,,Education,paid,2026-11-04,0,3.0,-801900.0,False,7425.0
494e562d313032353230,INV-102520,ACC-2422,Initech Industries,billing@initech.com,LATAM,Media,paid,2024-03-14,1,3.0,106920.0,False,8910.0
494e562d313033303232,INV-103022,ACC-8718,Cyberdyne Ltd,billing@cyberdyne.com,APAC,Fintech,paid,2025-07-31,0,3.0,4950.0,False,412.5
494e562d313032383534,INV-102854,ACC-6112,Pied Piper Industries,billing@pied.com,APAC,Fintech,paid,2024-05-01,1,5.0,1960.0,False,1960.0
494e562d313034333633,INV-104363,ACC-6249,Gekko Group,billing@gekko.com,,,refunded,2022-04-11,0,1.0,-29900.0,False,0.0
494e562d313033313931,INV-103191,ACC-3612,Oscorp Holdings,billing@oscorp.com,APAC,Healthcare,paid,2023-06-23,0,5.0,247500.0,False,20625.0
494e562d313033383739,INV-103879,ACC-9253,Nakatomi Corp,billing@nakatomi.com,LATAM,Logistics,paid,2022-06-16,0,4.0,-43302.6,False,400.95
494e562d313034333439,INV-104349,ACC-3188,Nakatomi Holdings,billing@nakatomi.com,EMEA,Media,paid,2024-03-14,0,4.0,1225.0,False,1225.0
494e562d313030373339,INV-100739,ACC-1600,Oscorp Group,billing@oscorp.com,LATAM,Retail,paid,2023-04-25,0,5.0,12250.0,False,12250.0
494e562d313032353539,INV-102559,ACC-9332,Aperture Partners,billing@aperture.com,EMEA,Retail,paid,2026-02-22,0,3.0,3229.2,False,269.09999999999997
494e562d313033363834,INV-103684,ACC-6792,Tyrell Industries,billing@tyrell.com,EMEA,Retail,paid,2023-01-30,0,2.0,2205.0,False,2205.0
494e562d313031323632,INV-101262,ACC-8696,Nakatomi Labs,billing@nakatomi.com,,Logistics,paid,2025-01-01,0,1.0,49000.0,False,4083.3333333333335
494e562d313030343436,INV-100446,ACC-5789,Soylent Corp,billing@soylent.com,EMEA,Logistics,paid,2025-12-10,0,5.0,2990.0,False,2990.0
494e562d313032383539,INV-102859,ACC-7313,Dunder Partners,billing@dunder.com,APAC,Fintech,paid,2026-04-10,0,5.0,-4750393.725000001,False,22264.6875
494e562d313034313336,INV-104136,ACC-2458,Hooli Partners,billing@hooli.com,EMEA,Healthcare,paid,2025-10-12,0,3.0,12250.0,False,12250.0
494e562d313031303632,INV-101062,ACC-5302,Umbrella Corp,billing@umbrella.com,EMEA,Travel,paid,2022-08-07,0,1.0,24750.0,False,2062.5
494e562d313032383936,INV-102896,ACC-9250,Pied Piper Corp,billing@pied.com,APAC,Manufacturing,paid,2023-07-01,1,,80730.0,False,80730.0
494e562d313030323034,INV-100204,ACC-9921,Massive Dynamic Industries,billing@massive.com,LATAM,Logistics,paid,2023-12-28,0,4.0,2970.0,False,247.5
494e562d313033373032,INV-103702,ACC-6668,Vandelay Labs,billing@vandelay.com,EMEA,Manufacturing,paid,2021-05-06,0,5.0,490.0,False,490.0
494e562d313034323831,INV-104281,ACC-7564,Umbrella Partners,billing@umbrella.com,EMEA,Media,paid,2024-08-24,0,4.0,12250.0,False,12250.0
494e562d313034363832,INV-104682,ACC-9055,Hooli Labs,billing@hooli.com,,Healthcare,refunded,2024-08-17,0,,-17820.0,False,0.0
494e562d313032363438,INV-102648,ACC-3655,Acme Labs,billing@acme.com,LATAM,Education,paid,2022-05-25,0,4.0,1470.0,False,122.5
494e562d313031363837,INV-101687,ACC-3679,Massive Dynamic Holdings,billing@massive.com,,Healthcare,paid,2026-06-20,0,,158.76,False,158.76
494e562d313033313431,INV-103141,ACC-4941,Stark Partners,billing@stark.com,,,paid,2023-11-07,0,4.0,5292.0,False,5292.0
494e562d313030393333,INV-100933,ACC-3552,Wayne Group,billing@wayne.com,EMEA,Energy,paid,2024-04-21,0,,1587.6,False,132.29999999999998
494e562d313032303733,INV-102073,ACC-9452,Globex Holdings,billing@globex.com,APAC,Retail,paid,2024-02-06,1,5.0,299000.0,False,24916.666666666668
494e562d313032393038,INV-102908,ACC-3227,Acme LLC,,,Education,paid,2021-10-23,0,5.0,5715.360000000001,False,441.0
494e562d313034343733,INV-104473,ACC-2329,Cyberdyne Industries,billing@cyberdyne.com,,Logistics,paid,2024-07-21,0,,26460.0,False,2205.0
494e562d313030313037,INV-100107,ACC-9225,Tyrell LLC,,EMEA,Media,paid,2023-08-30,1,5.0,534.35,False,534.35
494e562d313034363534,INV-104654,ACC-2904,Hooli Industries,billing@hooli.com,,Gaming,paid,2024-03-04,0,,11245.5,False,11245.5
494e562d313030373735,INV-100775,ACC-7877,Stark Partners,billing@stark.com,APAC,Healthcare,paid,2022-04-11,1,4.0,-891000.0,False,3093.75
494e562d313030313238,INV-100128,ACC-6873,Prestige Co,billing@prestige.com,EMEA,Media,paid,2026-04-10,0,4.0,22275.0,False,22275.0
494e562d313030343037,INV-100407,ACC-9505,Vandelay Labs,billing@vandelay.com,EMEA,Media,paid,2024-09-26,1,4.0,1225.0,False,1225.0
494e562d313030363939,INV-100699,ACC-7611,Wonka Labs,billing@wonka.com,EMEA,Fintech,paid,2024-10-07,0,3.0,49000.0,False,4083.3333333333335
494e562d313034383232,INV-104822,ACC-6211,Tyrell Partners,billing@tyrell.com,LATAM,Education,paid,2026-05-03,0,5.0,26730.0,False,2227.5
494e562d313030353034,INV-100504,ACC-1268,Vandelay LLC,billing@vandelay.com,LATAM,Fintech,paid,2024-11-10,0,5.0,-58310.0,False,347.0833333333333
494e562d313032393031,INV-102901,ACC-3827,Massive Dynamic Corp,billing@massive.com,APAC,Energy,paid,2024-03-15,0,,9900.0,False,825.0
494e562d313033363433,INV-103643,ACC-3675,Soylent Holdings,billing@soylent.com,APAC,Media,paid,2022-06-28,0,4.0,9900.0,False,9900.0
494e562d313030323233,INV-100223,ACC-4181,Soylent Co,billing@soylent.com,EMEA,Travel,paid,2024-11-23,0,4.0,9900.0,False,825.0
494e562d313032313335,INV-102135,ACC-7559,Gekko Corp,billing@gekko.com,LATAM,,paid,2022-01-18,0,3.0,2970.0,False,247.5
494e562d313032393638,INV-102968,ACC-2631,Dunder Inc,billing@dunder.com,APAC,Retail,paid,2023-12-15,0,4.0,990.0,False,82.5
494e562d313034323639,INV-104269,ACC-5432,Stark Co,billing@stark.com,LATAM,Education,refunded,2026-01-22,0,1.0,-147.0,False,0.0
494e562d313032363935,INV-102695,ACC-9304,Initech Corp,billing@initech.com,LATAM,Travel,paid,2024-06-22,0,5.0,762.45,False,762.45
494e562d313033373734,INV-103774,ACC-9485,Umbrella Industries,billing@umbrella.com,APAC,Energy,paid,2024-08-02,0,,14950.0,False,1245.8333333333333
494e562d313031343034,INV-101404,ACC-6481,Pied Piper LLC,billing@pied.com,,Healthcare,paid,2024-06-02,0,5.0,297.0,False,297.0
494e562d313034323431,INV-104241,ACC-3847,Wonka Ltd,billing@wonka.com,,Gaming,paid,2023-05-04,0,,62230.0,False,5185.833333333333
494e562d313032343136,INV-102416,ACC-3608,Oscorp LLC,billing@oscorp.com,APAC,Energy,paid,2023-07-01,0,3.0,3556.4445,True,2800.35
494e562d313032323935,INV-102295,ACC-6754,Dunder LLC,billing@dunder.com,EMEA,Logistics,paid,2024-11-18,0,4.0,14950.0,False,14950.0
494e562d313034343437,INV-104447,ACC-7274,Wayne LLC,billing@wayne.com,EMEA,Healthcare,paid,2023-12-14,0,5.0,34875.36,False,32292.0
494e562d313031333738,INV-101378,ACC-7713,Cyberdyne Group,billing@cyberdyne.com,,,paid,2024-11-06,0,3.0,3920.0,False,3920.0
494e562d313032333230,INV-102320,ACC-1962,Dunder Partners,billing@dunder.com,APAC,Gaming,paid,2026-05-16,0,4.0,-68706.79200000002,False,378.675
494e562d313032333731,INV-102371,ACC-3585,Acme Corp,billing@acme.com,,Energy,paid,2024-12-09,0,4.0,224.91,False,224.91
494e562d313031353237,INV-101527,ACC-3594,Initech Labs,billing@initech.com,LATAM,Gaming,paid,2026-06-12,0,5.0,1225.0,False,1225.0
494e562d313030333633,INV-100363,ACC-7444,Vandelay Partners,billing@vandelay.com,LATAM,Media,paid,2024-02-06,1,,18986.5,False,18986.5
494e562d313032363535,INV-102655,ACC-2015,Dunder Inc,billing@dunder.com,EMEA,Fintech,paid,2023-07-31,1,2.0,2970.0,False,247.5
494e562d313031303332,INV-101032,ACC-9189,Gekko Industries,billing@gekko.com,,Gaming,paid,2025-02-20,0,5.0,6353.75,False,6353.75
494e562d313031313533,INV-101153,ACC-5650,Soylent Partners,billing@soylent.com,EMEA,Manufacturing,paid,2025-01-07,0,2.0,-1272348.0,False,7573.5
494e562d313032323730,INV-102270,ACC-9377,Vandelay Holdings,billing@vandelay.com,EMEA,Manufacturing,paid,2025-06-01,1,4.0,7475.0,False,7475.0
494e562d313034363233,INV-104623,ACC-2803,Acme Corp,billing@acme.com,LATAM,Logistics,paid,2023-04-25,1,3.0,7475.0,False,7475.0
494e562d313031383633,INV-101863,ACC-3924,Massive Dynamic Ltd,billing@massive.com,LATAM,Energy,paid,2021-02-22,1,5.0,12250.0,False,1020.8333333333334
494e562d313031373835,INV-101785,ACC-4810,Aperture Co,billing@aperture.com,EMEA,Fintech,paid,2022-09-29,0,2.0,8019.0,False,8019.0
494e562d313033323839,INV-103289,ACC-3733,Massive Dynamic Ltd,billing@massive.com,LATAM,Logistics,paid,2025-09-16,0,3.0,-1625184.0,False,7128.0
494e562d313034313437,INV-104147,ACC-1000,Gekko Co,billing@gekko.com,LATAM,Media,paid,2026-02-03,0,5.0,-127234.80000000002,False,757.35
494e562d313031353330,INV-101530,ACC-1490,Tyrell Industries,billing@tyrell.com,,Manufacturing,paid,2024-09-17,0,5.0,1102.5,False,1102.5
494e562d313032363439,INV-102649,ACC-8207,Wonka Partners,billing@wonka.com,APAC,,paid,2025-01-08,0,4.0,3227.7,False,3227.7
494e562d313034323337,INV-104237,ACC-3836,Hooli Co,billing@hooli.com,,Logistics,paid,2025-12-11,0,5.0,-40095.0,False,371.25
494e562d313032313836,INV-102186,ACC-2042,Hooli LLC,billing@hooli.com,,Energy,refunded,2023-01-05,0,4.0,-29900.0,False,0.0
494e562d313030383536,INV-100856,ACC-1856,Acme Inc,billing@acme.com,APAC,,paid,2023-09-11,0,3.0,12250.0,False,1020.8333333333334
494e562d313031393430,INV-101940,ACC-2423,Nakatomi Group,billing@nakatomi.com,LATAM,Education,paid,2022-05-08,1,4.0,49.0,False,49.0
494e562d313032383637,INV-102867,ACC-6101,Soylent Industries,billing@soylent.com,EMEA,Manufacturing,paid,2023-08-08,0,3.0,990.0,False,990.0
494e562d313030313132,INV-100112,ACC-1699,Cyberdyne LLC,billing@cyberdyne.com,EMEA,Media,paid,2024-10-01,0,4.0,14950.0,False,1245.8333333333333
494e562d313033353138,INV-103518,ACC-1822,Wonka Group,billing@wonka.com,EMEA,Travel,paid,2022-10-26,1,3.0,2970.0,False,247.5
494e562d313031353038,INV-101508,ACC-3415,Pied Piper Group,billing@pied.com,,Energy,paid,2023-04-22,0,,529.0,False,44.083333333333336
494e562d313030363637,INV-100667,ACC-3612,Tyrell Labs,billing@tyrell.com,,Healthcare,paid,2024-10-13,1,5.0,62.23,False,62.23
494e562d313031363236,INV-101626,ACC-3543,Wonka Inc,billing@wonka.com,EMEA,Retail,paid,2025-01-07,0,3.0,29900.0,False,29900.0
494e562d313033383733,INV-103873,ACC-1312,Globex Inc,billing@globex.com,EMEA,Healthcare,paid,2021-05-14,0,4.0,2450.0,False,204.16666666666666
494e562d313032363932,INV-102692,ACC-2788,Soylent Partners,billing@soylent.com,LATAM,,paid,2024-09-06,0,5.0,990.0,False,82.5
494e562d313032323537,INV-102257,ACC-8642,Prestige LLC,billing@prestige.com,,,paid,2024-09-11,0,1.0,8970.0,False,747.5
494e562d313030343337,INV-100437,ACC-5275,Umbrella Group,billing@umbrella.com,APAC,,paid,2022-10-26,0,1.0,74750.0,True,74750.0
494e562d313031343039,INV-101409,ACC-2111,Gekko Ltd,,LATAM,Manufacturing,paid,2023-01-14,0,4.0,62865.0,True,5238.75
494e562d313034393731,INV-104971,ACC-9114,Gekko Ltd,billing@gekko.com,APAC,Gaming,paid,2023-01-23,0,4.0,-195314.12549999997,False,1423.9875
494e562d313031303430,INV-101040,ACC-2853,Hooli Partners,,APAC,Healthcare,paid,2025-08-07,0,5.0,-198450.0,False,1837.5
494e562d313031383533,INV-101853,ACC-3517,Umbrella Group,billing@umbrella.com,EMEA,Fintech,paid,2025-02-07,0,,2450.0,False,2450.0
494e562d313034383931,INV-104891,ACC-8406,Tyrell Inc,billing@tyrell.com,APAC,Gaming,paid,2021-09-19,0,3.0,7846.956,False,7265.7
494e562d313030393835,INV-100985,ACC-4601,Globex Co,billing@globex.com,,Gaming,refunded,2022-11-07,0,4.0,-29900.0,False,0.0
494e562d313030333337,INV-100337,ACC-7997,Globex Ltd,billing@globex.com,APAC,Energy,paid,2021-10-11,1,1.0,2970.0,False,247.5
494e562d313033363139,INV-103619,ACC-2859,Hooli Inc,,EMEA,Travel,paid,2024-09-16,0,4.0,4790.313,False,314.325
494e562d313032373337,INV-102737,ACC-2310,Hooli Inc,billing@hooli.com,EMEA,Energy,paid,2023-06-01,0,4.0,-39690.0,False,367.5
494e562d313034383531,INV-104851,ACC-3755,Wayne Partners,billing@wayne.com,LATAM,Media,paid,2025-10-03,0,2.0,122500.0,False,10208.333333333334
494e562d313033333736,INV-103376,ACC-2773,Nakatomi Inc,billing@nakatomi.com,,Media,paid,2022-05-13,0,3.0,79.2,False,79.2
494e562d313034313831,INV-104181,ACC-2976,Stark Holdings,billing@stark.com,,Retail,paid,2025-12-04,0,5.0,122500.0,False,10208.333333333334
494e562d313033393331,INV-103931,ACC-8771,Wonka Corp,billing@wonka.com,APAC,Healthcare,paid,2024-08-03,0,5.0,1470.0,False,122.5
494e562d313034393035,INV-104905,ACC-9248,Dunder Co,billing@dunder.com,EMEA,Retail,paid,2023-08-08,0,5.0,19800.0,False,19800.0
494e562d313031343531,INV-101451,ACC-7175,Prestige Labs,billing@prestige.com,LATAM,Travel,paid,2024-04-04,0,4.0,-58310.0,False,347.0833333333333
494e562d313031353437,INV-101547,ACC-2668,Initech Holdings,billing@initech.com,EMEA,Fintech,paid,2023-04-15,0,5.0,-3969.0,False,36.75
494e562d313032383635,INV-102865,ACC-1104,Acme Group,billing@acme.com,EMEA,Healthcare,paid,2025-07-13,0,5.0,1225.0,False,1225.0
494e562d313031373131,INV-101711,ACC-1966,Soylent LLC,billing@soylent.com,LATAM,Retail,paid,2025-01-31,0,5.0,490.0,False,490.0
494e562d313034343739,INV-104479,ACC-7572,Wayne Co,billing@wayne.com,LATAM,Gaming,paid,2025-06-09,0,,4950.0,False,412.5
494e562d313034363630,INV-104660,ACC-5876,Tyrell Industries,billing@tyrell.com,APAC,Travel,paid,2023-01-04,0,4.0,32292.0,False,2691.0
494e562d313031303434,INV-101044,ACC-2206,Soylent Industries,billing@soylent.com,LATAM,Travel,paid,2025-11-18,1,4.0,222.75,False,222.75
494e562d313031323537,INV-101257,ACC-6386,Oscorp LLC,billing@oscorp.com,EMEA,Fintech,paid,2024-07-21,0,4.0,6727.5,False,6727.5
494e562d313032353535,INV-102555,ACC-6476,Cyberdyne Partners,billing@cyberdyne.com,LATAM,Retail,paid,2021-05-26,0,4.0,24500.0,False,2041.6666666666667
494e562d313032303334,INV-102034,ACC-6341,Umbrella Inc,billing@umbrella.com,LATAM,Education,paid,2024-12-31,0,,247500.0,False,20625.0
494e562d313034343132,INV-104412,ACC-9227,Hooli Group,billing@hooli.com,EMEA,Gaming,paid,2025-09-08,0,2.0,8970.0,False,747.5
494e562d313030383236,INV-100826,ACC-4279,Umbrella Industries,billing@umbrella.com,,Media,paid,2022-03-09,0,,1596.771,False,1257.3
494e562d313034373638,INV-104768,ACC-6183,Nakatomi Co,billing@nakatomi.com,EMEA,Logistics,paid,2024-08-21,0,4.0,8970.0,False,747.5
494e562d313034313530,INV-104150,ACC-5685,Wayne LLC,billing@wayne.com,EMEA,Manufacturing,paid,2024-09-16,1,1.0,1225.0,False,1225.0
494e562d313030333934,INV-100394,ACC-8040,Aperture Corp,billing@aperture.com,EMEA,Education,paid,2024-02-24,0,3.0,495.0,False,495.0
494e562d313033393431,INV-103941,ACC-3616,Prestige Ltd,billing@prestige.com,LATAM,Media,paid,2023-09-24,0,4.0,237.0963,False,186.69
494e562d313033323031,INV-103201,ACC-2096,Gekko Co,billing@gekko.com,,Travel,paid,2026-04-03,0,5.0,122500.0,False,10208.333333333334
494e562d313033383635,INV-103865,ACC-8173,Nakatomi Ltd,billing@nakatomi.com,EMEA,Education,paid,2025-07-11,0,3.0,247500.0,False,20625.0
494e562d313031393135,INV-101915,ACC-1452,Gekko Holdings,billing@gekko.com,EMEA,Media,paid,2025-05-16,0,1.0,29900.0,False,29900.0
494e562d313030333631,INV-100361,ACC-8167,Aperture Holdings,billing@aperture.com,APAC,Education,paid,2027-02-05,0,5.0,297.0,False,297.0
494e562d313030383739,INV-100879,ACC-1228,Acme Holdings,,LATAM,Manufacturing,paid,2026-03-21,0,1.0,9900.0,False,825.0
494e562d313033353439,INV-103549,ACC-2094,Stark Corp,billing@stark.com,EMEA,Education,paid,2023-04-14,0,3.0,2450.0,False,2450.0
494e562d313031353930,INV-101590,ACC-4846,Dunder Corp,billing@dunder.com,APAC,Energy,paid,2022-03-10,0,1.0,-200475.0,False,1856.25
494e562d313032343934,INV-102494,ACC-9290,Soylent Industries,billing@soylent.com,,Travel,paid,2022-12-18,1,3.0,1470.0,False,122.5
494e562d313034383131,INV-104811,ACC-5616,Initech Ltd,billing@initech.com,EMEA,Fintech,paid,2024-11-02,0,3.0,571.5360000000001,False,529.2
494e562d313034313534,INV-104154,ACC-4467,Globex LLC,billing@globex.com,,Gaming,paid,2025-11-23,1,5.0,-8895250.0,False,52947.916666666664
494e562d313031373335,INV-101735,ACC-3071,Oscorp Labs,billing@oscorp.com,EMEA,Energy,paid,2025-04-20,0,2.0,122500.0,False,10208.333333333334
494e562d313032383831,INV-102881,ACC-2963,Pied Piper Corp,billing@pied.com,LATAM,Fintech,paid,2022-05-24,0,1.0,8970.0,False,747.5
494e562d313033313837,INV-103187,ACC-8650,Hooli Inc,billing@hooli.com,APAC,Manufacturing,paid,2026-12-19,0,5.0,534.6,False,534.6
494e562d313033333231,INV-103321,ACC-2614,Vandelay LLC,billing@vandelay.com,APAC,Gaming,paid,2024-06-03,0,2.0,2857.6800000000003,False,220.5
494e562d313032383032,INV-102802,ACC-8865,Aperture Ltd,billing@aperture.com,APAC,Retail,paid,2023-12-12,0,4.0,269.1,False,269.1
494e562d313034383738,INV-104878,ACC-7057,Umbrella Inc,billing@umbrella.com,APAC,,paid,2023-06-30,0,4.0,158.76,False,158.76
494e562d313033393339,INV-103939,ACC-7282,Wayne Holdings,billing@wayne.com,,Logistics,paid,2024-08-11,0,4.0,49000.0,False,4083.3333333333335
494e562d313031333831,INV-101381,ACC-5458,Soylent Industries,billing@soylent.com,,,paid,2023-07-05,0,5.0,269.0,False,269.0
494e562d313032313732,INV-102172,ACC-7707,Wonka Partners,billing@wonka.com,LATAM,Manufacturing,paid,2022-07-21,0,5.0,3960.0,False,3960.0
494e562d313031333332,INV-101332,ACC-1959,Umbrella Co,billing@umbrella.com,,Gaming,paid,2022-07-30,1,3.0,-11362000.0,False,49833.333333333336
494e562d313033303037,INV-103007,ACC-3661,Pied Piper Holdings,billing@pied.com,EMEA,Energy,paid,2025-08-31,1,5.0,72657.0,False,72657.0
494e562d313034353139,INV-104519,ACC-8489,Soylent Inc,billing@soylent.com,LATAM,Travel,paid,2023-12-28,0,4.0,13230.0,False,1102.5
494e562d313033363032,INV-103602,ACC-4499,Pied Piper Inc,billing@pied.com,,Logistics,paid,2026-11-03,0,3.0,4900.0,False,408.3333333333333
494e562d313030373736,INV-100776,ACC-4927,Nakatomi Inc,billing@nakatomi.com,,Healthcare,paid,2022-06-04,0,5.0,-2800350.0,False,9723.4375
494e562d313034383335,INV-104835,ACC-8738,Dunder Group,billing@dunder.com,APAC,,paid,2023-02-28,0,1.0,1470.0,False,122.5
494e562d313033363538,INV-103658,ACC-5622,Pied Piper Co,billing@pied.com,,Travel,paid,2021-06-30,0,5.0,161460.0,False,13455.0
494e562d313031353637,INV-101567,ACC-9354,Pied Piper Corp,billing@pied.com,EMEA,Travel,refunded,2025-12-13,0,4.0,-147.0,False,0.0
494e562d313032333638,INV-102368,ACC-8696,Umbrella Inc,billing@umbrella.com,APAC,Media,paid,2025-06-14,0,2.0,299000.0,False,24916.666666666668
494e562d313031353935,INV-101595,ACC-9288,Cyberdyne Group,billing@cyberdyne.com,EMEA,Energy,paid,2025-07-10,0,4.0,9922.5,False,9922.5
494e562d313034323538,INV-104258,ACC-3345,Aperture Partners,billing@aperture.com,LATAM,Travel,paid,2026-07-10,0,5.0,4900.0,False,408.3333333333333
494e562d313034383433,INV-104843,ACC-8403,Cyberdyne Holdings,billing@cyberdyne.com,,Gaming,paid,2024-11-12,0,3.0,918.75,False,918.75
494e562d313034303139,INV-104019,ACC-9436,Globex Holdings,billing@globex.com,LATAM,Fintech,paid,2026-01-18,1,3.0,99000.0,False,8250.0
494e562d313031353333,INV-101533,ACC-5961,Acme Inc,billing@acme.com,EMEA,Media,paid,2025-08-28,1,,1323.0,False,1323.0
494e562d313031343136,INV-101416,ACC-7501,Umbrella Labs,billing@umbrella.com,APAC,Retail,paid,2025-02-15,0,5.0,6539.13,False,6054.75
494e562d313030373431,INV-100741,ACC-8851,Pied Piper LLC,billing@pied.com,APAC,Retail,paid,2026-01-02,0,4.0,3951.605,False,259.2916666666667
494e562d313033333131,INV-103311,ACC-4960,Hooli Industries,billing@hooli.com,LATAM,Education,paid,2023-11-13,1,2.0,-454480.0,False,1993.3333333333333
494e562d313031393036,INV-101906,ACC-7087,Acme Inc,,LATAM,Logistics,paid,2026-12-15,0,4.0,5292.0,False,441.0
494e562d313033313138,INV-103118,ACC-9245,Cyberdyne Inc,billing@cyberdyne.com,EMEA,Gaming,paid,2024-10-29,0,2.0,4544.1,False,4544.1
494e562d313034383637,INV-104867,ACC-3689,Aperture Corp,billing@aperture.com,LATAM,Gaming,paid,2024-01-24,0,,89.1,False,89.1
494e562d313033303731,INV-103071,ACC-5689,Globex Labs,billing@globex.com,,Gaming,paid,2024-10-14,0,,49000.0,False,4083.3333333333335
494e562d313032363037,INV-102607,ACC-2702,Wayne Partners,billing@wayne.com,APAC,Retail,paid,2024-07-27,0,4.0,1139.19,False,1139.19
494e562d313034323332,INV-104232,ACC-4441,Dunder Ltd,billing@dunder.com,LATAM,,paid,2024-09-27,0,1.0,115473.6,False,8910.0
494e562d313030323434,INV-100244,ACC-9052,Wayne Corp,billing@wayne.com,LATAM,Travel,paid,2025-07-11,0,,24500.0,False,2041.6666666666667
494e562d313034323736,INV-104276,ACC-7374,Pied Piper Industries,billing@pied.com,APAC,Gaming,paid,2024-04-05,0,4.0,44.98,False,44.98
494e562d313031323732,INV-101272,ACC-2394,Gekko Corp,billing@gekko.com,EMEA,Travel,paid,2021-12-19,0,,-1862000.0,True,8166.666666666667
494e562d313034343435,INV-104445,ACC-1289,Initech Partners,billing@initech.com,LATAM,Healthcare,paid,2024-11-24,0,5.0,34875.36,False,2691.0
494e562d313031343832,INV-101482,ACC-9016,Prestige Holdings,billing@prestige.com,EMEA,Media,paid,2023-10-12,0,1.0,990.0,False,990.0
494e562d313034343831,INV-104481,ACC-6466,Soylent Ltd,billing@soylent.com,EMEA,Gaming,paid,2025-11-20,0,,29900.0,False,2491.6666666666665
494e562d313030373031,INV-100701,ACC-8472,Wayne Partners,billing@wayne.com,LATAM,Travel,paid,2023-08-02,0,4.0,9900.0,True,9900.0
494e562d313033373539,INV-103759,ACC-7223,Prestige LLC,billing@prestige.com,LATAM,Education,paid,2023-10-24,0,3.0,490.0,False,490.0
494e562d313032323534,INV-102254,ACC-9462,Gekko Co,billing@gekko.com,LATAM,,paid,2025-09-16,0,3.0,-372400.0,False,1633.3333333333333
494e562d313030353635,INV-100565,ACC-5130,Nakatomi Inc,billing@nakatomi.com,,Travel,paid,2023-01-03,0,3.0,264.6,False,264.6
494e562d313031363037,INV-101607,ACC-9370,Tyrell Industries,billing@tyrell.com,LATAM,Logistics,paid,2027-03-09,0,,9900.0,False,825.0
494e562d313031393133,INV-101913,ACC-3624,Wayne Labs,billing@wayne.com,EMEA,Logistics,paid,2022-05-15,0,2.0,4455.0,False,4455.0
494e562d313032393330,INV-102930,ACC-5963,Acme Holdings,billing@acme.com,LATAM,Fintech,paid,2024-05-03,1,5.0,99.0,False,99.0
494e562d313034343633,INV-104463,ACC-7539,Aperture Group,billing@aperture.com,APAC,Manufacturing,paid,2026-10-22,0,3.0,1225.0,False,1225.0
494e562d313034343630,INV-104460,ACC-3182,Globex Ltd,billing@globex.com,EMEA,Gaming,paid,2024-02-10,1,,321.0,False,321.0
494e562d313032393835,INV-102985,ACC-8786,Wayne Group,billing@wayne.com,LATAM,Fintech,paid,2025-06-03,1,,110.25,False,110.25
494e562d313033393031,INV-103901,ACC-3318,Hooli Co,billing@hooli.com,,Energy,paid,2024-07-28,0,5.0,423.36,False,423.36
494e562d313030323131,INV-100211,ACC-6653,Hooli Group,billing@hooli.com,LATAM,Retail,paid,2024-08-22,0,,132.3,False,132.3
494e562d313034333734,INV-104374,ACC-7103,Gekko Corp,billing@gekko.com,,Manufacturing,paid,2023-11-10,0,5.0,106920.0,False,8910.0
494e562d313031343636,INV-101466,ACC-6706,Cyberdyne Labs,billing@cyberdyne.com,,,paid,2024-01-03,1,3.0,28868.4,False,26730.0
494e562d313032303935,INV-102095,ACC-9373,Pied Piper Holdings,billing@pied.com,,Energy,paid,2027-05-11,0,4.0,4950.0,False,4950.0
494e562d313033393835,INV-103985,ACC-3309,Stark Corp,billing@stark.com,LATAM,Logistics,paid,2023-01-22,0,,299000.0,False,24916.666666666668
494e562d313030393738,INV-100978,ACC-7994,Wonka Partners,billing@wonka.com,APAC,Media,paid,2021-12-22,0,5.0,149500.0,False,12458.333333333334
494e562d313031313330,INV-101130,ACC-4652,Nakatomi Ltd,billing@nakatomi.com,LATAM,Energy,paid,2022-05-25,0,4.0,29900.0,False,29900.0
494e562d313030383238,INV-100828,ACC-8014,Pied Piper Labs,billing@pied.com,,Healthcare,paid,2023-01-04,0,4.0,-191109.6,False,838.1999999999999
494e562d313030333838,INV-100388,ACC-8925,Aperture LLC,,EMEA,Manufacturing,paid,2026-10-15,0,,2450.0,False,204.16666666666666
494e562d313030373537,INV-100757,ACC-8616,Acme Industries,billing@acme.com,,Energy,paid,2023-05-21,0,5.0,36.75,False,36.75
494e562d313031393632,INV-101962,ACC-4043,Nakatomi Co,billing@nakatomi.com,APAC,,paid,2022-11-10,0,5.0,14950.0,False,1245.8333333333333
494e562d313031363537,INV-101657,ACC-1084,Vandelay Inc,billing@vandelay.com,LATAM,Media,paid,2023-09-08,0,4.0,117.6,False,117.6
494e562d313031353831,INV-101581,ACC-2825,Massive Dynamic Labs,billing@massive.com,,Healthcare,paid,2025-10-21,0,,4900.0,False,4900.0
494e562d313033333334,INV-103334,ACC-6143,Oscorp Corp,,EMEA,Gaming,paid,2025-07-12,0,1.0,-35581.0,False,211.79166666666666
494e562d313034393338,INV-104938,ACC-3081,Aperture Holdings,billing@aperture.com,APAC,Gaming,paid,2023-01-25,1,2.0,2990.0,False,249.16666666666666
494e562d313032393437,INV-102947,ACC-3454,Acme Holdings,billing@acme.com,APAC,,paid,2024-12-09,1,5.0,2450.0,False,2450.0
494e562d313034363238,INV-104628,ACC-1077,Globex Inc,billing@globex.com,,,paid,2025-10-02,1,,897.0,False,897.0
494e562d313033383433,INV-103843,ACC-4860,Soylent Corp,billing@soylent.com,EMEA,Education,paid,2026-01-20,0,3.0,2450.0,False,2450.0
494e562d313031333330,INV-101330,ACC-5769,Vandelay LLC,,,Fintech,paid,2026-11-26,0,3.0,24750.0,False,24750.0
494e562d313030373731,INV-100771,ACC-6995,Wonka Inc,billing@wonka.com,APAC,Healthcare,paid,2023-08-07,0,4.0,5292.0,False,441.0
494e562d313030313833,INV-100183,ACC-1807,Pied Piper Partners,billing@pied.com,EMEA,,paid,2023-06-24,0,5.0,3464.208,False,267.3
494e562d313033363738,INV-103678,ACC-4226,Umbrella Corp,billing@umbrella.com,APAC,Education,paid,2025-01-28,0,4.0,-106743.0,False,635.375
494e562d313031343536,INV-101456,ACC-6284,Wayne Inc,billing@wayne.com,,Education,paid,2023-12-03,0,3.0,-149618.69999999998,False,890.5875
494e562d313030313032,INV-100102,ACC-2420,Gekko Group,billing@gekko.com,,Media,paid,2024-11-07,0,5.0,14467.713,False,949.3249999999999
494e562d313032333034,INV-102304,ACC-2956,Oscorp Industries,billing@oscorp.com,EMEA,Retail,paid,2026-03-13,0,5.0,245.0,False,245.0
494e562d313032313536,INV-102156,ACC-2628,Tyrell Partners,,LATAM,Healthcare,paid,2026-06-12,0,1.0,285.76800000000003,False,264.6
494e562d313032323038,INV-102208,ACC-9830,Globex Corp,billing@globex.com,,Logistics,paid,2026-05-03,0,2.0,396.0,False,396.0
494e562d313030363634,INV-100664,ACC-4495,Prestige Partners,billing@prestige.com,EMEA,Media,paid,2024-03-08,0,5.0,7475.0,False,7475.0
494e562d313033323932,INV-103292,ACC-5470,Acme Co,billing@acme.com,APAC,Media,paid,2024-01-31,0,3.0,16146.0,False,16146.0
494e562d313034313139,INV-104119,ACC-3760,Wayne Group,billing@wayne.com,,Manufacturing,paid,2024-07-15,0,4.0,245.0,False,245.0
494e562d313032353330,INV-102530,ACC-8211,Pied Piper Co,billing@pied.com,,Travel,paid,2022-07-19,0,5.0,-605475.0,False,5606.25
494e562d313031353131,INV-101511,ACC-6887,Stark Labs,billing@stark.com,EMEA,Media,paid,2024-01-10,0,4.0,49.0,False,49.0
494e562d313030343832,INV-100482,ACC-1635,Gekko Inc,billing@gekko.com,LATAM,Gaming,paid,2022-12-15,0,3.0,29900.0,False,2491.6666666666665
494e562d313033333731,INV-103371,ACC-5112,Wonka Inc,billing@wonka.com,LATAM,Travel,paid,2026-01-01,0,,13230.0,False,13230.0
494e562d313034353539,INV-104559,ACC-2584,Dunder Group,billing@dunder.com,EMEA,Gaming,paid,2024-06-08,0,4.0,1614.6,False,1614.6
494e562d313030323039,INV-100209,ACC-6431,Pied Piper Partners,billing@pied.com,APAC,,paid,2024-11-21,1,5.0,441.0,False,441.0
494e562d313032393131,INV-102911,ACC-5980,Cyberdyne Corp,billing@cyberdyne.com,,Media,paid,2022-08-06,0,5.0,-291550.0,False,1735.4166666666667
494e562d313032303732,INV-102072,ACC-9328,Initech Inc,billing@initech.com,EMEA,Healthcare,refunded,2026-02-16,0,4.0,-6286.5,False,0.0
494e562d313030343537,INV-100457,ACC-8060,Vandelay LLC,billing@vandelay.com,LATAM,,paid,2025-12-01,1,5.0,29900.0,False,29900.0
494e562d313034393638,INV-104968,ACC-6317,Wayne Labs,billing@wayne.com,LATAM,Media,paid,2024-01-05,0,3.0,313.8804,False,290.63
494e562d313031313633,INV-101163,ACC-4401,Wayne Corp,billing@wayne.com,LATAM,Healthcare,paid,2026-04-20,0,5.0,4900.0,False,408.3333333333333
494e562d313032373635,INV-102765,ACC-8437,Tyrell Group,billing@tyrell.com,APAC,Fintech,paid,2024-03-17,0,5.0,14950.0,False,1245.8333333333333
494e562d313034373339,INV-104739,ACC-1026,Vandelay LLC,billing@vandelay.com,EMEA,Manufacturing,refunded,2026-03-09,0,3.0,-12250.0,False,0.0
494e562d313030343635,INV-100465,ACC-7500,Wonka Corp,billing@wonka.com,APAC,Logistics,refunded,2023-06-23,0,5.0,-49000.0,False,0.0
494e562d313033343937,INV-103497,ACC-9380,Oscorp Industries,,LATAM,Media,paid,2026-12-09,0,5.0,672.75,False,672.75
494e562d313031383030,INV-101800,ACC-6100,Aperture Corp,billing@aperture.com,EMEA,Logistics,paid,2026-09-11,0,,74750.0,False,6229.166666666667
494e562d313030343231,INV-100421,ACC-4798,Hooli Inc,billing@hooli.com,APAC,Gaming,paid,2021-09-04,0,5.0,1196.0,False,1196.0
494e562d313032313338,INV-102138,ACC-9075,Wayne Ltd,billing@wayne.com,LATAM,Retail,paid,2024-07-27,0,5.0,2990.0,False,249.16666666666666
494e562d313031363436,INV-101646,ACC-8870,Initech Corp,billing@initech.com,LATAM,Education,paid,2021-12-03,1,,490.0,False,490.0
494e562d313030323837,INV-100287,ACC-8863,Umbrella Inc,billing@umbrella.com,,Energy,paid,2024-04-30,0,2.0,-145775.0,False,867.7083333333334
494e562d313032303236,INV-102026,ACC-7246,Soylent Holdings,billing@soylent.com,LATAM,,paid,2023-03-31,0,3.0,197580.25,False,12964.583333333334
494e562d313033393733,INV-103973,ACC-8452,Stark LLC,billing@stark.com,,Travel,paid,2023-10-07,0,5.0,94932.5,False,7911.041666666667
494e562d313031303437,INV-101047,ACC-4650,Aperture Holdings,billing@aperture.com,,Retail,paid,2025-06-04,1,5.0,348.75360000000006,False,322.92
494e562d313034353935,INV-104595,ACC-2522,Prestige Co,billing@prestige.com,APAC,Media,paid,2024-01-31,0,3.0,2450.0,False,2450.0
494e562d313030373739,INV-100779,ACC-4322,Soylent Corp,billing@soylent.com,,Fintech,paid,2022-05-21,0,,49500.0,False,4125.0
494e562d313030333937,INV-100397,ACC-5572,Initech Inc,,APAC,Retail,paid,2025-11-28,0,4.0,29900.0,False,29900.0
494e562d313031363230,INV-101620,ACC-7783,Prestige Corp,billing@prestige.com,APAC,Logistics,paid,2025-02-04,0,,7903.21,False,518.5833333333334
494e562d313030323939,INV-100299,ACC-6387,Pied Piper LLC,billing@pied.com,APAC,Manufacturing,paid,2025-10-02,1,3.0,841.5,False,841.5
494e562d313031393032,INV-101902,ACC-6831,Stark Industries,billing@stark.com,APAC,Healthcare,paid,2023-07-09,0,,1121.25,False,1121.25
494e562d313034353238,INV-104528,ACC-2498,Nakatomi Labs,billing@nakatomi.com,,Healthcare,paid,2026-02-14,1,2.0,-42865.200000000004,False,396.90000000000003
494e562d313033393034,INV-103904,ACC-7836,Umbrella Inc,billing@umbrella.com,,Media,paid,2023-10-22,0,5.0,24750.0,False,2062.5
494e562d313034393839,INV-104989,ACC-4415,Prestige Corp,billing@prestige.com,LATAM,Manufacturing,paid,2024-06-20,0,,-17820.0,False,61.875
494e562d313030383137,INV-100817,ACC-7857,Tyrell Partners,billing@tyrell.com,APAC,Manufacturing,paid,2025-11-22,1,4.0,285.76800000000003,False,264.6
494e562d313032353531,INV-102551,ACC-6860,Acme Inc,billing@acme.com,LATAM,Retail,paid,2023-02-12,0,5.0,12250.0,False,1020.8333333333334
494e562d313033303838,INV-103088,ACC-4478,Cyberdyne Co,,EMEA,,paid,2023-03-20,0,2.0,2990.0,False,2990.0
494e562d313031323731,INV-101271,ACC-6918,Globex Labs,billing@globex.com,APAC,,paid,2022-05-05,0,4.0,490.0,False,40.833333333333336
494e562d313032383436,INV-102846,ACC-1199,Wonka Inc,billing@wonka.com,LATAM,,paid,2022-02-20,0,,2450.0,False,204.16666666666666
494e562d313031383135,INV-101815,ACC-1000,Gekko Industries,billing@gekko.com,APAC,Education,paid,2023-10-31,1,5.0,1345.5,False,1345.5
494e562d313032323838,INV-102288,ACC-7035,Tyrell Partners,billing@tyrell.com,LATAM,Retail,paid,2023-04-12,0,2.0,792.0,False,792.0
494e562d313034343334,INV-104434,ACC-6916,Initech LLC,billing@initech.com,LATAM,Manufacturing,paid,2025-12-21,1,5.0,490.0,False,490.0
494e562d313030363530,INV-100650,ACC-6006,Cyberdyne Group,billing@cyberdyne.com,APAC,Media,paid,2024-05-08,0,4.0,117.6,False,117.6
494e562d313032333137,INV-102317,ACC-4592,Cyberdyne Partners,billing@cyberdyne.com,EMEA,Travel,paid,2024-12-10,0,,1225.0,False,1225.0
494e562d313032343534,INV-102454,ACC-1534,Umbrella Co,billing@umbrella.com,APAC,Gaming,paid,2022-03-13,0,3.0,12250.0,False,12250.0
494e562d313031313333,INV-101133,ACC-1625,Prestige LLC,billing@prestige.com,LATAM,Healthcare,paid,2023-08-18,1,5.0,2970.0,False,247.5
494e562d313034343731,INV-104471,ACC-2260,Cyberdyne Ltd,billing@cyberdyne.com,EMEA,Gaming,paid,2023-10-30,0,,8970.0,False,747.5
494e562d313031333035,INV-101305,ACC-3271,Umbrella Group,billing@umbrella.com,LATAM,,paid,2023-11-28,0,4.0,-191109.6,False,838.1999999999999
494e562d313031343133,INV-101413,ACC-6004,Umbrella Holdings,billing@umbrella.com,LATAM,Fintech,paid,2021-10-31,0,4.0,441.0,False,441.0
494e562d313034323938,INV-104298,ACC-6728,Aperture Industries,billing@aperture.com,EMEA,Energy,paid,2023-05-17,0,4.0,9900.0,False,9900.0
494e562d313034363232,INV-104622,ACC-6016,Tyrell Inc,billing@tyrell.com,LATAM,Gaming,paid,2024-07-13,1,5.0,4207.5,False,4207.5
494e562d313031393136,INV-101916,ACC-2711,Soylent Holdings,billing@soylent.com,APAC,Media,paid,2023-05-15,0,,-2205000.0,False,7656.25
494e562d313030333239,INV-100329,ACC-6210,Globex Corp,billing@globex.com,APAC,Manufacturing,paid,2023-09-19,1,4.0,14950.0,False,1245.8333333333333
494e562d313032313336,INV-102136,ACC-4640,Dunder Corp,billing@dunder.com,EMEA,Healthcare,paid,2024-02-21,0,5.0,747500.0,False,62291.666666666664
494e562d313034393033,INV-104903,ACC-4315,Tyrell Inc,billing@tyrell.com,EMEA,Travel,paid,2023-12-11,0,3.0,5346.0,False,5346.0
494e562d313031323734,INV-101274,ACC-2752,Globex Group,,APAC,Media,paid,2024-03-11,0,3.0,19758.025,False,1296.4583333333333
494e562d313032373539,INV-102759,ACC-2500,Gekko LLC,billing@gekko.com,EMEA,Energy,paid,2025-04-01,1,5.0,-88200.0,False,306.25
494e562d313033313633,INV-103163,ACC-9457,Umbrella Labs,billing@umbrella.com,APAC,Fintech,paid,2022-03-20,0,5.0,897.0,False,897.0
494e562d313031303334,INV-101034,ACC-4329,Stark Inc,billing@stark.com,LATAM,Healthcare,paid,2024-06-30,0,5.0,247500.0,False,20625.0
494e562d313032303030,INV-102000,ACC-6621,Soylent Industries,billing@soylent.com,APAC,Media,paid,2026-04-10,0,4.0,115.4736,False,106.92
494e562d313033393631,INV-103961,ACC-6957,Soylent Co,billing@soylent.com,LATAM,Media,paid,2022-11-09,0,1.0,147.0,False,147.0
494e562d313033313530,INV-103150,ACC-7236,Wayne Group,billing@wayne.com,,Manufacturing,paid,2024-11-15,0,5.0,9900.0,False,825.0
494e562d313032313035,INV-102105,ACC-1526,Dunder Labs,billing@dunder.com,,Media,paid,2021-04-14,1,5.0,5715.360000000001,False,441.0
494e562d313032323738,INV-102278,ACC-1136,Hooli Industries,billing@hooli.com,EMEA,Media,paid,2025-03-28,1,4.0,4900.0,False,4900.0
494e562d313030323338,INV-100238,ACC-1308,Umbrella LLC,billing@umbrella.com,,Healthcare,paid,2024-03-19,0,2.0,99.0,False,99.0
494e562d313030383433,INV-100843,ACC-5951,Hooli Holdings,billing@hooli.com,LATAM,,paid,2023-08-25,1,4.0,-220500.0,False,765.625
494e562d313032323037,INV-102207,ACC-7246,Acme Labs,billing@acme.com,EMEA,Logistics,paid,2026-01-27,1,5.0,2475.0,False,2475.0
494e562d313031383931,INV-101891,ACC-8931,Wayne Industries,billing@wayne.com,LATAM,,paid,2023-08-27,0,3.0,2475.0,False,2475.0
494e562d313034313034,INV-104104,ACC-2182,Gekko Industries,billing@gekko.com,EMEA,Healthcare,paid,2024-11-26,0,5.0,9900.0,False,825.0
494e562d313034313533,INV-104153,ACC-1477,Initech Industries,,EMEA,Manufacturing,paid,2023-01-28,1,1.0,2970.0,False,247.5
494e562d313033333634,INV-103364,ACC-5419,Tyrell Co,billing@tyrell.com,EMEA,Travel,paid,2025-09-03,0,1.0,57736.8,False,4455.0
494e562d313032383431,INV-102841,ACC-6620,Tyrell Ltd,billing@tyrell.com,EMEA,Media,paid,2023-05-24,0,4.0,5292.0,False,441.0
494e562d313032363737,INV-102677,ACC-4002,Vandelay Inc,,APAC,,paid,2022-12-21,0,4.0,94932.0,False,7911.0
494e562d313032323033,INV-102203,ACC-9268,Umbrella Corp,billing@umbrella.com,EMEA,Energy,paid,2024-01-15,0,1.0,2450.0,False,204.16666666666666
494e562d313030313638,INV-100168,ACC-2296,Aperture LLC,billing@aperture.com,LATAM,Education,paid,2025-09-07,0,4.0,14288.400000000001,False,1102.5
494e562d313033363431,INV-103641,ACC-5994,Soylent LLC,billing@soylent.com,EMEA,Retail,paid,2024-11-13,1,4.0,-198450.0,False,1837.5
494e562d313030383134,INV-100814,ACC-1764,Cyberdyne Partners,,APAC,Logistics,paid,2025-12-11,0,4.0,2450.0,False,2450.0
494e562d313032393639,INV-102969,ACC-4734,Hooli Labs,billing@hooli.com,LATAM,Education,paid,2022-04-19,0,3.0,-3969.0,False,36.75
494e562d313030393837,INV-100987,ACC-2319,Gekko Industries,billing@gekko.com,,Travel,paid,2026-10-31,0,5.0,1102.5,False,1102.5
494e562d313034313435,INV-104145,ACC-8610,Wayne Labs,billing@wayne.com,,Manufacturing,refunded,2023-04-11,0,5.0,-132300.0,False,0.0
494e562d313033383236,INV-103826,ACC-5652,Massive Dynamic Inc,billing@massive.com,EMEA,Healthcare,paid,2023-07-12,0,4.0,247500.0,False,20625.0
494e562d313033353232,INV-103522,ACC-9323,Globex Labs,billing@globex.com,EMEA,Fintech,refunded,2023-06-04,0,4.0,-992250.0,False,0.0
494e562d313034373736,INV-104776,ACC-9148,Prestige Partners,billing@prestige.com,,Media,paid,2025-03-17,0,,-19845.0,False,183.75
494e562d313030343430,INV-100440,ACC-7200,Prestige Corp,billing@prestige.com,EMEA,Education,paid,2024-01-16,0,4.0,2970.0,False,247.5
494e562d313031353736,INV-101576,ACC-9060,Vandelay Ltd,billing@vandelay.com,,Travel,paid,2025-06-28,0,5.0,490.0,False,40.833333333333336
494e562d313030393235,INV-100925,ACC-8185,Pied Piper Labs,billing@pied.com,APAC,,paid,2022-02-02,0,5.0,11025.0,False,11025.0
494e562d313031323037,INV-101207,ACC-6148,Stark Inc,billing@stark.com,LATAM,Media,refunded,2023-12-31,0,4.0,-2450.0,False,0.0
494e562d313034343937,INV-104497,ACC-8436,Acme Group,billing@acme.com,EMEA,Gaming,paid,2022-11-06,0,3.0,4900.0,False,408.3333333333333
494e562d313034373232,INV-104722,ACC-2249,Nakatomi Group,,LATAM,Fintech,paid,2023-04-20,0,5.0,142884.0,False,11025.0
494e562d313030303339,INV-100039,ACC-2627,Wonka Industries,billing@wonka.com,APAC,Manufacturing,paid,2023-10-22,0,5.0,-11362000.0,False,49833.333333333336
494e562d313033323436,INV-103246,ACC-4004,Dunder Inc,billing@dunder.com,APAC,Gaming,paid,2025-10-23,1,,9900.0,False,825.0
494e562d313034353634,INV-104564,ACC-5827,Soylent Holdings,billing@soylent.com,APAC,Travel,paid,2023-09-04,1,4.0,12250.0,False,12250.0
494e562d313030393838,INV-100988,ACC-5000,Stark Industries,billing@stark.com,,Retail,paid,2024-05-15,0,1.0,-589050.0,False,3506.25
494e562d313034323432,INV-104242,ACC-3594,Globex Labs,billing@globex.com,EMEA,Healthcare,paid,2025-03-31,0,4.0,4900.0,False,408.3333333333333
494e562d313031313635,INV-101165,ACC-5310,Oscorp Group,billing@oscorp.com,APAC,Retail,paid,2026-09-06,0,3.0,24750.0,False,24750.0
494e562d313031353033,INV-101503,ACC-3302,Prestige Corp,billing@prestige.com,EMEA,,paid,2025-11-17,0,4.0,12250.0,False,12250.0
494e562d313033333438,INV-103348,ACC-9241,Prestige Partners,billing@prestige.com,,Education,paid,2022-07-13,0,5.0,747500.0,False,62291.666666666664
494e562d313032333838,INV-102388,ACC-7791,Pied Piper Ltd,billing@pied.com,EMEA,Media,paid,2021-10-09,0,2.0,12250.0,False,1020.8333333333334
494e562d313034373431,INV-104741,ACC-2609,Wayne Group,,EMEA,Retail,paid,2022-04-22,1,1.0,29900.0,False,2491.6666666666665
494e562d313033333630,INV-103360,ACC-9255,Cyberdyne Corp,,APAC,Education,paid,2023-09-30,1,2.0,29900.0,False,2491.6666666666665
494e562d313030393737,INV-100977,ACC-8121,Globex Ltd,billing@globex.com,,Travel,paid,2023-04-21,0,1.0,792.0,False,792.0
494e562d313032323636,INV-102266,ACC-5105,Prestige Labs,billing@prestige.com,APAC,Logistics,paid,2024-05-13,0,3.0,1960.0,False,1960.0
494e562d313032303537,INV-102057,ACC-2936,Vandelay Inc,billing@vandelay.com,,Manufacturing,paid,2022-07-17,0,4.0,529.2,False,529.2
494e562d313033373038,INV-103708,ACC-3799,Oscorp Group,billing@oscorp.com,APAC,Media,paid,2025-01-13,1,5.0,106.92,False,106.92
494e562d313032343137,INV-102417,ACC-1574,Aperture Holdings,billing@aperture.com,LATAM,Fintech,paid,2023-09-15,0,5.0,74750.0,False,6229.166666666667
494e562d313033363932,INV-103692,ACC-6140,Massive Dynamic LLC,billing@massive.com,EMEA,Manufacturing,paid,2024-05-29,1,5.0,2450.0,False,2450.0
494e562d313033393735,INV-103975,ACC-6867,Dunder LLC,billing@dunder.com,APAC,Education,paid,2025-10-21,1,5.0,4950.0,False,4950.0
494e562d313030333234,INV-100324,ACC-9351,Umbrella Co,billing@umbrella.com,EMEA,Education,paid,2024-04-08,0,2.0,-952560.0,False,3307.5
494e562d313034363635,INV-104665,ACC-2253,Umbrella Corp,billing@umbrella.com,EMEA,Education,paid,2025-04-17,0,2.0,-72657.0,False,672.75
494e562d313034373932,INV-104792,ACC-4486,Umbrella Corp,billing@umbrella.com,APAC,Travel,paid,2024-10-15,0,3.0,29900.0,False,29900.0
494e562d313033393139,INV-103919,ACC-6757,Nakatomi Holdings,billing@nakatomi.com,EMEA,Media,paid,2023-08-13,0,3.0,99000.0,False,8250.0
494e562d313033393238,INV-103928,ACC-6177,Wayne Inc,billing@wayne.com,,Media,paid,2023-01-11,0,3.0,9900.0,False,9900.0
494e562d313032393531,INV-102951,ACC-6909,Oscorp Industries,billing@oscorp.com,LATAM,,paid,2023-01-22,1,4.0,11391.9,False,949.3249999999999
494e562d313030353930,INV-100590,ACC-5066,Aperture Partners,billing@aperture.com,LATAM,Education,refunded,2022-05-15,0,3.0,-28584.0,False,0.0
494e562d313034333836,INV-104386,ACC-9827,Gekko Holdings,billing@gekko.com,,Education,refunded,2024-10-31,0,3.0,-1272348.0,False,0.0
494e562d313031343035,INV-101405,ACC-5539,Dunder Ltd,billing@dunder.com,,Media,paid,2024-04-30,0,5.0,174376.80000000002,False,13455.0
494e562d313031333538,INV-101358,ACC-9267,Wonka Inc,billing@wonka.com,LATAM,Gaming,paid,2023-11-30,1,5.0,2990.0,False,2990.0
494e562d313030393538,INV-100958,ACC-2647,Aperture Inc,billing@aperture.com,,Education,paid,2022-10-23,1,5.0,495.0,False,495.0
494e562d313033353231,INV-103521,ACC-5854,Wayne Labs,billing@wayne.com,,Education,paid,2021-07-18,0,3.0,571.5360000000001,False,529.2
494e562d313031313931,INV-101191,ACC-4106,Tyrell Partners,billing@tyrell.com,,Retail,paid,2022-03-08,0,4.0,-29155.0,False,173.54166666666666
494e562d313030343433,INV-100443,ACC-8268,Wonka Partners,billing@wonka.com,LATAM,Healthcare,refunded,2021-05-31,0,4.0,-32292.0,False,0.0
494e562d313033373034,INV-103704,ACC-3874,Initech Partners,billing@initech.com,,Manufacturing,paid,2022-09-03,0,4.0,67.18299999999999,False,52.9
494e562d313032383039,INV-102809,ACC-4482,Pied Piper Holdings,billing@pied.com,,Retail,paid,2024-08-04,0,1.0,-2691000.0,False,9343.75
494e562d313030333139,INV-100319,ACC-4662,Nakatomi Group,billing@nakatomi.com,,,paid,2023-04-04,0,4.0,132.3,False,132.3
494e562d313032383235,INV-102825,ACC-4697,Umbrella Co,billing@umbrella.com,APAC,Travel,paid,2022-10-14,0,2.0,4900.0,False,4900.0
494e562d313032363837,INV-102687,ACC-7180,Wonka Corp,billing@wonka.com,LATAM,Fintech,paid,2023-02-16,1,,441.0,False,441.0
494e562d313031383037,INV-101807,ACC-1943,Oscorp Corp,billing@oscorp.com,LATAM,Travel,paid,2025-03-17,0,4.0,1225.0,False,1225.0
494e562d313033393530,INV-103950,ACC-4247,Pied Piper LLC,billing@pied.com,,Retail,paid,2026-01-04,1,4.0,14950.0,False,14950.0
494e562d313030353738,INV-100578,ACC-1868,Globex Co,billing@globex.com,,Education,paid,2024-06-19,1,1.0,-214326.0,False,1984.5
494e562d313030383339,INV-100839,ACC-1717,Acme Group,billing@acme.com,APAC,Manufacturing,paid,2023-10-26,0,5.0,99.0,False,99.0
494e562d313033343139,INV-103419,ACC-9307,Tyrell Inc,billing@tyrell.com,LATAM,Media,paid,2024-09-30,1,4.0,990.0,False,82.5
494e562d313032393631,INV-102961,ACC-6409,Pied Piper Inc,billing@pied.com,,Gaming,paid,2025-10-26,0,5.0,49.0,False,49.0
494e562d313031323536,INV-101256,ACC-5768,Hooli Corp,billing@hooli.com,APAC,Healthcare,paid,2024-04-13,0,5.0,24750.0,False,2062.5
494e562d313030353436,INV-100546,ACC-9287,Umbrella Ltd,billing@umbrella.com,EMEA,Education,paid,2024-11-25,0,1.0,24500.0,False,2041.6666666666667
494e562d313030313737,INV-100177,ACC-3525,Pied Piper Ltd,billing@pied.com,,Travel,paid,2022-03-24,0,,-589050.0,False,3506.25
494e562d313031373130,INV-101710,ACC-2842,Soylent LLC,billing@soylent.com,APAC,Travel,paid,2022-07-30,1,,990.0,False,990.0
494e562d313034303934,INV-104094,ACC-7338,Wonka LLC,,APAC,Gaming,paid,2023-09-13,1,4.0,-804384.0,False,3528.0
494e562d313030373038,INV-100708,ACC-4007,Vandelay Holdings,,EMEA,Energy,paid,2023-08-17,0,,264.6,False,264.6
494e562d313031383139,INV-101819,ACC-5823,Acme Ltd,billing@acme.com,,,paid,2022-11-20,0,4.0,14950.0,False,1245.8333333333333
494e562d313034393333,INV-104933,ACC-2765,Globex Partners,billing@globex.com,EMEA,Healthcare,paid,2022-10-24,0,2.0,1837.5,False,1837.5
494e562d313031303737,INV-101077,ACC-8577,Wonka Industries,billing@wonka.com,LATAM,Retail,paid,2024-09-02,0,4.0,2970.0,False,247.5
494e562d313031323637,INV-101267,ACC-7584,Nakatomi Group,billing@nakatomi.com,LATAM,Retail,paid,2022-03-12,0,3.0,-15048.0,False,66.0
494e562d313030313437,INV-100147,ACC-8523,Soylent Inc,billing@soylent.com,APAC,Retail,paid,2024-10-30,0,,297.0,False,297.0
494e562d313032313830,INV-102180,ACC-3142,Nakatomi Holdings,billing@nakatomi.com,EMEA,Retail,paid,2022-08-28,0,4.0,245.0,False,245.0
494e562d313034363039,INV-104609,ACC-6001,Initech Group,billing@initech.com,APAC,Manufacturing,paid,2023-04-13,0,3.0,-39690.0,False,367.5
494e562d313034383837,INV-104887,ACC-4669,Acme Holdings,billing@acme.com,EMEA,Fintech,paid,2027-03-05,0,,990.0,False,990.0
494e562d313034313733,INV-104173,ACC-4616,Acme Group,billing@acme.com,EMEA,Healthcare,paid,2025-04-12,0,5.0,9900.0,False,825.0
494e562d313030333035,INV-100305,ACC-2035,Cyberdyne Group,billing@cyberdyne.com,EMEA,Manufacturing,paid,2025-01-17,0,5.0,245.0,False,245.0
494e562d313030353536,INV-100556,ACC-2989,Gekko Industries,billing@gekko.com,,Travel,paid,2022-07-04,1,3.0,9900.0,False,9900.0
494e562d313030353337,INV-100537,ACC-5180,Initech Ltd,billing@initech.com,EMEA,Media,paid,2024-02-09,0,2.0,2646.0,False,220.5
494e562d313034343134,INV-104414,ACC-8735,Umbrella Group,billing@umbrella.com,LATAM,Logistics,paid,2025-02-13,1,5.0,990.0,False,990.0
494e562d313031383131,INV-101811,ACC-9091,Globex Inc,billing@globex.com,EMEA,Energy,paid,2024-08-19,0,5.0,1069.2,False,1069.2
494e562d313033363438,INV-103648,ACC-1844,Oscorp Holdings,billing@oscorp.com,LATAM,Energy,paid,2021-11-19,0,,-6297.48,False,37.485
494e562d313033343931,INV-103491,ACC-1843,Wonka Inc,billing@wonka.com,LATAM,Healthcare,paid,2023-04-17,0,5.0,14950.0,False,1245.8333333333333
494e562d313034323331,INV-104231,ACC-9597,Cyberdyne Industries,billing@cyberdyne.com,LATAM,Fintech,paid,2023-02-19,0,2.0,49000.0,False,4083.3333333333335
494e562d313033333930,INV-103390,ACC-6854,Tyrell Labs,billing@tyrell.com,EMEA,Media,paid,2022-11-03,0,,-72657.0,False,672.75
494e562d313030323031,INV-100201,ACC-3446,Umbrella Holdings,billing@umbrella.com,LATAM,Retail,paid,2024-03-13,0,2.0,49.0,False,49.0
494e562d313033363534,INV-103654,ACC-5011,Initech Industries,billing@initech.com,LATAM,Gaming,paid,2026-02-19,0,5.0,155575.0,False,12964.583333333334
494e562d313033313838,INV-103188,ACC-4553,Tyrell Ltd,billing@tyrell.com,APAC,,paid,2022-11-20,0,5.0,122500.0,False,10208.333333333334
494e562d313031363038,INV-101608,ACC-8478,Tyrell Inc,billing@tyrell.com,APAC,Manufacturing,paid,2024-01-04,0,3.0,14950.0,False,1245.8333333333333
494e562d313032383730,INV-102870,ACC-6841,Initech Group,billing@initech.com,LATAM,Fintech,paid,2024-09-04,1,,790.3209999999999,False,622.3
494e562d313030363430,INV-100640,ACC-3077,Initech Ltd,billing@initech.com,EMEA,Logistics,paid,2022-09-30,0,4.0,26730.0,False,26730.0
494e562d313034363932,INV-104692,ACC-9282,Oscorp LLC,billing@oscorp.com,EMEA,Energy,paid,2025-09-22,0,2.0,11547.36,False,891.0
494e562d313030313636,INV-100166,ACC-8081,Wonka Ltd,billing@wonka.com,,Education,paid,2025-12-26,0,4.0,1614.6,False,1614.6
494e562d313033333038,INV-103308,ACC-8646,Gekko Group,billing@gekko.com,APAC,Manufacturing,paid,2023-07-02,0,4.0,2990.0,False,249.16666666666666
494e562d313031363434,INV-101644,ACC-2690,Cyberdyne Holdings,billing@cyberdyne.com,EMEA,,paid,2024-05-30,0,3.0,-583100.0,False,3470.8333333333335
494e562d313030373837,INV-100787,ACC-4411,Vandelay Industries,billing@vandelay.com,,Media,paid,2026-03-03,0,1.0,99000.0,False,8250.0
494e562d313030343534,INV-100454,ACC-5589,Pied Piper Group,billing@pied.com,LATAM,Fintech,paid,2022-11-27,0,2.0,14950.0,False,14950.0
494e562d313030393038,INV-100908,ACC-7427,Oscorp Labs,billing@oscorp.com,EMEA,Healthcare,paid,2021-10-23,0,4.0,1470.0,False,122.5
494e562d313033383337,INV-103837,ACC-3738,Soylent Ltd,billing@soylent.com,,Energy,paid,2026-01-16,0,4.0,24500.0,False,2041.6666666666667
494e562d313033323230,INV-103220,ACC-1089,Stark LLC,billing@stark.com,EMEA,Energy,paid,2023-03-14,0,3.0,775.0,False,775.0
494e562d313031343638,INV-101468,ACC-9224,Massive Dynamic Partners,billing@massive.com,EMEA,Gaming,paid,2025-12-20,0,5.0,-219909.23760000002,False,759.46
494e562d313033303832,INV-103082,ACC-7674,Vandelay Holdings,,EMEA,Gaming,refunded,2024-01-31,0,2.0,-11547.36,False,0.0
494e562d313031343339,INV-101439,ACC-7513,Massive Dynamic Inc,billing@massive.com,APAC,Travel,paid,2026-03-27,0,3.0,52.92,False,52.92
494e562d313030343935,INV-100495,ACC-3618,Wayne LLC,billing@wayne.com,,Fintech,paid,2025-11-03,0,4.0,14950.0,False,1245.8333333333333
494e562d313031303636,INV-101066,ACC-5617,Cyberdyne Ltd,billing@cyberdyne.com,LATAM,Manufacturing,paid,2025-07-15,0,3.0,52.92,False,52.92
494e562d313031313934,INV-101194,ACC-4512,Globex Group,billing@globex.com,EMEA,Education,paid,2024-02-08,0,4.0,245.0,False,245.0
494e562d313030353630,INV-100560,ACC-5671,Acme Inc,billing@acme.com,EMEA,Retail,paid,2025-04-10,1,5.0,132.3,False,132.3
494e562d313030313033,INV-100103,ACC-7322,Wonka Co,billing@wonka.com,,,paid,2025-12-23,1,5.0,186.69,False,186.69
494e562d313030343937,INV-100497,ACC-7844,Pied Piper Inc,billing@pied.com,APAC,Retail,refunded,2022-01-30,0,4.0,-3797.0,False,0.0
494e562d313032373633,INV-102763,ACC-9609,Wayne Holdings,billing@wayne.com,APAC,,paid,2023-03-23,0,4.0,2970.0,False,247.5
494e562d313034313532,INV-104152,ACC-6906,Tyrell Industries,billing@tyrell.com,LATAM,Energy,paid,2027-03-31,0,1.0,74750.0,False,74750.0
494e562d313033373834,INV-103784,ACC-9387,Globex Partners,billing@globex.com,LATAM,Energy,paid,2025-05-04,0,1.0,-84747.1248,False,726.57
494e562d313034323637,INV-104267,ACC-3741,Cyberdyne Co,billing@cyberdyne.com,APAC,,paid,2021-07-15,0,4.0,-58310.0,False,347.0833333333333
494e562d313031303732,INV-101072,ACC-6277,Umbrella Corp,billing@umbrella.com,APAC,Gaming,paid,2025-03-15,0,,24500.0,False,2041.6666666666667
494e562d313031353432,INV-101542,ACC-1890,Vandelay Labs,,,Education,paid,2022-11-30,0,4.0,4900.0,False,408.3333333333333
494e562d313031313437,INV-101147,ACC-9913,Gekko Corp,billing@gekko.com,EMEA,Education,paid,2025-09-27,1,3.0,4900.0,False,408.3333333333333
494e562d313033363937,INV-103697,ACC-7467,Stark Partners,billing@stark.com,,Manufacturing,paid,2022-01-09,0,5.0,14950.0,False,1245.8333333333333
494e562d313031313937,INV-101197,ACC-9533,Initech LLC,billing@initech.com,APAC,Gaming,paid,2023-08-18,0,,2672.0,False,2672.0
494e562d313033313539,INV-103159,ACC-2059,Vandelay Ltd,billing@vandelay.com,APAC,Education,paid,2023-01-01,0,,-577189.6,True,2531.5333333333333
494e562d313032383630,INV-102860,ACC-1480,Cyberdyne Ltd,billing@cyberdyne.com,APAC,Energy,paid,2022-04-19,0,3.0,8970.0,False,747.5
494e562d313032373037,INV-102707,ACC-6105,Umbrella Industries,billing@umbrella.com,EMEA,Education,paid,2024-10-08,1,4.0,1470.0,False,122.5
494e562d313031323730,INV-101270,ACC-5289,Soylent Ltd,billing@soylent.com,EMEA,Fintech,paid,2024-03-03,0,5.0,-1210950.0,False,11212.5
494e562d313034343936,INV-104496,ACC-7108,Nakatomi Industries,billing@nakatomi.com,EMEA,Gaming,paid,2024-05-04,0,2.0,10692.0,False,891.0
494e562d313032303532,INV-102052,ACC-1987,Gekko Group,billing@gekko.com,EMEA,Travel,paid,2025-03-30,1,5.0,34875.36,False,32292.0
494e562d313031383934,INV-101894,ACC-8105,Gekko Group,billing@gekko.com,LATAM,Manufacturing,paid,2026-04-02,0,5.0,161460.0,False,13455.0
494e562d313033323936,INV-103296,ACC-1705,Aperture Ltd,billing@aperture.com,,Travel,paid,2025-06-26,0,,4950.0,False,4950.0
494e562d313033303532,INV-103052,ACC-4781,Dunder Corp,billing@dunder.com,LATAM,Energy,paid,2026-09-07,0,5.0,4900.0,False,408.3333333333333
494e562d313034323039,INV-104209,ACC-5816,Prestige Ltd,billing@prestige.com,LATAM,Travel,paid,2024-07-08,0,5.0,124.95,False,124.95
494e562d313031303637,INV-101067,ACC-7236,Soylent Labs,billing@soylent.com,,Healthcare,paid,2023-10-03,0,2.0,990.0,False,990.0
494e562d313032383438,INV-102848,ACC-6182,Pied Piper Holdings,billing@pied.com,APAC,Travel,paid,2024-12-21,0,3.0,49.0,False,49.0
494e562d313031333937,INV-101397,ACC-3931,Aperture Labs,billing@aperture.com,LATAM,Fintech,paid,2025-10-09,0,5.0,-7062260.4,False,60547.5
494e562d313032363637,INV-102667,ACC-3126,Dunder Ltd,billing@dunder.com,,Media,paid,2026-02-24,1,,245.0,False,245.0
494e562d313032353436,INV-102546,ACC-2105,Umbrella Inc,billing@umbrella.com,LATAM,Energy,paid,2025-02-26,0,5.0,9900.0,False,9900.0
494e562d313030363636,INV-100666,ACC-9879,Stark Holdings,,APAC,Retail,paid,2023-10-23,0,5.0,801.9,False,801.9
494e562d313033333139,INV-103319,ACC-5851,Vandelay Co,billing@vandelay.com,APAC,,paid,2022-04-15,0,4.0,-20403.8352,False,112.455
494e562d313031313836,INV-101186,ACC-1135,Cyberdyne Corp,billing@cyberdyne.com,EMEA,Media,paid,2025-08-28,0,4.0,10692.0,False,891.0
494e562d313034323236,INV-104226,ACC-7571,Globex Labs,billing@globex.com,APAC,Retail,paid,2026-05-27,0,,4900.0,False,408.3333333333333
494e562d313033383730,INV-103870,ACC-5398,Vandelay Industries,billing@vandelay.com,LATAM,,refunded,2025-02-28,0,5.0,-99000.0,False,0.0
494e562d313033363933,INV-103693,ACC-6640,Wayne Corp,,LATAM,Healthcare,paid,2023-08-17,0,5.0,89.1,False,89.1
494e562d313030323733,INV-100273,ACC-9805,Initech Inc,billing@initech.com,APAC,Education,paid,2025-01-04,1,5.0,2450.0,False,204.16666666666666
494e562d313033303630,INV-103060,ACC-8158,Nakatomi LLC,billing@nakatomi.com,EMEA,Energy,paid,2021-11-20,1,1.0,-53472.0,False,185.66666666666666
494e562d313032323036,INV-102206,ACC-6370,Soylent Group,billing@soylent.com,APAC,Fintech,paid,2026-06-13,0,5.0,1225.0,False,1225.0
494e562d313032373734,INV-102774,ACC-3384,Acme Inc,billing@acme.com,,Manufacturing,paid,2022-01-12,0,1.0,449.82,False,449.82
494e562d313030363032,INV-100602,ACC-4765,Cyberdyne Inc,billing@cyberdyne.com,LATAM,Gaming,paid,2025-11-08,0,2.0,49500.0,False,4125.0
494e562d313034353035,INV-104505,ACC-2954,Oscorp Group,billing@oscorp.com,,Education,paid,2023-07-17,0,3.0,23920.0,False,23920.0
494e562d313034373931,INV-104791,ACC-2528,Gekko Co,billing@gekko.com,EMEA,Education,paid,2023-07-23,0,2.0,897.0,False,897.0
494e562d313030303937,INV-100097,ACC-2923,Initech Co,billing@initech.com,APAC,Media,paid,2022-12-06,0,4.0,-117810.0,False,701.25
494e562d313033313234,INV-103124,ACC-1662,Massive Dynamic Holdings,billing@massive.com,EMEA,Gaming,refunded,2024-09-25,1,4.0,-3675.0,False,0.0
494e562d313033353530,INV-103550,ACC-9286,Cyberdyne Industries,billing@cyberdyne.com,,Energy,paid,2024-02-11,0,5.0,29900.0,False,29900.0
494e562d313030323136,INV-100216,ACC-5961,Tyrell Industries,billing@tyrell.com,LATAM,Healthcare,paid,2023-07-18,1,4.0,1470.0,False,122.5
494e562d313032383138,INV-102818,ACC-5405,Acme Industries,billing@acme.com,APAC,Education,paid,2026-08-06,0,4.0,186.69,False,186.69
494e562d313031303833,INV-101083,ACC-2850,Nakatomi Ltd,billing@nakatomi.com,APAC,Logistics,paid,2023-12-26,0,5.0,8970.0,False,747.5
494e562d313033313333,INV-103133,ACC-4749,Initech Industries,billing@initech.com,APAC,Gaming,paid,2023-04-14,0,3.0,18986.5,False,18986.5
494e562d313033333632,INV-103362,ACC-5511,Initech Partners,billing@initech.com,EMEA,Logistics,paid,2025-10-27,0,3.0,49000.0,False,4083.3333333333335
494e562d313030393136,INV-100916,ACC-3367,Tyrell LLC,billing@tyrell.com,APAC,Gaming,refunded,2024-12-07,0,4.0,-280034.88,False,0.0
494e562d313032393738,INV-102978,ACC-8897,Nakatomi Inc,,,Travel,paid,2023-11-18,1,1.0,-75240.0,False,330.0
494e562d313033393332,INV-103932,ACC-5563,Gekko Labs,,EMEA,Education,paid,2022-11-10,0,4.0,285.76800000000003,False,264.6
494e562d313033333738,INV-103378,ACC-6001,Prestige LLC,billing@prestige.com,,Manufacturing,paid,2021-07-17,0,3.0,24750.0,False,24750.0
494e562d313033343630,INV-103460,ACC-8101,Acme Partners,billing@acme.com,LATAM,Gaming,paid,2023-02-21,0,4.0,495.0,False,495.0
494e562d313033383036,INV-103806,ACC-2801,Dunder Partners,billing@dunder.com,EMEA,Travel,paid,2022-02-27,0,2.0,197580.25,False,12964.583333333334
494e562d313031393236,INV-101926,ACC-4150,Globex Partners,billing@globex.com,EMEA,Media,paid,2024-10-26,0,,37973.0,False,3164.4166666666665
494e562d313030353430,INV-100540,ACC-9576,Aperture Holdings,billing@aperture.com,,Logistics,paid,2022-12-31,0,4.0,-15693912.0,False,50456.25
494e562d313032383237,INV-102827,ACC-1707,Aperture LLC,billing@aperture.com,,Healthcare,paid,2024-08-19,0,5.0,4900.0,False,4900.0
494e562d313031333431,INV-101341,ACC-3861,Dunder Co,billing@dunder.com,LATAM,Manufacturing,refunded,2022-07-07,0,5.0,-3487.536,False,0.0
494e562d313031353338,INV-101538,ACC-8084,Acme Co,billing@acme.com,APAC,Logistics,paid,2026-01-28,0,4.0,52920.0,False,4410.0
494e562d313033373639,INV-103769,ACC-7890,Cyberdyne Labs,billing@cyberdyne.com,APAC,Education,paid,2024-07-09,0,4.0,5346.0,False,445.5
494e562d313033393938,INV-103998,ACC-6156,Wonka Inc,billing@wonka.com,LATAM,Fintech,paid,2025-08-05,0,,1470.0,False,122.5
494e562d313030343733,INV-100473,ACC-5074,Tyrell Industries,billing@tyrell.com,EMEA,Energy,paid,2025-11-19,0,4.0,-107163.0,False,992.25
494e562d313030363033,INV-100603,ACC-8333,Prestige Labs,billing@prestige.com,LATAM,Gaming,paid,2024-08-15,0,5.0,17782.2225,False,14001.75
494e562d313030363832,INV-100682,ACC-6925,Aperture Industries,billing@aperture.com,APAC,Retail,paid,2024-01-09,0,3.0,4900.0,False,408.3333333333333
494e562d313031393338,INV-101938,ACC-2268,Umbrella Industries,billing@umbrella.com,EMEA,Energy,paid,2023-09-27,0,,392.0,False,392.0
494e562d313032373636,INV-102766,ACC-3346,Hooli Ltd,,APAC,Healthcare,paid,2024-12-24,0,3.0,-291550.0,False,1735.4166666666667
494e562d313031363833,INV-101683,ACC-4978,Gekko Labs,,LATAM,Manufacturing,paid,2024-09-23,0,,74750.0,False,74750.0
494e562d313032363538,INV-102658,ACC-6517,Nakatomi LLC,billing@nakatomi.com,,Energy,paid,2026-11-05,1,,29900.0,False,2491.6666666666665
494e562d313031323539,INV-101259,ACC-1846,Globex Corp,billing@globex.com,EMEA,Travel,paid,2024-10-16,0,2.0,9900.0,False,825.0
494e562d313034303439,INV-104049,ACC-1518,Vandelay Corp,billing@vandelay.com,,Retail,paid,2022-10-16,0,,4900.0,False,408.3333333333333
494e562d313031353232,INV-101522,ACC-4220,Oscorp Holdings,billing@oscorp.com,APAC,Travel,paid,2025-07-12,0,3.0,1154.736,False,89.10000000000001
494e562d313031303238,INV-101028,ACC-7937,Hooli LLC,billing@hooli.com,APAC,Manufacturing,paid,2025-01-12,0,4.0,-3435339.6000000006,False,18933.75
494e562d313032373438,INV-102748,ACC-2870,Oscorp Co,,LATAM,Education,paid,2021-12-07,0,3.0,49000.0,False,4083.3333333333335
494e562d313034333431,INV-104341,ACC-9862,Pied Piper Co,billing@pied.com,APAC,,paid,2022-10-14,0,5.0,466.73,False,466.73
494e562d313030353639,INV-100569,ACC-4616,Gekko Corp,billing@gekko.com,EMEA,Travel,refunded,2024-05-17,0,5.0,-2475.0,False,0.0
494e562d313030303330,INV-100030,ACC-5719,Prestige Corp,billing@prestige.com,,Energy,paid,2024-04-15,1,4.0,7112.889,False,5600.7
494e562d313030303634,INV-100064,ACC-6228,Prestige LLC,billing@prestige.com,APAC,Manufacturing,paid,2024-01-16,0,,-58310.0,False,347.0833333333333
494e562d313032383737,INV-102877,ACC-5456,Tyrell LLC,billing@tyrell.com,,Energy,paid,2022-10-08,0,5.0,10692.0,False,10692.0
494e562d313033313831,INV-103181,ACC-7462,Stark Co,billing@stark.com,LATAM,Energy,paid,2022-04-18,0,4.0,44.1,False,44.1
494e562d313034313032,INV-104102,ACC-1505,Prestige LLC,billing@prestige.com,APAC,Logistics,paid,2022-07-28,0,1.0,-145775.0,False,867.7083333333334
494e562d313033363330,INV-103630,ACC-5816,Wonka Partners,billing@wonka.com,EMEA,Healthcare,paid,2024-02-03,1,5.0,24500.0,False,2041.6666666666667
494e562d313033303639,INV-103069,ACC-7395,Aperture Partners,billing@aperture.com,LATAM,Travel,paid,2026-08-27,0,4.0,-2272400.0,False,9966.666666666666
494e562d313030393339,INV-100939,ACC-9433,Nakatomi Co,billing@nakatomi.com,,Energy,paid,2023-04-19,0,5.0,224.25,False,224.25
494e562d313031303631,INV-101061,ACC-3206,Acme Inc,billing@acme.com,LATAM,Healthcare,paid,2022-05-29,0,2.0,24500.0,False,2041.6666666666667
494e562d313033333934,INV-103394,ACC-4264,Nakatomi Industries,billing@nakatomi.com,EMEA,Manufacturing,refunded,2023-10-08,0,1.0,-132300.0,False,0.0
494e562d313030393133,INV-100913,ACC-8839,Umbrella Labs,billing@umbrella.com,EMEA,Healthcare,paid,2022-10-04,1,5.0,9900.0,False,9900.0
494e562d313030313239,INV-100129,ACC-2166,Massive Dynamic Partners,billing@massive.com,EMEA,Logistics,paid,2023-01-31,0,5.0,12250.0,False,12250.0
494e562d313034393934,INV-104994,ACC-5873,Globex Corp,billing@globex.com,EMEA,Education,paid,2023-06-08,1,2.0,7475.0,False,7475.0
494e562d313030323235,INV-100225,ACC-7662,Prestige Inc,billing@prestige.com,LATAM,Energy,paid,2023-11-18,0,5.0,74750.0,False,6229.166666666667
494e562d313032303939,INV-102099,ACC-7569,Hooli Labs,billing@hooli.com,APAC,,paid,2022-10-26,0,4.0,80730.0,False,80730.0
494e562d313032343333,INV-102433,ACC-7664,Wonka Group,billing@wonka.com,APAC,Logistics,paid,2024-01-14,0,4.0,4900.0,False,408.3333333333333
494e562d313033333434,INV-103344,ACC-3163,Dunder Ltd,billing@dunder.com,EMEA,Logistics,paid,2025-03-12,0,4.0,4900.0,False,408.3333333333333
494e562d313034373438,INV-104748,ACC-3832,Aperture Holdings,billing@aperture.com,LATAM,Gaming,paid,2023-09-21,0,2.0,15967.710000000001,False,1047.75
494e562d313034303132,INV-104012,ACC-8687,Dunder Inc,billing@dunder.com,EMEA,,paid,2024-10-21,0,4.0,158.76,False,158.76
494e562d313032353635,INV-102565,ACC-9017,Soylent Inc,billing@soylent.com,LATAM,Travel,paid,2023-10-04,1,5.0,9800.0,False,9800.0
494e562d313032373733,INV-102773,ACC-6044,Stark Holdings,billing@stark.com,LATAM,,paid,2024-12-18,0,,990.0,False,82.5
494e562d313033303237,INV-103027,ACC-6206,Tyrell Holdings,billing@tyrell.com,LATAM,Retail,paid,2024-06-07,0,5.0,12250.0,False,1020.8333333333334
494e562d313034383339,INV-104839,ACC-5954,Aperture Co,billing@aperture.com,,,paid,2024-02-28,0,5.0,2103.75,False,2103.75
494e562d313034373532,INV-104752,ACC-4234,Vandelay Inc,billing@vandelay.com,APAC,Travel,paid,2023-07-31,0,5.0,1025.27,False,1025.27
494e562d313031303532,INV-101052,ACC-1314,Massive Dynamic Labs,billing@massive.com,,Energy,paid,2022-10-22,0,5.0,2450.0,False,204.16666666666666
494e562d313032383530,INV-102850,ACC-5289,Vandelay Group,billing@vandelay.com,,Energy,paid,2022-04-29,1,5.0,495.0,False,495.0
494e562d313030383033,INV-100803,ACC-3765,Massive Dynamic Labs,billing@massive.com,LATAM,Fintech,paid,2027-05-05,0,3.0,-43302.6,False,400.95
494e562d313030343336,INV-100436,ACC-4999,Gekko Partners,billing@gekko.com,APAC,Media,paid,2026-11-08,0,4.0,747500.0,False,62291.666666666664
494e562d313032373034,INV-102704,ACC-4639,Wayne Industries,billing@wayne.com,,Logistics,paid,2024-07-06,0,5.0,9900.0,False,825.0
494e562d313032343531,INV-102451,ACC-2595,Umbrella Inc,billing@umbrella.com,LATAM,Education,paid,2025-08-07,1,3.0,3229.2,False,269.09999999999997
494e562d313032363130,INV-102610,ACC-3976,Oscorp Corp,billing@oscorp.com,LATAM,Energy,paid,2024-10-01,0,4.0,2450.0,False,2450.0
494e562d313034353136,INV-104516,ACC-1236,Aperture LLC,billing@aperture.com,EMEA,Energy,refunded,2023-05-27,0,4.0,-2990.0,False,0.0
494e562d313034363533,INV-104653,ACC-4435,Vandelay Industries,billing@vandelay.com,EMEA,Fintech,paid,2024-03-08,0,,4900.0,False,408.3333333333333
494e562d313032303639,INV-102069,ACC-1904,Wayne Co,,EMEA,Manufacturing,paid,2024-08-17,0,4.0,1225.0,False,1225.0
494e562d313031323930,INV-101290,ACC-3011,Dunder LLC,billing@dunder.com,EMEA,Energy,paid,2025-06-17,0,4.0,299.0,False,299.0
494e562d313030353734,INV-100574,ACC-9907,Globex Ltd,billing@globex.com,EMEA,Manufacturing,paid,2024-01-31,1,,74750.0,False,74750.0
494e562d313031333432,INV-101342,ACC-4809,Wonka Partners,billing@wonka.com,EMEA,Manufacturing,paid,2024-09-05,1,3.0,1225.0,False,1225.0
494e562d313031363032,INV-101602,ACC-3732,Prestige Industries,billing@prestige.com,EMEA,Healthcare,paid,2023-06-22,0,5.0,490.0,False,40.833333333333336
494e562d313034323539,INV-104259,ACC-1321,Wonka Group,billing@wonka.com,LATAM,Logistics,paid,2024-01-05,0,2.0,2990.0,False,2990.0
494e562d313033313730,INV-103170,ACC-4392,Gekko Industries,billing@gekko.com,,Retail,paid,2021-06-10,0,5.0,-1779050.0,False,10589.583333333334
494e562d313030373233,INV-100723,ACC-9373,Wayne Co,billing@wayne.com,EMEA,Gaming,paid,2027-01-26,0,5.0,968.76,False,968.76
494e562d313030343437,INV-100447,ACC-8929,Pied Piper Corp,billing@pied.com,,Gaming,paid,2023-06-29,0,5.0,8970.0,False,747.5
494e562d313033353639,INV-103569,ACC-4307,Wonka Industries,billing@wonka.com,APAC,Logistics,paid,2025-07-11,0,3.0,-19845.0,False,183.75
494e562d313033333034,INV-103304,ACC-8905,Initech Group,billing@initech.com,,Retail,paid,2024-03-24,0,4.0,990.0,False,990.0
494e562d313030363938,INV-100698,ACC-7159,Massive Dynamic LLC,billing@massive.com,,Travel,paid,2021-10-26,0,,-294525.0,False,1753.125
494e562d313030313233,INV-100123,ACC-7484,Aperture Inc,billing@aperture.com,EMEA,Fintech,refunded,2023-07-28,0,5.0,-4822.571,False,0.0
494e562d313034313635,INV-104165,ACC-9121,Initech Ltd,billing@initech.com,LATAM,Energy,refunded,2023-10-27,0,3.0,-50406.299999999996,False,0.0
494e562d313030353933,INV-100593,ACC-6518,Cyberdyne Partners,billing@cyberdyne.com,EMEA,Energy,paid,2025-02-15,0,,2691.0,False,2691.0
494e562d313030363731,INV-100671,ACC-6884,Hooli Ltd,billing@hooli.com,LATAM,,paid,2025-04-30,0,1.0,12250.0,False,1020.8333333333334
494e562d313033323733,INV-103273,ACC-5719,Acme Corp,billing@acme.com,LATAM,Energy,paid,2026-12-29,0,5.0,747500.0,False,62291.666666666664
494e562d313034353835,INV-104585,ACC-3886,Initech Ltd,billing@initech.com,APAC,Media,paid,2022-05-28,0,4.0,1470.0,False,122.5
494e562d313032363734,INV-102674,ACC-9380,Tyrell Co,billing@tyrell.com,APAC,Fintech,paid,2025-05-31,0,,149500.0,False,12458.333333333334
494e562d313032303937,INV-102097,ACC-9437,Nakatomi Labs,billing@nakatomi.com,LATAM,Energy,paid,2024-05-29,0,5.0,49500.0,False,4125.0
494e562d313032373435,INV-102745,ACC-8321,Umbrella Industries,billing@umbrella.com,LATAM,,paid,2026-10-24,1,5.0,990.0,False,990.0
494e562d313030353130,INV-100510,ACC-2046,Soylent Co,billing@soylent.com,LATAM,Education,paid,2023-02-15,0,2.0,1423.99,False,1423.99
494e562d313034343331,INV-104431,ACC-3976,Massive Dynamic LLC,billing@massive.com,,Gaming,paid,2023-03-27,0,5.0,52.92,False,52.92
494e562d313032393130,INV-102910,ACC-4829,Prestige Labs,billing@prestige.com,,Healthcare,paid,2025-04-04,0,1.0,-99225.0,False,918.75
494e562d313033333332,INV-103332,ACC-5786,Aperture Industries,,,Education,paid,2023-10-23,0,5.0,29900.0,False,2491.6666666666665
494e562d313032363334,INV-102634,ACC-3134,Prestige LLC,billing@prestige.com,APAC,Education,paid,2023-04-05,0,1.0,490.0,False,490.0
494e562d313031393730,INV-101970,ACC-9207,Massive Dynamic Partners,billing@massive.com,APAC,Energy,paid,2023-08-18,1,,149500.0,False,12458.333333333334
494e562d313030323836,INV-100286,ACC-2994,Nakatomi Holdings,billing@nakatomi.com,,Manufacturing,paid,2025-03-30,0,4.0,-1625184.0,False,7128.0
494e562d313033303434,INV-103044,ACC-5689,Nakatomi Ltd,billing@nakatomi.com,EMEA,Travel,paid,2024-07-08,0,3.0,314325.0,False,26193.75
494e562d313030303734,INV-100074,ACC-4618,Wayne Industries,billing@wayne.com,,Gaming,paid,2025-10-06,0,3.0,5143.8240000000005,False,4762.8
494e562d313034333833,INV-104383,ACC-5799,Stark Industries,billing@stark.com,,Travel,paid,2024-05-01,1,5.0,12250.0,False,1020.8333333333334
494e562d313034323034,INV-104204,ACC-3026,Stark Co,billing@stark.com,,Manufacturing,paid,2026-01-12,1,3.0,495.0,False,495.0
494e562d313034343839,INV-104489,ACC-2131,Nakatomi Corp,billing@nakatomi.com,EMEA,Gaming,paid,2025-07-01,0,4.0,10412.5,False,10412.5
494e562d313032313032,INV-102102,ACC-3420,Tyrell Inc,billing@tyrell.com,EMEA,,paid,2024-07-18,0,3.0,2541.5,False,2541.5
494e562d313034343935,INV-104495,ACC-3234,Pied Piper LLC,billing@pied.com,,Healthcare,paid,2023-08-27,1,5.0,441.0,False,441.0
494e562d313034333935,INV-104395,ACC-6920,Globex Holdings,billing@globex.com,APAC,Manufacturing,paid,2023-12-01,1,2.0,122500.0,False,10208.333333333334
494e562d313034353031,INV-104501,ACC-2370,Cyberdyne Partners,billing@cyberdyne.com,APAC,Healthcare,paid,2023-09-28,0,2.0,74750.0,False,74750.0
494e562d313034373836,INV-104786,ACC-9674,Oscorp LLC,billing@oscorp.com,LATAM,Gaming,paid,2022-08-14,0,3.0,-589050.0,False,3506.25
494e562d313034333235,INV-104325,ACC-3074,Initech Co,billing@initech.com,,Gaming,paid,2024-04-29,0,5.0,529.2,False,529.2
494e562d313031343031,INV-101401,ACC-3565,Massive Dynamic Corp,billing@massive.com,,Fintech,paid,2025-10-21,1,5.0,13230.0,False,13230.0
494e562d313033313732,INV-103172,ACC-8035,Gekko Inc,billing@gekko.com,EMEA,Gaming,paid,2025-05-30,0,5.0,5715.360000000001,False,441.0
494e562d313034313739,INV-104179,ACC-1214,Nakatomi Industries,billing@nakatomi.com,APAC,Retail,paid,2024-03-10,0,1.0,871884.0,False,67275.0
494e562d313034333938,INV-104398,ACC-5832,Tyrell Co,,,Travel,paid,2022-02-22,0,5.0,2450.0,False,204.16666666666666
494e562d313034353437,INV-104547,ACC-5111,Wayne Labs,billing@wayne.com,,Media,paid,2026-02-06,1,4.0,297.0,False,297.0
494e562d313032383930,INV-102890,ACC-8019,Acme Partners,billing@acme.com,APAC,Travel,paid,2022-04-13,1,5.0,299000.0,False,24916.666666666668
494e562d313030343538,INV-100458,ACC-6810,Vandelay Partners,billing@vandelay.com,APAC,Manufacturing,paid,2023-05-29,1,4.0,1495.0,False,1495.0
494e562d313030303636,INV-100066,ACC-2946,Stark Partners,,APAC,Energy,paid,2024-12-24,0,1.0,24500.0,False,2041.6666666666667
494e562d313034393138,INV-104918,ACC-5453,Gekko Co,billing@gekko.com,EMEA,Education,paid,2026-08-18,1,2.0,441.0,False,441.0
494e562d313033393737,INV-103977,ACC-9081,Soylent Industries,billing@soylent.com,,Education,paid,2023-11-17,0,,49500.0,False,4125.0
494e562d313030313536,INV-100156,ACC-9369,Hooli Partners,billing@hooli.com,EMEA,Energy,paid,2026-05-05,0,4.0,12250.0,False,1020.8333333333334
494e562d313030393331,INV-100931,ACC-1348,Acme Co,,,,paid,2024-08-11,1,4.0,4410.0,False,4410.0
494e562d313033353739,INV-103579,ACC-8943,Aperture Holdings,billing@aperture.com,LATAM,Gaming,paid,2024-11-09,1,1.0,742.5,False,742.5
494e562d313031363533,INV-101653,ACC-6572,Dunder Inc,billing@dunder.com,APAC,Education,paid,2025-05-13,0,5.0,12250.0,False,12250.0
494e562d313032383130,INV-102810,ACC-7172,Vandelay Ltd,billing@vandelay.com,,Healthcare,paid,2023-04-25,0,5.0,9900.0,False,825.0
494e562d313033373931,INV-103791,ACC-2966,Oscorp Labs,billing@oscorp.com,,Education,paid,2024-07-14,0,4.0,490.0,False,40.833333333333336
494e562d313030363331,INV-100631,ACC-8192,Vandelay Co,billing@vandelay.com,EMEA,Fintech,paid,2024-10-07,0,5.0,49500.0,False,4125.0
494e562d313031343931,INV-101491,ACC-3127,Cyberdyne Holdings,billing@cyberdyne.com,,Healthcare,paid,2022-11-30,0,3.0,-12726.0,False,75.75
494e562d313033323336,INV-103236,ACC-1107,Dunder Corp,billing@dunder.com,,Gaming,paid,2024-05-11,0,4.0,142884.0,False,11025.0
494e562d313034363834,INV-104684,ACC-4172,Vandelay Labs,billing@vandelay.com,APAC,Retail,paid,2023-03-18,0,1.0,-50406.299999999996,False,466.72499999999997
494e562d313033373239,INV-103729,ACC-5948,Hooli Industries,billing@hooli.com,LATAM,Education,paid,2023-11-01,0,4.0,2392.0,False,2392.0
494e562d313031383437,INV-101847,ACC-4639,Acme Labs,,LATAM,Healthcare,paid,2023-04-18,0,5.0,-1457750.0,False,8677.083333333334
494e562d313032393735,INV-102975,ACC-8366,Oscorp Holdings,billing@oscorp.com,,Manufacturing,paid,2025-11-08,1,5.0,529.2,False,529.2
494e562d313032373938,INV-102798,ACC-6376,Oscorp Co,billing@oscorp.com,EMEA,Travel,refunded,2024-11-25,0,4.0,-9900.0,False,0.0
494e562d313033353738,INV-103578,ACC-6130,Soylent Labs,billing@soylent.com,EMEA,Retail,paid,2024-07-28,0,5.0,24500.0,False,2041.6666666666667
494e562d313031343431,INV-101441,ACC-2140,Globex Group,billing@globex.com,,Energy,refunded,2025-11-01,0,1.0,-4900.0,False,0.0
494e562d313031343730,INV-101470,ACC-8394,Dunder Partners,billing@dunder.com,APAC,Energy,paid,2023-01-15,0,2.0,529.2,False,529.2
494e562d313034393238,INV-104928,ACC-2075,Globex Partners,billing@globex.com,APAC,,paid,2025-10-26,0,1.0,245.0,False,245.0
494e562d313032393930,INV-102990,ACC-7662,Tyrell Co,billing@tyrell.com,APAC,Energy,paid,2023-09-12,0,3.0,891.0,False,891.0
494e562d313032393832,INV-102982,ACC-3533,Dunder Inc,billing@dunder.com,,Energy,paid,2023-07-13,0,4.0,99000.0,False,8250.0
494e562d313033333533,INV-103353,ACC-8330,Oscorp Holdings,billing@oscorp.com,LATAM,Gaming,paid,2024-09-05,0,5.0,-11907.0,False,110.25
494e562d313034393332,INV-104932,ACC-1038,Globex LLC,billing@globex.com,LATAM,Fintech,paid,2022-10-08,0,5.0,-80190.0,False,742.5
494e562d313031343831,INV-101481,ACC-5676,Wayne Co,billing@wayne.com,EMEA,Travel,paid,2025-06-26,1,5.0,9900.0,False,9900.0
494e562d313030363238,INV-100628,ACC-8128,Acme Partners,billing@acme.com,EMEA,Travel,paid,2022-06-26,0,4.0,122500.0,False,10208.333333333334
494e562d313033343037,INV-103407,ACC-6221,Oscorp LLC,billing@oscorp.com,,Fintech,paid,2025-09-01,0,3.0,-29155.0,False,173.54166666666666
494e562d313030323735,INV-100275,ACC-2342,Nakatomi Labs,billing@nakatomi.com,LATAM,Energy,paid,2025-08-03,0,4.0,2450.0,False,204.16666666666666
494e562d313033383633,INV-103863,ACC-5783,Vandelay Corp,billing@vandelay.com,LATAM,Travel,paid,2024-01-05,0,4.0,57736.8,False,4455.0
494e562d313030313535,INV-100155,ACC-4992,Nakatomi Inc,billing@nakatomi.com,APAC,Healthcare,paid,2023-06-17,0,5.0,285.76800000000003,False,264.6
494e562d313033343737,INV-103477,ACC-6261,Gekko LLC,billing@gekko.com,LATAM,Travel,paid,2024-05-16,1,5.0,628.65,False,628.65
494e562d313034313835,INV-104185,ACC-2627,Aperture Partners,billing@aperture.com,EMEA,Manufacturing,paid,2027-03-03,1,3.0,-177912.0,False,1059.0
494e562d313034373731,INV-104771,ACC-2026,Umbrella LLC,,EMEA,Travel,paid,2025-11-25,0,5.0,10412.5,False,10412.5
494e562d313033303339,INV-103039,ACC-3440,Aperture Ltd,billing@aperture.com,LATAM,Logistics,paid,2022-04-07,0,3.0,9900.0,False,9900.0
494e562d313031373932,INV-101792,ACC-6586,Massive Dynamic Holdings,billing@massive.com,EMEA,Logistics,paid,2023-09-06,0,5.0,99.0,False,99.0
494e562d313031353639,INV-101569,ACC-9423,Gekko Inc,billing@gekko.com,LATAM,Manufacturing,paid,2025-01-13,0,4.0,990.0,False,990.0
494e562d313031313034,INV-101104,ACC-3448,Soylent Corp,billing@soylent.com,APAC,Travel,paid,2024-04-10,1,4.0,2990.0,False,2990.0
494e562d313033363336,INV-103636,ACC-2164,Massive Dynamic Group,billing@massive.com,,Media,paid,2026-08-02,0,5.0,-538200.0,False,1868.75
494e562d313033393038,INV-103908,ACC-2063,Dunder Corp,,LATAM,Retail,paid,2024-09-19,0,5.0,-117810.0,False,701.25
494e562d313032393938,INV-102998,ACC-2797,Nakatomi Co,billing@nakatomi.com,APAC,Healthcare,paid,2023-05-01,0,3.0,2990.0,False,2990.0
494e562d313030353535,INV-100555,ACC-3127,Acme LLC,billing@acme.com,,Healthcare,paid,2022-12-07,1,4.0,2990.0,False,2990.0
494e562d313033383935,INV-103895,ACC-1397,Dunder Industries,billing@dunder.com,,Fintech,paid,2025-08-27,0,3.0,-7448.0,False,32.666666666666664
494e562d313032373839,INV-102789,ACC-2350,Massive Dynamic Holdings,billing@massive.com,APAC,Healthcare,paid,2023-05-02,0,4.0,-4062960.0,False,17820.0
494e562d313031353534,INV-101554,ACC-9944,Acme Labs,billing@acme.com,EMEA,Media,paid,2025-04-03,0,3.0,9900.0,False,9900.0
494e562d313031343232,INV-101422,ACC-6999,Tyrell LLC,billing@tyrell.com,APAC,Logistics,paid,2023-06-28,1,,52920.0,False,4410.0
494e562d313031373735,INV-101775,ACC-8647,Hooli Corp,billing@hooli.com,LATAM,Gaming,paid,2021-06-01,0,,1102.5,False,1102.5
494e562d313031373333,INV-101733,ACC-4423,Aperture Co,billing@aperture.com,LATAM,Healthcare,paid,2023-11-07,0,3.0,-33604.08,False,116.68083333333334
494e562d313032393231,INV-102921,ACC-2438,Pied Piper Labs,billing@pied.com,,Fintech,paid,2026-03-15,1,3.0,-220500.0,False,765.625
494e562d313031383036,INV-101806,ACC-1102,Massive Dynamic Co,billing@massive.com,LATAM,Fintech,paid,2023-11-22,1,3.0,24750.0,False,2062.5
494e562d313032333631,INV-102361,ACC-7555,Globex Industries,billing@globex.com,APAC,Manufacturing,paid,2024-06-14,0,4.0,10412.5,False,10412.5
494e562d313030363338,INV-100638,ACC-8293,Soylent Ltd,billing@soylent.com,EMEA,Education,paid,2023-05-25,0,,4950.0,False,4950.0
494e562d313032383334,INV-102834,ACC-2634,Vandelay Labs,,APAC,Gaming,paid,2022-10-01,0,3.0,1121.25,False,1121.25
494e562d313032343134,INV-102414,ACC-3021,Dunder Industries,billing@dunder.com,LATAM,,paid,2023-02-04,0,,-17493.0,False,104.125
494e562d313031373139,INV-101719,ACC-8920,Pied Piper Labs,billing@pied.com,,Logistics,paid,2023-01-25,0,4.0,529.2,False,44.1
494e562d313034383237,INV-104827,ACC-2747,Soylent Ltd,billing@soylent.com,LATAM,Healthcare,paid,2022-11-23,1,5.0,-992250.0,False,9187.5
494e562d313032363139,INV-102619,ACC-5389,Prestige LLC,billing@prestige.com,APAC,Logistics,paid,2022-12-25,0,5.0,-39690.0,False,367.5
494e562d313031393731,INV-101971,ACC-6626,Tyrell Co,billing@tyrell.com,LATAM,Fintech,paid,2023-11-18,0,5.0,490.0,False,40.833333333333336
494e562d313032323835,INV-102285,ACC-4481,Stark Inc,billing@stark.com,APAC,Education,paid,2024-03-17,0,4.0,311.15,False,311.15
494e562d313030373836,INV-100786,ACC-7280,Gekko Corp,billing@gekko.com,,Energy,paid,2024-05-01,0,5.0,2646.0,False,220.5
494e562d313033373738,INV-103778,ACC-2525,Wayne LLC,billing@wayne.com,EMEA,Gaming,paid,2024-06-09,1,4.0,2242.5,False,2242.5
494e562d313034313234,INV-104124,ACC-7397,Acme Corp,billing@acme.com,EMEA,Gaming,paid,2022-05-25,0,,4900.0,False,408.3333333333333
494e562d313030313832,INV-100182,ACC-4714,Nakatomi LLC,,LATAM,Energy,paid,2024-03-29,0,3.0,990.0,False,82.5
494e562d313032353432,INV-102542,ACC-2087,Soylent Industries,billing@soylent.com,LATAM,Healthcare,paid,2023-05-05,0,5.0,-74480.0,False,326.6666666666667
494e562d313030303336,INV-100036,ACC-4115,Tyrell Group,billing@tyrell.com,EMEA,Gaming,paid,2021-12-28,0,4.0,495.0,False,495.0
494e562d313032323437,INV-102247,ACC-5924,Globex Partners,billing@globex.com,APAC,Healthcare,refunded,2025-11-26,0,5.0,-245.0,False,0.0
494e562d313033323637,INV-103267,ACC-1601,Wonka Inc,billing@wonka.com,,Energy,refunded,2022-04-19,1,4.0,-4950.0,False,0.0
494e562d313030363037,INV-100607,ACC-1420,Tyrell Industries,billing@tyrell.com,,Gaming,paid,2025-11-25,0,,949325.0,False,79110.41666666667
494e562d313031373737,INV-101777,ACC-6095,Tyrell Industries,billing@tyrell.com,,Retail,paid,2023-07-07,0,1.0,490.0,False,490.0
494e562d313034363033,INV-104603,ACC-6573,Hooli Co,billing@hooli.com,EMEA,Retail,paid,2024-03-20,0,5.0,4900.0,False,4900.0
494e562d313030303337,INV-100037,ACC-8673,Cyberdyne LLC,billing@cyberdyne.com,APAC,Healthcare,paid,2024-08-01,0,4.0,29900.0,False,2491.6666666666665
494e562d313031393830,INV-101980,ACC-4949,Initech Ltd,billing@initech.com,LATAM,Logistics,paid,2025-10-24,0,5.0,490.0,False,490.0
494e562d313032323332,INV-102232,ACC-5709,Oscorp Labs,billing@oscorp.com,LATAM,Education,paid,2024-09-20,0,,-12723.480000000001,False,75.735
494e562d313033303638,INV-103068,ACC-4963,Wayne Labs,billing@wayne.com,APAC,Travel,paid,2023-12-26,0,4.0,747500.0,False,62291.666666666664
494e562d313031303933,INV-101093,ACC-7628,Wayne Co,billing@wayne.com,EMEA,,paid,2023-09-19,0,,-42865.200000000004,False,396.90000000000003
494e562d313030393733,INV-100973,ACC-3755,Wayne Holdings,billing@wayne.com,,Gaming,paid,2025-03-26,0,4.0,490.0,False,490.0
494e562d313032393937,INV-102997,ACC-1064,Cyberdyne Co,,,Education,paid,2025-09-24,0,5.0,392.0,False,392.0
494e562d313032363938,INV-102698,ACC-2101,Stark Group,billing@stark.com,,Retail,paid,2023-08-24,0,4.0,99.0,False,99.0
494e562d313033363133,INV-103613,ACC-8013,Vandelay Labs,billing@vandelay.com,APAC,Media,paid,2024-08-11,0,4.0,2450.0,False,2450.0
494e562d313031343038,INV-101408,ACC-3962,Tyrell Group,billing@tyrell.com,LATAM,Manufacturing,paid,2025-09-30,0,,11547.36,False,10692.0
494e562d313033363536,INV-103656,ACC-6258,Wonka Group,billing@wonka.com,LATAM,Energy,paid,2025-01-14,0,,490.0,False,40.833333333333336
494e562d313031373834,INV-101784,ACC-9230,Tyrell Partners,billing@tyrell.com,EMEA,Energy,paid,2026-03-06,1,1.0,2450.0,False,2450.0
494e562d313032383239,INV-102829,ACC-5332,Hooli Co,billing@hooli.com,EMEA,Retail,paid,2026-05-01,1,,1323.0,False,1323.0
494e562d313030343939,INV-100499,ACC-1376,Dunder LLC,billing@dunder.com,EMEA,Travel,paid,2021-06-13,0,4.0,2691.0,False,2691.0
494e562d313033313630,INV-103160,ACC-8978,Acme LLC,billing@acme.com,,Education,paid,2025-08-25,0,3.0,45.7272,False,42.34
494e562d313034363632,INV-104662,ACC-3481,Oscorp Ltd,billing@oscorp.com,LATAM,Gaming,paid,2026-01-18,0,5.0,622.3,False,622.3
494e562d313034313536,INV-104156,ACC-8945,Prestige Corp,billing@prestige.com,,Travel,refunded,2025-01-05,0,5.0,-264.6,False,0.0
494e562d313032323532,INV-102252,ACC-6666,Acme Holdings,billing@acme.com,EMEA,Media,paid,2026-03-08,0,5.0,9800.0,False,9800.0
494e562d313034343938,INV-104498,ACC-3177,Soylent Ltd,billing@soylent.com,LATAM,Energy,paid,2025-08-14,0,,29900.0,False,2491.6666666666665
494e562d313031393631,INV-101961,ACC-6204,Hooli Labs,billing@hooli.com,EMEA,Retail,paid,2022-06-22,0,2.0,24500.0,False,2041.6666666666667
494e562d313034363137,INV-104617,ACC-8097,Umbrella Industries,billing@umbrella.com,,Media,paid,2025-10-18,0,4.0,62.23,False,62.23
494e562d313030333932,INV-100392,ACC-1928,Aperture Partners,billing@aperture.com,,Manufacturing,paid,2021-09-21,0,4.0,99000.0,False,8250.0
494e562d313034313836,INV-104186,ACC-7442,Umbrella Inc,billing@umbrella.com,EMEA,Healthcare,paid,2025-09-01,0,3.0,9900.0,False,825.0
494e562d313033383238,INV-103828,ACC-8314,Soylent Group,billing@soylent.com,EMEA,Healthcare,paid,2022-07-23,0,4.0,267300.0,False,22275.0
494e562d313030353730,INV-100570,ACC-4544,Acme Co,,,,paid,2025-02-10,0,3.0,377.19,False,377.19
494e562d313031373839,INV-101789,ACC-8042,Nakatomi Corp,billing@nakatomi.com,LATAM,Manufacturing,paid,2023-12-13,0,,52920.0,False,4410.0
494e562d313032303933,INV-102093,ACC-7564,Prestige Inc,billing@prestige.com,LATAM,Media,paid,2025-08-20,1,5.0,49000.0,False,4083.3333333333335
494e562d313034323032,INV-104202,ACC-5438,Hooli Labs,billing@hooli.com,APAC,Education,paid,2024-01-26,0,2.0,99.0,False,99.0
494e562d313031323336,INV-101236,ACC-6566,Nakatomi Industries,billing@nakatomi.com,,Fintech,paid,2024-04-14,1,3.0,4950.0,False,412.5
494e562d313032323637,INV-102267,ACC-1255,Umbrella Ltd,billing@umbrella.com,LATAM,Healthcare,paid,2025-02-27,0,1.0,115.4736,False,106.92
494e562d313032373630,INV-102760,ACC-7214,Cyberdyne Ltd,billing@cyberdyne.com,LATAM,Travel,paid,2026-05-06,0,4.0,5292.0,False,5292.0
494e562d313033313036,INV-103106,ACC-3190,Soylent Inc,billing@soylent.com,LATAM,Logistics,paid,2022-07-21,0,3.0,24750.0,False,2062.5
494e562d313034333737,INV-104377,ACC-8714,Vandelay Corp,billing@vandelay.com,APAC,Gaming,paid,2021-12-13,0,3.0,39.2,False,39.2
494e562d313031383134,INV-101814,ACC-9242,Cyberdyne Labs,billing@cyberdyne.com,,Education,paid,2024-03-11,0,,2450.0,False,204.16666666666666
494e562d313033353733,INV-103573,ACC-8074,Wayne Co,billing@wayne.com,EMEA,,paid,2024-12-11,0,3.0,841.5,False,841.5
494e562d313033373737,INV-103777,ACC-3142,Prestige LLC,billing@prestige.com,APAC,,paid,2024-07-16,1,4.0,747500.0,False,62291.666666666664
494e562d313031363031,INV-101601,ACC-2716,Initech Group,billing@initech.com,,Media,paid,2021-12-21,1,5.0,12250.0,False,1020.8333333333334
494e562d313031393035,INV-101905,ACC-9655,Prestige Industries,billing@prestige.com,LATAM,Retail,paid,2024-05-22,0,5.0,990.0,False,990.0
494e562d313033393539,INV-103959,ACC-6902,Pied Piper Labs,billing@pied.com,EMEA,Media,paid,2024-03-12,1,4.0,12250.0,False,12250.0
494e562d313031373936,INV-101796,ACC-4714,Stark Inc,billing@stark.com,,Travel,paid,2024-09-14,0,2.0,-58905.0,False,350.625
494e562d313033393235,INV-103925,ACC-4070,Dunder Industries,billing@dunder.com,LATAM,Gaming,paid,2023-10-19,0,5.0,9900.0,False,825.0
494e562d313034373037,INV-104707,ACC-1182,Nakatomi Corp,billing@nakatomi.com,EMEA,Healthcare,paid,2021-11-01,0,4.0,-62974.799999999996,False,374.84999999999997
494e562d313031373831,INV-101781,ACC-1230,Nakatomi Labs,billing@nakatomi.com,EMEA,Education,paid,2023-04-28,0,2.0,490.0,False,490.0
494e562d313030383539,INV-100859,ACC-5901,Aperture Co,billing@aperture.com,EMEA,Travel,paid,2026-08-28,0,3.0,74750.0,False,6229.166666666667
494e562d313034323735,INV-104275,ACC-7020,Acme Inc,billing@acme.com,APAC,Education,paid,2024-02-26,0,5.0,52.92,False,52.92
494e562d313033313039,INV-103109,ACC-9886,Soylent Holdings,billing@soylent.com,EMEA,Fintech,paid,2022-11-26,0,3.0,198.0,False,198.0
494e562d313034313732,INV-104172,ACC-4759,Hooli Holdings,billing@hooli.com,APAC,Education,paid,2023-11-05,0,1.0,4950.0,False,4950.0
494e562d313031333634,INV-101364,ACC-9088,Cyberdyne Holdings,billing@cyberdyne.com,EMEA,Education,paid,2023-09-28,0,1.0,747500.0,False,62291.666666666664
494e562d313032383338,INV-102838,ACC-3834,Soylent Co,billing@soylent.com,LATAM,Fintech,paid,2022-09-20,0,5.0,-24219.0,False,224.25
494e562d313034343239,INV-104429,ACC-4076,Cyberdyne Group,billing@cyberdyne.com,LATAM,Energy,paid,2024-08-29,0,3.0,1225.0,False,1225.0
494e562d313031333031,INV-101301,ACC-2886,Massive Dynamic Industries,billing@massive.com,,,paid,2023-06-17,0,5.0,529.0,False,529.0
494e562d313032313131,INV-102111,ACC-5835,Oscorp Industries,billing@oscorp.com,,Logistics,paid,2023-08-14,0,4.0,-8895250.0,False,52947.916666666664
494e562d313032383836,INV-102886,ACC-4866,Acme Ltd,billing@acme.com,,Energy,paid,2023-08-07,1,,67275.0,False,67275.0
494e562d313033363038,INV-103608,ACC-5270,Cyberdyne Inc,billing@cyberdyne.com,EMEA,Retail,paid,2023-12-20,0,4.0,348753.60000000003,False,26910.0
494e562d313031353932,INV-101592,ACC-6339,Massive Dynamic Labs,billing@massive.com,APAC,Gaming,paid,2024-11-08,0,4.0,74750.0,False,74750.0
494e562d313031353233,INV-101523,ACC-6621,Pied Piper Corp,billing@pied.com,,Retail,paid,2022-09-10,0,3.0,99.0,False,99.0
494e562d313033383539,INV-103859,ACC-3384,Aperture Corp,billing@aperture.com,APAC,Gaming,refunded,2026-03-09,0,,-495.0,False,0.0
494e562d313032333133,INV-102313,ACC-7912,Soylent Ltd,billing@soylent.com,EMEA,Energy,paid,2023-08-10,0,5.0,147.0,False,147.0
494e562d313030373430,INV-100740,ACC-1157,Pied Piper Group,billing@pied.com,LATAM,,paid,2023-11-11,0,3.0,2450.0,False,2450.0
494e562d313030373035,INV-100705,ACC-9200,Massive Dynamic Industries,billing@massive.com,,Energy,paid,2025-06-14,1,3.0,3675.0,False,3675.0
494e562d313030373437,INV-100747,ACC-1699,Dunder LLC,billing@dunder.com,EMEA,Logistics,paid,2025-05-15,0,,-43436.736000000004,False,176.4
494e562d313031373236,INV-101726,ACC-7276,Massive Dynamic Industries,billing@massive.com,LATAM,Education,paid,2027-02-07,1,1.0,990.0,False,990.0
494e562d313034373930,INV-104790,ACC-1094,Cyberdyne Holdings,billing@cyberdyne.com,LATAM,Energy,paid,2021-12-10,0,4.0,12250.0,False,12250.0
494e562d313032383731,INV-102871,ACC-8765,Pied Piper Corp,billing@pied.com,APAC,,paid,2024-06-24,1,3.0,490.0,False,40.833333333333336
494e562d313031373636,INV-101766,ACC-7063,Umbrella LLC,billing@umbrella.com,EMEA,Media,paid,2025-01-06,1,4.0,311.15,False,311.15
494e562d313031373539,INV-101759,ACC-1121,Oscorp Industries,billing@oscorp.com,LATAM,Media,paid,2024-11-16,1,1.0,990.0,False,990.0
494e562d313030363235,INV-100625,ACC-6233,Umbrella Industries,billing@umbrella.com,APAC,,paid,2025-12-15,0,5.0,49.0,False,49.0
494e562d313034323634,INV-104264,ACC-6342,Dunder Co,billing@dunder.com,LATAM,Travel,paid,2023-08-25,0,5.0,57153.600000000006,False,4410.0
494e562d313032313030,INV-102100,ACC-9826,Cyberdyne Industries,billing@cyberdyne.com,EMEA,Retail,paid,2025-05-23,0,4.0,490.0,False,490.0
494e562d313032343933,INV-102493,ACC-3097,Tyrell LLC,billing@tyrell.com,APAC,Gaming,paid,2026-05-14,0,5.0,2646.0,False,220.5
494e562d313031393233,INV-101923,ACC-1667,Hooli Labs,billing@hooli.com,APAC,Logistics,paid,2026-12-23,0,5.0,10412.5,False,10412.5
494e562d313033333033,INV-103303,ACC-7947,Wonka LLC,billing@wonka.com,APAC,,paid,2026-04-18,1,,132300.0,False,11025.0
494e562d313034303630,INV-104060,ACC-7841,Oscorp Industries,,EMEA,Gaming,paid,2026-01-17,0,1.0,74750.0,False,6229.166666666667
494e562d313030323538,INV-100258,ACC-8669,Pied Piper Industries,billing@pied.com,APAC,Gaming,paid,2024-09-02,0,4.0,122500.0,False,10208.333333333334
494e562d313030343035,INV-100405,ACC-2654,Prestige Co,billing@prestige.com,APAC,Logistics,paid,2024-05-11,1,5.0,3161.2839999999997,False,2489.2
494e562d313030373530,INV-100750,ACC-5351,Wayne Labs,billing@wayne.com,,Media,paid,2022-03-23,0,5.0,147.0,False,147.0
494e562d313032363332,INV-102632,ACC-8880,Oscorp Corp,billing@oscorp.com,EMEA,Education,paid,2021-12-19,0,1.0,2370.963,False,155.57500000000002
494e562d313031343634,INV-101464,ACC-6613,Soylent Group,,LATAM,Media,paid,2023-04-26,0,4.0,-186200.0,False,816.6666666666666
494e562d313034343030,INV-104400,ACC-1817,Gekko Corp,billing@gekko.com,LATAM,Travel,paid,2023-05-31,0,3.0,8970.0,False,747.5
494e562d313033383634,INV-103864,ACC-8340,Soylent Holdings,billing@soylent.com,APAC,Retail,paid,2021-09-01,0,2.0,12573.0,False,1047.75
494e562d313031353238,INV-101528,ACC-2298,Stark Partners,billing@stark.com,EMEA,Travel,paid,2025-09-23,0,,-1210950.0,False,11212.5
494e562d313034383135,INV-104815,ACC-3533,Stark Ltd,billing@stark.com,EMEA,Gaming,paid,2022-12-14,0,,-11907.0,False,110.25
494e562d313030303136,INV-100016,ACC-2530,Oscorp Industries,billing@oscorp.com,LATAM,Education,paid,2022-09-08,0,5.0,2990.0,False,2990.0
494e562d313033353135,INV-103515,ACC-6302,Acme Holdings,billing@acme.com,LATAM,Travel,paid,2023-02-08,0,5.0,9900.0,False,825.0
494e562d313031373833,INV-101783,ACC-7678,Hooli Corp,billing@hooli.com,EMEA,Fintech,paid,2023-06-02,0,3.0,-6054750.0,False,56062.5
494e562d313032313631,INV-102161,ACC-9928,Acme Inc,billing@acme.com,LATAM,Manufacturing,paid,2025-10-29,0,5.0,49.0,False,49.0
494e562d313032333738,INV-102378,ACC-2448,Tyrell Co,billing@tyrell.com,EMEA,Gaming,paid,2025-03-11,1,5.0,990.0,False,82.5
494e562d313030353438,INV-100548,ACC-2433,Tyrell Partners,billing@tyrell.com,APAC,Travel,paid,2024-04-16,1,4.0,1975.8025,False,1555.75
494e562d313034373336,INV-104736,ACC-4036,Prestige Industries,billing@prestige.com,APAC,Travel,paid,2024-08-26,0,5.0,490.0,False,490.0
494e562d313033323835,INV-103285,ACC-3592,Vandelay Ltd,billing@vandelay.com,EMEA,Retail,paid,2024-01-15,1,5.0,9900.0,False,825.0
494e562d313031303438,INV-101048,ACC-3749,Soylent Holdings,billing@soylent.com,,Healthcare,paid,2025-01-03,1,2.0,245.0,False,245.0
494e562d313031313835,INV-101185,ACC-6962,Hooli LLC,billing@hooli.com,APAC,Gaming,paid,2023-02-03,1,4.0,1614.6,False,1614.6
494e562d313030383038,INV-100808,ACC-8021,Globex Holdings,billing@globex.com,,Fintech,paid,2025-07-05,0,3.0,-889525.0,False,5294.791666666667
494e562d313032323336,INV-102236,ACC-4594,Stark Labs,billing@stark.com,,Gaming,paid,2024-01-07,1,3.0,24500.0,False,2041.6666666666667
494e562d313032333632,INV-102362,ACC-1286,Massive Dynamic Corp,billing@massive.com,APAC,Media,paid,2023-10-23,0,5.0,31432.5,False,2619.375
494e562d313030333536,INV-100356,ACC-5762,Soylent LLC,billing@soylent.com,,Education,paid,2025-06-05,0,5.0,2450.0,False,2450.0
494e562d313034333631,INV-104361,ACC-5006,Wayne Holdings,billing@wayne.com,APAC,Media,paid,2026-01-29,0,,74750.0,False,6229.166666666667
494e562d313032343836,INV-102486,ACC-7786,Gekko Co,billing@gekko.com,EMEA,Energy,refunded,2026-02-01,0,2.0,-4900.0,False,0.0
494e562d313030313730,INV-100170,ACC-3900,Soylent Ltd,,EMEA,Logistics,paid,2024-03-17,0,4.0,49500.0,False,4125.0
494e562d313033363137,INV-103617,ACC-7916,Wonka LLC,,,Energy,paid,2024-03-20,0,5.0,490.0,False,40.833333333333336
494e562d313032343738,INV-102478,ACC-6504,Pied Piper LLC,billing@pied.com,EMEA,Energy,paid,2022-12-17,0,5.0,29900.0,False,29900.0
494e562d313030353935,INV-100595,ACC-5584,Tyrell Group,billing@tyrell.com,,Energy,paid,2025-05-26,0,3.0,-744800.0,False,3266.6666666666665
494e562d313032313332,INV-102132,ACC-1053,Vandelay Corp,billing@vandelay.com,LATAM,Retail,paid,2022-11-28,0,5.0,147.0,False,147.0
494e562d313031393534,INV-101954,ACC-2536,Umbrella Inc,billing@umbrella.com,,Gaming,paid,2024-04-24,0,1.0,183.75,False,183.75
494e562d313034313230,INV-104120,ACC-6012,Massive Dynamic Inc,billing@massive.com,APAC,Energy,refunded,2023-12-08,0,5.0,-7983.8550000000005,False,0.0
494e562d313032323230,INV-102220,ACC-4870,Massive Dynamic Labs,billing@massive.com,LATAM,Travel,paid,2026-11-18,0,4.0,9900.0,False,9900.0
494e562d313031383835,INV-101885,ACC-6942,Wayne Ltd,billing@wayne.com,EMEA,Education,paid,2023-08-07,1,,245.0,False,245.0
494e562d313030333635,INV-100365,ACC-2754,Oscorp LLC,billing@oscorp.com,EMEA,Education,paid,2025-12-25,1,2.0,245.0,False,245.0
494e562d313033323033,INV-103203,ACC-4529,Stark LLC,billing@stark.com,LATAM,,paid,2023-01-29,0,5.0,9900.0,False,825.0
494e562d313030353938,INV-100598,ACC-1866,Stark Holdings,billing@stark.com,,Energy,paid,2025-09-03,0,3.0,392.0,False,392.0
494e562d313030363239,INV-100629,ACC-2049,Tyrell Partners,,,,paid,2025-06-13,0,5.0,9900.0,False,9900.0
494e562d313034313738,INV-104178,ACC-8475,Globex Inc,billing@globex.com,APAC,Energy,paid,2025-03-07,0,5.0,-200475.0,False,1856.25
